account,uid,adventure_rank,world_level,banner_type,banner_code,pull_number,datetime,item_id,item_name,item_category,rarity,pity,rate_raw,win_50_50,manual_input,date,year_month,is_5star,is_4star,is_3star
account2,885766583,50,5,Character Event,400,1,2023-10-20 17:19:32,emerald_orb,Emerald Orb,weapon,3,1,,,,2023-10-20,2023-10,False,False,True
account2,885766583,50,5,Character Event,400,2,2023-10-20 17:19:43,black_tassel,Black Tassel,weapon,3,1,,,,2023-10-20,2023-10,False,False,True
account2,885766583,50,5,Character Event,400,3,2023-10-20 17:19:43,cool_steel,Cool Steel,weapon,3,1,,,,2023-10-20,2023-10,False,False,True
account2,885766583,50,5,Character Event,400,4,2023-10-20 17:19:43,dori,Dori,character,4,4,1.0,Win,,2023-10-20,2023-10,False,True,False
account2,885766583,50,5,Character Event,400,5,2023-10-20 17:19:43,thrilling_tales_of_dragon_slayers,Thrilling Tales of Dragon Slayers,weapon,3,1,,,,2023-10-20,2023-10,False,False,True
account2,885766583,50,5,Character Event,400,6,2023-10-20 17:19:43,sharpshooters_oath,Sharpshooter's Oath,weapon,3,1,,,,2023-10-20,2023-10,False,False,True
account2,885766583,50,5,Character Event,400,7,2023-10-20 17:19:43,emerald_orb,Emerald Orb,weapon,3,1,,,,2023-10-20,2023-10,False,False,True
account2,885766583,50,5,Character Event,400,8,2023-10-20 17:19:43,black_tassel,Black Tassel,weapon,3,1,,,,2023-10-20,2023-10,False,False,True
account2,885766583,50,5,Character Event,400,9,2023-10-20 17:19:43,cool_steel,Cool Steel,weapon,3,1,,,,2023-10-20,2023-10,False,False,True
account2,885766583,50,5,Character Event,400,10,2023-10-20 17:19:43,thrilling_tales_of_dragon_slayers,Thrilling Tales of Dragon Slayers,weapon,3,1,,,,2023-10-20,2023-10,False,False,True
account2,885766583,50,5,Character Event,400,11,2023-10-20 17:19:43,sharpshooters_oath,Sharpshooter's Oath,weapon,3,1,,,,2023-10-20,2023-10,False,False,True
account2,885766583,50,5,Character Event,400,12,2023-10-20 17:19:59,slingshot,Slingshot,weapon,3,1,,,,2023-10-20,2023-10,False,False,True
account2,885766583,50,5,Character Event,400,13,2023-10-20 17:20:08,sacrificial_bow,Sacrificial Bow,weapon,4,9,0.0,Lose,,2023-10-20,2023-10,False,True,False
account2,885766583,50,5,Character Event,400,14,2023-10-20 17:20:16,bloodtainted_greatsword,Bloodtainted Greatsword,weapon,3,1,,,,2023-10-20,2023-10,False,False,True
account2,885766583,50,5,Character Event,400,15,2023-10-20 17:20:36,thoma,Thoma,character,4,2,2.0,Guaranteed,,2023-10-20,2023-10,False,True,False
account2,885766583,50,5,Character Event,400,16,2023-10-20 17:20:46,slingshot,Slingshot,weapon,3,1,,,,2023-10-20,2023-10,False,False,True
account2,885766583,50,5,Character Event,400,17,2023-10-20 17:42:22,cool_steel,Cool Steel,weapon,3,1,,,,2023-10-20,2023-10,False,False,True
account2,885766583,50,5,Character Event,400,18,2023-10-20 21:25:26,ferrous_shadow,Ferrous Shadow,weapon,3,1,,,,2023-10-20,2023-10,False,False,True
account2,885766583,50,5,Character Event,400,19,2023-10-20 21:25:38,ferrous_shadow,Ferrous Shadow,weapon,3,1,,,,2023-10-20,2023-10,False,False,True
account2,885766583,50,5,Character Event,400,20,2023-10-20 23:57:28,ferrous_shadow,Ferrous Shadow,weapon,3,1,,,,2023-10-20,2023-10,False,False,True
account2,885766583,50,5,Character Event,400,21,2023-10-20 23:57:38,emerald_orb,Emerald Orb,weapon,3,1,,,,2023-10-20,2023-10,False,False,True
account2,885766583,50,5,Character Event,400,22,2023-10-20 23:57:45,sharpshooters_oath,Sharpshooter's Oath,weapon,3,1,,,,2023-10-20,2023-10,False,False,True
account2,885766583,50,5,Character Event,400,23,2023-10-20 23:57:52,debate_club,Debate Club,weapon,3,1,,,,2023-10-20,2023-10,False,False,True
account2,885766583,50,5,Character Event,400,24,2023-10-20 23:58:00,favonius_codex,Favonius Codex,weapon,4,9,0.0,Lose,,2023-10-20,2023-10,False,True,False
account2,885766583,50,5,Character Event,400,25,2023-10-20 23:58:09,jean,Jean,character,5,25,0.0,Lose,,2023-10-20,2023-10,True,False,False
account2,885766583,50,5,Character Event,400,26,2023-10-20 23:59:09,cool_steel,Cool Steel,weapon,3,1,,,,2023-10-20,2023-10,False,False,True
account2,885766583,50,5,Character Event,400,27,2023-10-20 23:59:17,bloodtainted_greatsword,Bloodtainted Greatsword,weapon,3,1,,,,2023-10-20,2023-10,False,False,True
account2,885766583,50,5,Character Event,400,28,2023-10-22 00:09:11,skyrider_sword,Skyrider Sword,weapon,3,1,,,,2023-10-22,2023-10,False,False,True
account2,885766583,50,5,Character Event,400,29,2023-10-22 00:09:21,thrilling_tales_of_dragon_slayers,Thrilling Tales of Dragon Slayers,weapon,3,1,,,,2023-10-22,2023-10,False,False,True
account2,885766583,50,5,Character Event,400,30,2023-10-22 00:09:30,ferrous_shadow,Ferrous Shadow,weapon,3,1,,,,2023-10-22,2023-10,False,False,True
account2,885766583,50,5,Character Event,400,31,2023-10-22 00:09:52,thrilling_tales_of_dragon_slayers,Thrilling Tales of Dragon Slayers,weapon,3,1,,,,2023-10-22,2023-10,False,False,True
account2,885766583,50,5,Character Event,400,32,2023-10-22 18:06:18,thrilling_tales_of_dragon_slayers,Thrilling Tales of Dragon Slayers,weapon,3,1,,,,2023-10-22,2023-10,False,False,True
account2,885766583,50,5,Character Event,400,33,2023-10-22 18:06:27,bloodtainted_greatsword,Bloodtainted Greatsword,weapon,3,1,,,,2023-10-22,2023-10,False,False,True
account2,885766583,50,5,Character Event,400,34,2023-10-22 18:06:36,thoma,Thoma,character,4,10,2.0,Guaranteed,,2023-10-22,2023-10,False,True,False
account2,885766583,50,5,Character Event,400,35,2023-10-22 18:06:51,bloodtainted_greatsword,Bloodtainted Greatsword,weapon,3,1,,,,2023-10-22,2023-10,False,False,True
account2,885766583,50,5,Character Event,400,36,2023-10-24 20:03:58,black_tassel,Black Tassel,weapon,3,1,,,,2023-10-24,2023-10,False,False,True
account2,885766583,50,5,Character Event,400,37,2023-10-25 23:53:41,thrilling_tales_of_dragon_slayers,Thrilling Tales of Dragon Slayers,weapon,3,1,,,,2023-10-25,2023-10,False,False,True
account2,885766583,50,5,Character Event,301,38,2024-01-17 23:25:47,magic_guide,Magic Guide,weapon,3,1,,,,2024-01-17,2024-01,False,False,True
account2,885766583,50,5,Character Event,301,39,2024-01-17 23:25:56,cool_steel,Cool Steel,weapon,3,1,,,,2024-01-17,2024-01,False,False,True
account2,885766583,50,5,Character Event,301,40,2024-01-17 23:26:11,thrilling_tales_of_dragon_slayers,Thrilling Tales of Dragon Slayers,weapon,3,1,,,,2024-01-17,2024-01,False,False,True
account2,885766583,50,5,Character Event,301,41,2024-01-17 23:26:16,black_tassel,Black Tassel,weapon,3,1,,,,2024-01-17,2024-01,False,False,True
account2,885766583,50,5,Character Event,301,42,2024-01-17 23:26:22,debate_club,Debate Club,weapon,3,1,,,,2024-01-17,2024-01,False,False,True
account2,885766583,50,5,Character Event,301,43,2024-01-17 23:26:28,favonius_warbow,Favonius Warbow,weapon,4,9,0.0,Lose,,2024-01-17,2024-01,False,True,False
account2,885766583,50,5,Character Event,301,44,2024-01-17 23:26:34,harbinger_of_dawn,Harbinger of Dawn,weapon,3,1,,,,2024-01-17,2024-01,False,False,True
account2,885766583,50,5,Character Event,301,45,2024-01-18 00:01:35,bloodtainted_greatsword,Bloodtainted Greatsword,weapon,3,1,,,,2024-01-18,2024-01,False,False,True
account2,885766583,50,5,Character Event,301,46,2024-01-18 00:01:44,bloodtainted_greatsword,Bloodtainted Greatsword,weapon,3,1,,,,2024-01-18,2024-01,False,False,True
account2,885766583,50,5,Character Event,301,47,2024-01-18 00:01:50,thrilling_tales_of_dragon_slayers,Thrilling Tales of Dragon Slayers,weapon,3,1,,,,2024-01-18,2024-01,False,False,True
account2,885766583,50,5,Character Event,301,48,2024-01-18 00:01:57,ferrous_shadow,Ferrous Shadow,weapon,3,1,,,,2024-01-18,2024-01,False,False,True
account2,885766583,50,5,Character Event,301,49,2024-01-18 00:02:31,black_tassel,Black Tassel,weapon,3,1,,,,2024-01-18,2024-01,False,False,True
account2,885766583,50,5,Character Event,301,50,2024-01-18 00:02:36,emerald_orb,Emerald Orb,weapon,3,1,,,,2024-01-18,2024-01,False,False,True
account2,885766583,50,5,Character Event,301,51,2024-01-18 00:02:42,bloodtainted_greatsword,Bloodtainted Greatsword,weapon,3,1,,,,2024-01-18,2024-01,False,False,True
account2,885766583,50,5,Character Event,301,52,2024-01-18 00:02:47,raven_bow,Raven Bow,weapon,3,1,,,,2024-01-18,2024-01,False,False,True
account2,885766583,50,5,Character Event,301,53,2024-01-18 00:02:54,chevreuse,Chevreuse,character,4,10,2.0,Guaranteed,,2024-01-18,2024-01,False,True,False
account2,885766583,50,5,Character Event,301,54,2024-01-18 00:03:12,black_tassel,Black Tassel,weapon,3,1,,,,2024-01-18,2024-01,False,False,True
account2,885766583,50,5,Character Event,301,55,2024-01-18 00:36:33,raven_bow,Raven Bow,weapon,3,1,,,,2024-01-18,2024-01,False,False,True
account2,885766583,50,5,Character Event,301,56,2024-01-18 02:11:06,bloodtainted_greatsword,Bloodtainted Greatsword,weapon,3,1,,,,2024-01-18,2024-01,False,False,True
account2,885766583,50,5,Character Event,301,57,2024-01-18 02:11:28,slingshot,Slingshot,weapon,3,1,,,,2024-01-18,2024-01,False,False,True
account2,885766583,50,5,Character Event,301,58,2024-01-18 03:15:10,sharpshooters_oath,Sharpshooter's Oath,weapon,3,1,,,,2024-01-18,2024-01,False,False,True
account2,885766583,50,5,Character Event,301,59,2024-01-18 04:17:29,debate_club,Debate Club,weapon,3,1,,,,2024-01-18,2024-01,False,False,True
account2,885766583,50,5,Character Event,301,60,2024-01-18 04:17:37,harbinger_of_dawn,Harbinger of Dawn,weapon,3,1,,,,2024-01-18,2024-01,False,False,True
account2,885766583,50,5,Character Event,301,61,2024-01-18 10:59:20,thrilling_tales_of_dragon_slayers,Thrilling Tales of Dragon Slayers,weapon,3,1,,,,2024-01-18,2024-01,False,False,True
account2,885766583,50,5,Character Event,301,62,2024-01-18 10:59:54,chevreuse,Chevreuse,character,4,9,1.0,Win,,2024-01-18,2024-01,False,True,False
account2,885766583,50,5,Character Event,301,63,2024-01-18 11:08:07,thrilling_tales_of_dragon_slayers,Thrilling Tales of Dragon Slayers,weapon,3,1,,,,2024-01-18,2024-01,False,False,True
account2,885766583,50,5,Character Event,301,64,2024-01-18 11:08:14,slingshot,Slingshot,weapon,3,1,,,,2024-01-18,2024-01,False,False,True
account2,885766583,50,5,Character Event,301,65,2024-01-18 11:09:01,slingshot,Slingshot,weapon,3,1,,,,2024-01-18,2024-01,False,False,True
account2,885766583,50,5,Character Event,301,66,2024-01-18 11:57:56,magic_guide,Magic Guide,weapon,3,1,,,,2024-01-18,2024-01,False,False,True
account2,885766583,50,5,Character Event,301,67,2024-01-18 12:54:09,skyrider_sword,Skyrider Sword,weapon,3,1,,,,2024-01-18,2024-01,False,False,True
account2,885766583,50,5,Character Event,301,68,2024-01-19 08:16:40,cool_steel,Cool Steel,weapon,3,1,,,,2024-01-19,2024-01,False,False,True
account2,885766583,50,5,Character Event,301,69,2024-01-19 08:16:48,black_tassel,Black Tassel,weapon,3,1,,,,2024-01-19,2024-01,False,False,True
account2,885766583,50,5,Character Event,301,70,2024-01-19 21:59:08,slingshot,Slingshot,weapon,3,1,,,,2024-01-19,2024-01,False,False,True
account2,885766583,50,5,Character Event,301,71,2024-01-19 21:59:16,skyrider_sword,Skyrider Sword,weapon,3,1,,,,2024-01-19,2024-01,False,False,True
account2,885766583,50,5,Character Event,301,72,2024-01-20 06:37:51,eye_of_perception,Eye of Perception,weapon,4,10,0.0,Lose,,2024-01-20,2024-01,False,True,False
account2,885766583,50,5,Character Event,301,73,2024-01-20 06:43:56,ferrous_shadow,Ferrous Shadow,weapon,3,1,,,,2024-01-20,2024-01,False,False,True
account2,885766583,50,5,Character Event,301,74,2024-01-20 06:44:02,sharpshooters_oath,Sharpshooter's Oath,weapon,3,1,,,,2024-01-20,2024-01,False,False,True
account2,885766583,50,5,Character Event,301,75,2024-01-20 07:24:19,debate_club,Debate Club,weapon,3,1,,,,2024-01-20,2024-01,False,False,True
account2,885766583,50,5,Character Event,301,76,2024-01-21 07:34:49,cool_steel,Cool Steel,weapon,3,1,,,,2024-01-21,2024-01,False,False,True
account2,885766583,50,5,Character Event,301,77,2024-01-23 00:48:16,emerald_orb,Emerald Orb,weapon,3,1,,,,2024-01-23,2024-01,False,False,True
account2,885766583,50,5,Character Event,301,78,2024-01-23 17:08:42,raven_bow,Raven Bow,weapon,3,1,,,,2024-01-23,2024-01,False,False,True
account2,885766583,50,5,Character Event,301,79,2024-01-23 17:08:52,bennett,Bennett,character,4,7,2.0,Guaranteed,,2024-01-23,2024-01,False,True,False
account2,885766583,50,5,Character Event,301,80,2024-01-23 17:09:31,black_tassel,Black Tassel,weapon,3,1,,,,2024-01-23,2024-01,False,False,True
account2,885766583,50,5,Character Event,301,81,2024-01-24 00:14:21,thrilling_tales_of_dragon_slayers,Thrilling Tales of Dragon Slayers,weapon,3,1,,,,2024-01-24,2024-01,False,False,True
account2,885766583,50,5,Character Event,301,82,2024-01-24 20:49:54,ferrous_shadow,Ferrous Shadow,weapon,3,1,,,,2024-01-24,2024-01,False,False,True
account2,885766583,50,5,Character Event,301,83,2024-01-25 09:39:47,skyrider_sword,Skyrider Sword,weapon,3,1,,,,2024-01-25,2024-01,False,False,True
account2,885766583,50,5,Character Event,301,84,2024-01-26 02:45:04,skyrider_sword,Skyrider Sword,weapon,3,1,,,,2024-01-26,2024-01,False,False,True
account2,885766583,50,5,Character Event,301,85,2024-01-26 20:18:18,raven_bow,Raven Bow,weapon,3,1,,,,2024-01-26,2024-01,False,False,True
account2,885766583,50,5,Character Event,301,86,2024-01-26 20:18:26,black_tassel,Black Tassel,weapon,3,1,,,,2024-01-26,2024-01,False,False,True
account2,885766583,50,5,Character Event,301,87,2024-01-27 15:09:12,cool_steel,Cool Steel,weapon,3,1,,,,2024-01-27,2024-01,False,False,True
account2,885766583,50,5,Character Event,301,88,2024-01-28 13:58:26,rust,Rust,weapon,4,9,0.0,Lose,,2024-01-28,2024-01,False,True,False
account2,885766583,50,5,Character Event,301,89,2024-01-28 13:58:44,raven_bow,Raven Bow,weapon,3,1,,,,2024-01-28,2024-01,False,False,True
account2,885766583,50,5,Character Event,301,90,2024-01-29 22:49:10,magic_guide,Magic Guide,weapon,3,1,,,,2024-01-29,2024-01,False,False,True
account2,885766583,50,5,Character Event,301,91,2024-01-29 22:49:18,raven_bow,Raven Bow,weapon,3,1,,,,2024-01-29,2024-01,False,False,True
account2,885766583,50,5,Character Event,301,92,2024-05-08 03:06:22,thrilling_tales_of_dragon_slayers,Thrilling Tales of Dragon Slayers,weapon,3,1,,,,2024-05-08,2024-05,False,False,True
account2,885766583,50,5,Character Event,301,93,2024-05-08 03:06:30,skyrider_sword,Skyrider Sword,weapon,3,1,,,,2024-05-08,2024-05,False,False,True
account2,885766583,50,5,Character Event,301,94,2024-05-08 03:06:36,debate_club,Debate Club,weapon,3,1,,,,2024-05-08,2024-05,False,False,True
account2,885766583,50,5,Character Event,301,95,2024-05-08 03:06:56,debate_club,Debate Club,weapon,3,1,,,,2024-05-08,2024-05,False,False,True
account2,885766583,50,5,Character Event,301,96,2024-05-08 03:07:09,ferrous_shadow,Ferrous Shadow,weapon,3,1,,,,2024-05-08,2024-05,False,False,True
account2,885766583,50,5,Character Event,400,97,2024-09-28 22:01:58,chevreuse,Chevreuse,character,4,9,2.0,Guaranteed,,2024-09-28,2024-09,False,True,False
account2,885766583,50,5,Character Event,400,98,2024-09-28 22:01:58,ferrous_shadow,Ferrous Shadow,weapon,3,1,,,,2024-09-28,2024-09,False,False,True
account2,885766583,50,5,Character Event,400,99,2024-09-28 22:01:58,emerald_orb,Emerald Orb,weapon,3,1,,,,2024-09-28,2024-09,False,False,True
account2,885766583,50,5,Character Event,400,100,2024-09-28 22:01:58,thrilling_tales_of_dragon_slayers,Thrilling Tales of Dragon Slayers,weapon,3,1,,,,2024-09-28,2024-09,False,False,True
account2,885766583,50,5,Character Event,400,101,2024-09-28 22:01:58,raven_bow,Raven Bow,weapon,3,1,,,,2024-09-28,2024-09,False,False,True
account2,885766583,50,5,Character Event,400,102,2024-09-28 22:01:58,sharpshooters_oath,Sharpshooter's Oath,weapon,3,1,,,,2024-09-28,2024-09,False,False,True
account2,885766583,50,5,Character Event,400,103,2024-09-28 22:01:58,raiden_shogun,Raiden Shogun,character,5,78,2.0,Guaranteed,,2024-09-28,2024-09,True,False,False
account2,885766583,50,5,Character Event,400,104,2024-09-28 22:01:58,cool_steel,Cool Steel,weapon,3,1,,,,2024-09-28,2024-09,False,False,True
account2,885766583,50,5,Character Event,400,105,2024-09-28 22:01:58,sharpshooters_oath,Sharpshooter's Oath,weapon,3,1,,,,2024-09-28,2024-09,False,False,True
account2,885766583,50,5,Character Event,400,106,2024-09-28 22:01:58,chevreuse,Chevreuse,character,4,9,1.0,Win,,2024-09-28,2024-09,False,True,False
account2,885766583,50,5,Character Event,400,107,2024-09-28 22:02:15,harbinger_of_dawn,Harbinger of Dawn,weapon,3,1,,,,2024-09-28,2024-09,False,False,True
account2,885766583,50,5,Character Event,400,108,2024-09-28 22:02:22,thrilling_tales_of_dragon_slayers,Thrilling Tales of Dragon Slayers,weapon,3,1,,,,2024-09-28,2024-09,False,False,True
account2,885766583,50,5,Character Event,400,109,2024-09-29 09:04:37,bloodtainted_greatsword,Bloodtainted Greatsword,weapon,3,1,,,,2024-09-29,2024-09,False,False,True
account2,885766583,50,5,Character Event,400,110,2024-09-29 09:04:45,favonius_lance,Favonius Lance,weapon,4,4,0.0,Lose,,2024-09-29,2024-09,False,True,False
account2,885766583,50,5,Character Event,400,111,2024-09-29 09:04:54,debate_club,Debate Club,weapon,3,1,,,,2024-09-29,2024-09,False,False,True
account2,885766583,50,5,Character Event,400,112,2024-09-29 09:37:12,cool_steel,Cool Steel,weapon,3,1,,,,2024-09-29,2024-09,False,False,True
account2,885766583,50,5,Character Event,400,113,2024-09-29 09:37:19,black_tassel,Black Tassel,weapon,3,1,,,,2024-09-29,2024-09,False,False,True
account2,885766583,50,5,Character Event,400,114,2024-09-29 09:37:25,thrilling_tales_of_dragon_slayers,Thrilling Tales of Dragon Slayers,weapon,3,1,,,,2024-09-29,2024-09,False,False,True
account2,885766583,50,5,Character Event,400,115,2024-09-29 09:37:30,magic_guide,Magic Guide,weapon,3,1,,,,2024-09-29,2024-09,False,False,True
account2,885766583,50,5,Character Event,400,116,2024-09-29 09:37:36,slingshot,Slingshot,weapon,3,1,,,,2024-09-29,2024-09,False,False,True
account2,885766583,50,5,Character Event,400,117,2024-09-29 09:37:42,thrilling_tales_of_dragon_slayers,Thrilling Tales of Dragon Slayers,weapon,3,1,,,,2024-09-29,2024-09,False,False,True
account2,885766583,50,5,Character Event,400,118,2024-09-29 10:01:01,slingshot,Slingshot,weapon,3,1,,,,2024-09-29,2024-09,False,False,True
account2,885766583,50,5,Character Event,400,119,2024-09-29 10:01:22,chevreuse,Chevreuse,character,4,9,2.0,Guaranteed,,2024-09-29,2024-09,False,True,False
account2,885766583,50,5,Character Event,400,120,2024-09-29 10:01:32,emerald_orb,Emerald Orb,weapon,3,1,,,,2024-09-29,2024-09,False,False,True
account2,885766583,50,5,Character Event,400,121,2024-09-29 11:02:26,kujou_sara,Kujou Sara,character,4,2,1.0,Win,,2024-09-29,2024-09,False,True,False
account2,885766583,50,5,Character Event,301,122,2024-12-20 22:06:24,sharpshooters_oath,Sharpshooter's Oath,weapon,3,1,,,,2024-12-20,2024-12,False,False,True
account2,885766583,50,5,Character Event,301,123,2024-12-20 22:06:24,bloodtainted_greatsword,Bloodtainted Greatsword,weapon,3,1,,,,2024-12-20,2024-12,False,False,True
account2,885766583,50,5,Character Event,301,124,2024-12-20 22:06:24,skyrider_sword,Skyrider Sword,weapon,3,1,,,,2024-12-20,2024-12,False,False,True
account2,885766583,50,5,Character Event,301,125,2024-12-20 22:06:24,harbinger_of_dawn,Harbinger of Dawn,weapon,3,1,,,,2024-12-20,2024-12,False,False,True
account2,885766583,50,5,Character Event,301,126,2024-12-20 22:06:24,black_tassel,Black Tassel,weapon,3,1,,,,2024-12-20,2024-12,False,False,True
account2,885766583,50,5,Character Event,301,127,2024-12-20 22:06:24,thrilling_tales_of_dragon_slayers,Thrilling Tales of Dragon Slayers,weapon,3,1,,,,2024-12-20,2024-12,False,False,True
account2,885766583,50,5,Character Event,301,128,2024-12-20 22:06:24,ferrous_shadow,Ferrous Shadow,weapon,3,1,,,,2024-12-20,2024-12,False,False,True
account2,885766583,50,5,Character Event,301,129,2024-12-20 22:06:24,thrilling_tales_of_dragon_slayers,Thrilling Tales of Dragon Slayers,weapon,3,1,,,,2024-12-20,2024-12,False,False,True
account2,885766583,50,5,Character Event,301,130,2024-12-20 22:06:24,shikanoin_heizou,Shikanoin Heizou,character,4,9,1.0,Win,,2024-12-20,2024-12,False,True,False
account2,885766583,50,5,Character Event,301,131,2024-12-20 22:06:24,ferrous_shadow,Ferrous Shadow,weapon,3,1,,,,2024-12-20,2024-12,False,False,True
account2,885766583,50,5,Character Event,301,132,2024-12-20 22:08:16,raven_bow,Raven Bow,weapon,3,1,,,,2024-12-20,2024-12,False,False,True
account2,885766583,50,5,Character Event,301,133,2024-12-20 22:08:36,debate_club,Debate Club,weapon,3,1,,,,2024-12-20,2024-12,False,False,True
account2,885766583,50,5,Character Event,301,134,2024-12-20 22:08:41,black_tassel,Black Tassel,weapon,3,1,,,,2024-12-20,2024-12,False,False,True
account2,885766583,50,5,Character Event,301,135,2024-12-20 22:08:45,skyrider_sword,Skyrider Sword,weapon,3,1,,,,2024-12-20,2024-12,False,False,True
account2,885766583,50,5,Character Event,301,136,2024-12-20 22:09:13,thrilling_tales_of_dragon_slayers,Thrilling Tales of Dragon Slayers,weapon,3,1,,,,2024-12-20,2024-12,False,False,True
account2,885766583,50,5,Character Event,301,137,2025-06-18 13:35:14,debate_club,Debate Club,weapon,3,1,,,,2025-06-18,2025-06,False,False,True
account2,885766583,50,5,Character Event,301,138,2025-06-18 13:35:21,sharpshooters_oath,Sharpshooter's Oath,weapon,3,1,,,,2025-06-18,2025-06,False,False,True
account2,885766583,50,5,Character Event,301,139,2025-06-18 13:35:28,rust,Rust,weapon,4,9,0.0,Lose,,2025-06-18,2025-06,False,True,False
account2,885766583,50,5,Character Event,301,140,2025-06-18 13:35:34,sharpshooters_oath,Sharpshooter's Oath,weapon,3,1,,,,2025-06-18,2025-06,False,False,True
account2,885766583,50,5,Character Event,301,141,2025-06-18 13:35:41,raven_bow,Raven Bow,weapon,3,1,,,,2025-06-18,2025-06,False,False,True
account2,885766583,50,5,Character Event,301,142,2025-06-18 13:35:48,ferrous_shadow,Ferrous Shadow,weapon,3,1,,,,2025-06-18,2025-06,False,False,True
account2,885766583,50,5,Character Event,301,143,2025-06-18 13:35:57,black_tassel,Black Tassel,weapon,3,1,,,,2025-06-18,2025-06,False,False,True
account2,885766583,50,5,Character Event,301,144,2025-06-18 13:36:04,diona,Diona,character,4,5,2.0,Guaranteed,,2025-06-18,2025-06,False,True,False
account2,885766583,50,5,Character Event,301,145,2025-06-18 13:36:52,magic_guide,Magic Guide,weapon,3,1,,,,2025-06-18,2025-06,False,False,True
account2,885766583,50,5,Character Event,301,146,2025-06-18 13:49:34,magic_guide,Magic Guide,weapon,3,1,,,,2025-06-18,2025-06,False,False,True
account2,885766583,50,5,Character Event,301,147,2025-06-29 02:20:19,black_tassel,Black Tassel,weapon,3,1,,,,2025-06-29,2025-06,False,False,True
account2,885766583,50,5,Character Event,301,148,2025-06-29 02:20:28,black_tassel,Black Tassel,weapon,3,1,,,,2025-06-29,2025-06,False,False,True
account2,885766583,50,5,Character Event,301,149,2025-06-29 02:20:35,cool_steel,Cool Steel,weapon,3,1,,,,2025-06-29,2025-06,False,False,True
account2,885766583,50,5,Character Event,301,150,2025-09-10 23:03:33,thrilling_tales_of_dragon_slayers,Thrilling Tales of Dragon Slayers,weapon,3,1,,,,2025-09-10,2025-09,False,False,True
account2,885766583,50,5,Character Event,301,151,2025-09-10 23:03:50,slingshot,Slingshot,weapon,3,1,,,,2025-09-10,2025-09,False,False,True
account2,885766583,50,5,Character Event,301,152,2025-09-10 23:04:00,kaveh,Kaveh,character,4,8,1.0,Win,,2025-09-10,2025-09,False,True,False
account2,885766583,50,5,Character Event,301,153,2025-09-10 23:04:09,slingshot,Slingshot,weapon,3,1,,,,2025-09-10,2025-09,False,False,True
account2,885766583,50,5,Character Event,301,154,2025-09-10 23:04:16,magic_guide,Magic Guide,weapon,3,1,,,,2025-09-10,2025-09,False,False,True
account2,885766583,50,5,Character Event,301,155,2025-09-10 23:04:23,skyrider_sword,Skyrider Sword,weapon,3,1,,,,2025-09-10,2025-09,False,False,True
account2,885766583,50,5,Character Event,400,156,2025-10-09 10:09:03,black_tassel,Black Tassel,weapon,3,1,,,,2025-10-09,2025-10,False,False,True
account2,885766583,50,5,Character Event,400,157,2025-10-09 10:09:03,ferrous_shadow,Ferrous Shadow,weapon,3,1,,,,2025-10-09,2025-10,False,False,True
account2,885766583,50,5,Character Event,400,158,2025-10-09 10:09:03,cool_steel,Cool Steel,weapon,3,1,,,,2025-10-09,2025-10,False,False,True
account2,885766583,50,5,Character Event,400,159,2025-10-09 10:09:03,bloodtainted_greatsword,Bloodtainted Greatsword,weapon,3,1,,,,2025-10-09,2025-10,False,False,True
account2,885766583,50,5,Character Event,400,160,2025-10-09 10:09:03,harbinger_of_dawn,Harbinger of Dawn,weapon,3,1,,,,2025-10-09,2025-10,False,False,True
account2,885766583,50,5,Character Event,400,161,2025-10-09 10:09:03,aino,Aino,character,4,9,1.0,Win,,2025-10-09,2025-10,False,True,False
account2,885766583,50,5,Character Event,400,162,2025-10-09 10:09:03,harbinger_of_dawn,Harbinger of Dawn,weapon,3,1,,,,2025-10-09,2025-10,False,False,True
account2,885766583,50,5,Character Event,400,163,2025-10-09 10:09:03,raven_bow,Raven Bow,weapon,3,1,,,,2025-10-09,2025-10,False,False,True
account2,885766583,50,5,Character Event,400,164,2025-10-09 10:09:03,ferrous_shadow,Ferrous Shadow,weapon,3,1,,,,2025-10-09,2025-10,False,False,True
account2,885766583,50,5,Character Event,400,165,2025-10-09 10:09:03,magic_guide,Magic Guide,weapon,3,1,,,,2025-10-09,2025-10,False,False,True
account2,885766583,50,5,Character Event,400,166,2025-10-09 10:09:22,debate_club,Debate Club,weapon,3,1,,,,2025-10-09,2025-10,False,False,True
account2,885766583,50,5,Character Event,301,167,2025-12-04 05:15:06,thrilling_tales_of_dragon_slayers,Thrilling Tales of Dragon Slayers,weapon,3,1,,,,2025-12-04,2025-12,False,False,True
account2,885766583,50,5,Character Event,301,168,2025-12-04 05:15:06,black_tassel,Black Tassel,weapon,3,1,,,,2025-12-04,2025-12,False,False,True
account2,885766583,50,5,Character Event,301,169,2025-12-04 05:15:06,harbinger_of_dawn,Harbinger of Dawn,weapon,3,1,,,,2025-12-04,2025-12,False,False,True
account2,885766583,50,5,Character Event,301,170,2025-12-04 05:15:06,faruzan,Faruzan,character,4,9,1.0,Win,,2025-12-04,2025-12,False,True,False
account2,885766583,50,5,Character Event,301,171,2025-12-04 05:15:06,cool_steel,Cool Steel,weapon,3,1,,,,2025-12-04,2025-12,False,False,True
account2,885766583,50,5,Character Event,301,172,2025-12-04 05:15:06,cool_steel,Cool Steel,weapon,3,1,,,,2025-12-04,2025-12,False,False,True
account2,885766583,50,5,Character Event,301,173,2025-12-04 05:15:06,debate_club,Debate Club,weapon,3,1,,,,2025-12-04,2025-12,False,False,True
account2,885766583,50,5,Character Event,301,174,2025-12-04 05:15:06,magic_guide,Magic Guide,weapon,3,1,,,,2025-12-04,2025-12,False,False,True
account2,885766583,50,5,Character Event,301,175,2025-12-04 05:15:06,slingshot,Slingshot,weapon,3,1,,,,2025-12-04,2025-12,False,False,True
account2,885766583,50,5,Character Event,301,176,2025-12-04 05:15:06,debate_club,Debate Club,weapon,3,1,,,,2025-12-04,2025-12,False,False,True
account2,885766583,50,5,Character Event,301,177,2025-12-04 05:15:21,black_tassel,Black Tassel,weapon,3,1,,,,2025-12-04,2025-12,False,False,True
account2,885766583,50,5,Character Event,301,178,2025-12-04 05:15:27,debate_club,Debate Club,weapon,3,1,,,,2025-12-04,2025-12,False,False,True
account2,885766583,50,5,Character Event,301,179,2025-12-04 05:15:33,yumemizuki_mizuki,Yumemizuki Mizuki,character,5,76,0.0,Lose,,2025-12-04,2025-12,True,False,False
account2,885766583,50,5,Character Event,301,180,2025-12-04 05:15:46,favonius_sword,Favonius Sword,weapon,4,10,0.0,Lose,,2025-12-04,2025-12,False,True,False
account2,885766583,50,5,Character Event,301,181,2025-12-04 05:16:09,magic_guide,Magic Guide,weapon,3,1,,,,2025-12-04,2025-12,False,False,True
account2,885766583,50,5,Character Event,301,182,2025-12-04 05:16:16,raven_bow,Raven Bow,weapon,3,1,,,,2025-12-04,2025-12,False,False,True
account2,885766583,50,5,Character Event,301,183,2025-12-04 05:16:19,debate_club,Debate Club,weapon,3,1,,,,2025-12-04,2025-12,False,False,True
account2,885766583,50,5,Character Event,301,184,2025-12-04 05:16:25,thrilling_tales_of_dragon_slayers,Thrilling Tales of Dragon Slayers,weapon,3,1,,,,2025-12-04,2025-12,False,False,True
account2,885766583,50,5,Character Event,301,185,2025-12-04 05:16:31,harbinger_of_dawn,Harbinger of Dawn,weapon,3,1,,,,2025-12-04,2025-12,False,False,True
account2,885766583,50,5,Character Event,301,186,2025-12-04 05:16:36,sharpshooters_oath,Sharpshooter's Oath,weapon,3,1,,,,2025-12-04,2025-12,False,False,True
account2,885766583,50,5,Character Event,301,187,2025-12-04 05:16:42,jahoda,Jahoda,character,4,7,2.0,Guaranteed,,2025-12-04,2025-12,False,True,False
account2,885766583,50,5,Character Event,301,188,2025-12-04 05:16:50,cool_steel,Cool Steel,weapon,3,1,,,,2025-12-04,2025-12,False,False,True
account2,885766583,50,5,Character Event,301,189,2026-01-15 06:39:18,harbinger_of_dawn,Harbinger of Dawn,weapon,3,1,,,,2026-01-15,2026-01,False,False,True
account2,885766583,50,5,Character Event,301,190,2026-01-15 06:39:29,slingshot,Slingshot,weapon,3,1,,,,2026-01-15,2026-01,False,False,True
account2,885766583,50,5,Character Event,301,191,2026-01-15 06:39:39,debate_club,Debate Club,weapon,3,1,,,,2026-01-15,2026-01,False,False,True
account2,885766583,50,5,Character Event,301,192,2026-01-15 06:39:44,magic_guide,Magic Guide,weapon,3,1,,,,2026-01-15,2026-01,False,False,True
account2,885766583,50,5,Character Event,400,193,2026-02-26 05:33:36,magic_guide,Magic Guide,weapon,3,1,,,,2026-02-26,2026-02,False,False,True
account2,885766583,50,5,Character Event,400,194,2026-02-26 05:33:45,magic_guide,Magic Guide,weapon,3,1,,,,2026-02-26,2026-02,False,False,True
account2,885766583,50,5,Character Event,400,195,2026-02-26 05:33:52,slingshot,Slingshot,weapon,3,1,,,,2026-02-26,2026-02,False,False,True
account2,885766583,50,5,Character Event,400,196,2026-02-26 05:33:58,sharpshooters_oath,Sharpshooter's Oath,weapon,3,1,,,,2026-02-26,2026-02,False,False,True
account2,885766583,50,5,Character Event,400,197,2026-02-26 05:34:05,xingqiu,Xingqiu,character,4,10,0.0,Lose,,2026-02-26,2026-02,False,True,False
account2,885766583,50,5,Character Event,400,198,2026-02-26 05:34:15,black_tassel,Black Tassel,weapon,3,1,,,,2026-02-26,2026-02,False,False,True
account2,885766583,50,5,Character Event,400,199,2026-02-26 05:34:22,slingshot,Slingshot,weapon,3,1,,,,2026-02-26,2026-02,False,False,True
account2,885766583,50,5,Character Event,400,200,2026-02-26 05:34:29,harbinger_of_dawn,Harbinger of Dawn,weapon,3,1,,,,2026-02-26,2026-02,False,False,True
account2,885766583,50,5,Character Event,400,201,2026-02-26 05:34:54,debate_club,Debate Club,weapon,3,1,,,,2026-02-26,2026-02,False,False,True
account2,885766583,50,5,Character Event,400,202,2026-02-26 05:34:59,harbinger_of_dawn,Harbinger of Dawn,weapon,3,1,,,,2026-02-26,2026-02,False,False,True
account2,885766583,50,5,Character Event,400,203,2026-02-26 05:35:03,black_tassel,Black Tassel,weapon,3,1,,,,2026-02-26,2026-02,False,False,True
account2,885766583,50,5,Character Event,301,204,2026-05-20 22:32:49,debate_club,Debate Club,weapon,3,1,,,,2026-05-20,2026-05,False,False,True
account2,885766583,50,5,Character Event,301,205,2026-05-20 22:32:49,sharpshooters_oath,Sharpshooter's Oath,weapon,3,1,,,,2026-05-20,2026-05,False,False,True
account2,885766583,50,5,Character Event,301,206,2026-05-20 22:32:49,razor,Razor,character,4,9,2.0,Guaranteed,,2026-05-20,2026-05,False,True,False
account2,885766583,50,5,Character Event,301,207,2026-05-20 22:32:49,ferrous_shadow,Ferrous Shadow,weapon,3,1,,,,2026-05-20,2026-05,False,False,True
account2,885766583,50,5,Character Event,301,208,2026-05-20 22:32:49,raven_bow,Raven Bow,weapon,3,1,,,,2026-05-20,2026-05,False,False,True
account2,885766583,50,5,Character Event,301,209,2026-05-20 22:32:49,fischl,Fischl,character,4,3,1.0,Win,,2026-05-20,2026-05,False,True,False
account2,885766583,50,5,Character Event,301,210,2026-05-20 22:32:49,cool_steel,Cool Steel,weapon,3,1,,,,2026-05-20,2026-05,False,False,True
account2,885766583,50,5,Character Event,301,211,2026-05-20 22:32:49,thrilling_tales_of_dragon_slayers,Thrilling Tales of Dragon Slayers,weapon,3,1,,,,2026-05-20,2026-05,False,False,True
account2,885766583,50,5,Character Event,301,212,2026-05-20 22:32:49,black_tassel,Black Tassel,weapon,3,1,,,,2026-05-20,2026-05,False,False,True
account2,885766583,50,5,Character Event,301,213,2026-05-20 22:32:49,emerald_orb,Emerald Orb,weapon,3,1,,,,2026-05-20,2026-05,False,False,True
account2,885766583,50,5,Character Event,301,214,2026-05-20 22:33:15,emerald_orb,Emerald Orb,weapon,3,1,,,,2026-05-20,2026-05,False,False,True
account2,885766583,50,5,Character Event,301,215,2026-05-20 22:33:21,raven_bow,Raven Bow,weapon,3,1,,,,2026-05-20,2026-05,False,False,True
account2,885766583,50,5,Character Event,301,216,2026-07-03 10:48:47,bloodtainted_greatsword,Bloodtainted Greatsword,weapon,3,1,,,,2026-07-03,2026-07,False,False,True
account2,885766583,50,5,Character Event,301,217,2026-07-03 10:48:56,black_tassel,Black Tassel,weapon,3,1,,,,2026-07-03,2026-07,False,False,True
account2,885766583,50,5,Character Event,301,218,2026-07-03 10:49:01,rust,Rust,weapon,4,9,0.0,Lose,,2026-07-03,2026-07,False,True,False
account2,885766583,50,5,Character Event,301,219,2026-07-03 10:49:08,emerald_orb,Emerald Orb,weapon,3,1,,,,2026-07-03,2026-07,False,False,True
account2,885766583,50,5,Character Event,301,220,2026-07-19 09:39:12,raven_bow,Raven Bow,weapon,3,1,,,,2026-07-19,2026-07,False,False,True
account2,885766583,50,5,Character Event,301,221,2026-07-19 09:39:36,thrilling_tales_of_dragon_slayers,Thrilling Tales of Dragon Slayers,weapon,3,1,,,,2026-07-19,2026-07,False,False,True
account2,885766583,50,5,Standard,200,1,2023-10-22 00:10:01,cool_steel,Cool Steel,weapon,3,1,,,,2023-10-22,2023-10,False,False,True
account2,885766583,50,5,Standard,200,2,2023-10-22 00:10:27,magic_guide,Magic Guide,weapon,3,1,,,,2023-10-22,2023-10,False,False,True
account2,885766583,50,5,Standard,200,3,2023-10-24 20:03:35,raven_bow,Raven Bow,weapon,3,1,,,,2023-10-24,2023-10,False,False,True
account2,885766583,50,5,Standard,200,4,2023-10-24 20:03:45,rosaria,Rosaria,character,4,4,,,,2023-10-24,2023-10,False,True,False
account2,885766583,50,5,Standard,200,5,2023-10-24 20:58:41,slingshot,Slingshot,weapon,3,1,,,,2023-10-24,2023-10,False,False,True
account2,885766583,50,5,Standard,200,6,2023-10-24 20:59:05,ferrous_shadow,Ferrous Shadow,weapon,3,1,,,,2023-10-24,2023-10,False,False,True
account2,885766583,50,5,Standard,200,7,2023-10-24 20:59:11,ferrous_shadow,Ferrous Shadow,weapon,3,1,,,,2023-10-24,2023-10,False,False,True
account2,885766583,50,5,Standard,200,8,2024-01-18 11:08:21,slingshot,Slingshot,weapon,3,1,,,,2024-01-18,2024-01,False,False,True
account2,885766583,50,5,Standard,200,9,2024-01-18 11:08:26,skyrider_sword,Skyrider Sword,weapon,3,1,,,,2024-01-18,2024-01,False,False,True
account2,885766583,50,5,Standard,200,10,2024-01-18 11:08:31,ferrous_shadow,Ferrous Shadow,weapon,3,1,,,,2024-01-18,2024-01,False,False,True
account2,885766583,50,5,Standard,200,11,2024-01-18 11:08:54,emerald_orb,Emerald Orb,weapon,3,1,,,,2024-01-18,2024-01,False,False,True
account2,885766583,50,5,Standard,200,12,2024-01-19 08:17:07,magic_guide,Magic Guide,weapon,3,1,,,,2024-01-19,2024-01,False,False,True
account2,885766583,50,5,Standard,200,13,2024-01-19 08:17:13,rainslasher,Rainslasher,weapon,4,9,,,,2024-01-19,2024-01,False,True,False
account2,885766583,50,5,Standard,200,14,2024-01-20 06:38:03,xingqiu,Xingqiu,character,4,1,,,,2024-01-20,2024-01,False,True,False
account2,885766583,50,5,Standard,200,15,2024-01-20 06:38:12,amos_bow,Amos' Bow,weapon,5,15,,,,2024-01-20,2024-01,True,False,False
account2,885766583,50,5,Standard,200,16,2024-01-20 06:38:32,slingshot,Slingshot,weapon,3,1,,,,2024-01-20,2024-01,False,False,True
account2,885766583,50,5,Standard,200,17,2024-01-20 06:43:11,sharpshooters_oath,Sharpshooter's Oath,weapon,3,1,,,,2024-01-20,2024-01,False,False,True
account2,885766583,50,5,Standard,200,18,2024-01-20 06:43:17,slingshot,Slingshot,weapon,3,1,,,,2024-01-20,2024-01,False,False,True
account2,885766583,50,5,Standard,200,19,2024-01-20 06:43:37,slingshot,Slingshot,weapon,3,1,,,,2024-01-20,2024-01,False,False,True
account2,885766583,50,5,Standard,200,20,2024-01-20 06:44:19,harbinger_of_dawn,Harbinger of Dawn,weapon,3,1,,,,2024-01-20,2024-01,False,False,True
account2,885766583,50,5,Standard,200,21,2024-01-20 18:59:45,sharpshooters_oath,Sharpshooter's Oath,weapon,3,1,,,,2024-01-20,2024-01,False,False,True
account2,885766583,50,5,Standard,200,22,2024-01-23 00:48:36,emerald_orb,Emerald Orb,weapon,3,1,,,,2024-01-23,2024-01,False,False,True
account2,885766583,50,5,Standard,200,23,2024-01-25 21:53:59,kaveh,Kaveh,character,4,9,,,,2024-01-25,2024-01,False,True,False
account2,885766583,50,5,Standard,200,24,2024-01-27 15:09:43,bloodtainted_greatsword,Bloodtainted Greatsword,weapon,3,1,,,,2024-01-27,2024-01,False,False,True
account2,885766583,50,5,Standard,200,25,2024-01-27 15:09:48,skyrider_sword,Skyrider Sword,weapon,3,1,,,,2024-01-27,2024-01,False,False,True
account2,885766583,50,5,Standard,200,26,2024-09-28 22:06:30,raven_bow,Raven Bow,weapon,3,1,,,,2024-09-28,2024-09,False,False,True
account2,885766583,50,5,Standard,200,27,2024-09-28 22:06:39,aquila_favonia,Aquila Favonia,weapon,5,12,,,,2024-09-28,2024-09,True,False,False
account2,885766583,50,5,Standard,200,28,2024-09-28 22:06:49,harbinger_of_dawn,Harbinger of Dawn,weapon,3,1,,,,2024-09-28,2024-09,False,False,True
account2,885766583,50,5,Standard,200,29,2024-09-29 11:05:07,harbinger_of_dawn,Harbinger of Dawn,weapon,3,1,,,,2024-09-29,2024-09,False,False,True
account2,885766583,50,5,Standard,200,30,2024-09-29 11:39:16,sharpshooters_oath,Sharpshooter's Oath,weapon,3,1,,,,2024-09-29,2024-09,False,False,True
account2,885766583,50,5,Standard,200,31,2024-12-20 23:35:53,sharpshooters_oath,Sharpshooter's Oath,weapon,3,1,,,,2024-12-20,2024-12,False,False,True
account2,885766583,50,5,Standard,200,32,2025-12-04 05:17:10,favonius_greatsword,Favonius Greatsword,weapon,4,9,,,,2025-12-04,2025-12,False,True,False
account2,885766583,50,5,Standard,200,33,2025-12-04 05:17:18,raven_bow,Raven Bow,weapon,3,1,,,,2025-12-04,2025-12,False,False,True
account3,1817478961,10,1,Beginners,100,1,2025-06-20 15:17:16,sharpshooters_oath,Sharpshooter's Oath,weapon,3,1,,,,2025-06-20,2025-06,False,False,True
account3,1817478961,10,1,Beginners,100,2,2025-06-20 15:17:16,debate_club,Debate Club,weapon,3,1,,,,2025-06-20,2025-06,False,False,True
account3,1817478961,10,1,Beginners,100,3,2025-06-20 15:17:16,skyrider_sword,Skyrider Sword,weapon,3,1,,,,2025-06-20,2025-06,False,False,True
account3,1817478961,10,1,Beginners,100,4,2025-06-20 15:17:16,sharpshooters_oath,Sharpshooter's Oath,weapon,3,1,,,,2025-06-20,2025-06,False,False,True
account3,1817478961,10,1,Beginners,100,5,2025-06-20 15:17:16,raven_bow,Raven Bow,weapon,3,1,,,,2025-06-20,2025-06,False,False,True
account3,1817478961,10,1,Beginners,100,6,2025-06-20 15:17:16,ferrous_shadow,Ferrous Shadow,weapon,3,1,,,,2025-06-20,2025-06,False,False,True
account3,1817478961,10,1,Beginners,100,7,2025-06-20 15:17:16,ferrous_shadow,Ferrous Shadow,weapon,3,1,,,,2025-06-20,2025-06,False,False,True
account3,1817478961,10,1,Beginners,100,8,2025-06-20 15:17:16,noelle,Noelle,character,4,8,,,,2025-06-20,2025-06,False,True,False
account3,1817478961,10,1,Beginners,100,9,2025-06-20 15:17:16,slingshot,Slingshot,weapon,3,1,,,,2025-06-20,2025-06,False,False,True
account3,1817478961,10,1,Beginners,100,10,2025-06-20 15:17:16,skyrider_sword,Skyrider Sword,weapon,3,1,,,,2025-06-20,2025-06,False,False,True
account3,1817478961,10,1,Beginners,100,11,2025-06-20 16:57:51,thrilling_tales_of_dragon_slayers,Thrilling Tales of Dragon Slayers,weapon,3,1,,,,2025-06-20,2025-06,False,False,True
account3,1817478961,10,1,Beginners,100,12,2025-06-20 16:57:51,emerald_orb,Emerald Orb,weapon,3,1,,,,2025-06-20,2025-06,False,False,True
account3,1817478961,10,1,Beginners,100,13,2025-06-20 16:57:51,black_tassel,Black Tassel,weapon,3,1,,,,2025-06-20,2025-06,False,False,True
account3,1817478961,10,1,Beginners,100,14,2025-06-20 16:57:51,thrilling_tales_of_dragon_slayers,Thrilling Tales of Dragon Slayers,weapon,3,1,,,,2025-06-20,2025-06,False,False,True
account3,1817478961,10,1,Beginners,100,15,2025-06-20 16:57:51,bloodtainted_greatsword,Bloodtainted Greatsword,weapon,3,1,,,,2025-06-20,2025-06,False,False,True
account3,1817478961,10,1,Beginners,100,16,2025-06-20 16:57:51,black_tassel,Black Tassel,weapon,3,1,,,,2025-06-20,2025-06,False,False,True
account3,1817478961,10,1,Beginners,100,17,2025-06-20 16:57:51,ningguang,Ningguang,character,4,9,,,,2025-06-20,2025-06,False,True,False
account3,1817478961,10,1,Beginners,100,18,2025-06-20 16:57:51,emerald_orb,Emerald Orb,weapon,3,1,,,,2025-06-20,2025-06,False,False,True
account3,1817478961,10,1,Beginners,100,19,2025-06-20 16:57:51,raven_bow,Raven Bow,weapon,3,1,,,,2025-06-20,2025-06,False,False,True
account3,1817478961,10,1,Beginners,100,20,2025-06-20 16:57:51,thrilling_tales_of_dragon_slayers,Thrilling Tales of Dragon Slayers,weapon,3,1,,,,2025-06-20,2025-06,False,False,True
account3,1817478961,10,1,Character Event,301,1,2025-06-20 16:49:06,harbinger_of_dawn,Harbinger of Dawn,weapon,3,1,,,,2025-06-20,2025-06,False,False,True
account3,1817478961,10,1,Character Event,301,2,2025-06-20 16:49:17,skyrider_sword,Skyrider Sword,weapon,3,1,,,,2025-06-20,2025-06,False,False,True
account3,1817478961,10,1,Character Event,301,3,2025-06-20 16:49:23,bloodtainted_greatsword,Bloodtainted Greatsword,weapon,3,1,,,,2025-06-20,2025-06,False,False,True
account3,1817478961,10,1,Character Event,301,4,2025-06-20 16:58:58,emerald_orb,Emerald Orb,weapon,3,1,,,,2025-06-20,2025-06,False,False,True
account3,1817478961,10,1,Character Event,301,5,2025-06-20 16:59:03,ifa,Ifa,character,4,5,0.0,Lose,,2025-06-20,2025-06,False,True,False
account3,1817478961,10,1,Character Event,301,6,2025-09-10 22:34:42,skyrider_sword,Skyrider Sword,weapon,3,1,,,,2025-09-10,2025-09,False,False,True
account3,1817478961,10,1,Character Event,301,7,2025-09-10 22:35:40,diluc,Diluc,character,5,7,0.0,Lose,,2025-09-10,2025-09,True,False,False
account3,1817478961,10,1,Character Event,301,8,2025-09-10 22:35:54,raven_bow,Raven Bow,weapon,3,1,,,,2025-09-10,2025-09,False,False,True
account3,1817478961,10,1,Character Event,301,9,2025-09-10 22:36:02,sharpshooters_oath,Sharpshooter's Oath,weapon,3,1,,,,2025-09-10,2025-09,False,False,True
account3,1817478961,10,1,Character Event,301,10,2025-09-10 22:36:10,skyrider_sword,Skyrider Sword,weapon,3,1,,,,2025-09-10,2025-09,False,False,True
account3,1817478961,10,1,Character Event,301,11,2025-09-10 22:36:18,debate_club,Debate Club,weapon,3,1,,,,2025-09-10,2025-09,False,False,True
account3,1817478961,10,1,Character Event,301,12,2025-09-10 22:36:28,skyrider_sword,Skyrider Sword,weapon,3,1,,,,2025-09-10,2025-09,False,False,True
account3,1817478961,10,1,Character Event,400,13,2025-10-09 10:20:12,skyrider_sword,Skyrider Sword,weapon,3,1,,,,2025-10-09,2025-10,False,False,True
account3,1817478961,10,1,Character Event,400,14,2025-10-09 10:20:12,dori,Dori,character,4,9,2.0,Guaranteed,,2025-10-09,2025-10,False,True,False
account3,1817478961,10,1,Character Event,400,15,2025-10-09 10:20:12,black_tassel,Black Tassel,weapon,3,1,,,,2025-10-09,2025-10,False,False,True
account3,1817478961,10,1,Character Event,400,16,2025-10-09 10:20:12,bloodtainted_greatsword,Bloodtainted Greatsword,weapon,3,1,,,,2025-10-09,2025-10,False,False,True
account3,1817478961,10,1,Character Event,400,17,2025-10-09 10:20:12,emerald_orb,Emerald Orb,weapon,3,1,,,,2025-10-09,2025-10,False,False,True
account3,1817478961,10,1,Character Event,400,18,2025-10-09 10:20:12,bloodtainted_greatsword,Bloodtainted Greatsword,weapon,3,1,,,,2025-10-09,2025-10,False,False,True
account3,1817478961,10,1,Character Event,400,19,2025-10-09 10:20:12,black_tassel,Black Tassel,weapon,3,1,,,,2025-10-09,2025-10,False,False,True
account3,1817478961,10,1,Character Event,400,20,2025-10-09 10:20:12,debate_club,Debate Club,weapon,3,1,,,,2025-10-09,2025-10,False,False,True
account3,1817478961,10,1,Character Event,400,21,2025-10-09 10:20:12,magic_guide,Magic Guide,weapon,3,1,,,,2025-10-09,2025-10,False,False,True
account3,1817478961,10,1,Character Event,400,22,2025-10-09 10:20:12,thrilling_tales_of_dragon_slayers,Thrilling Tales of Dragon Slayers,weapon,3,1,,,,2025-10-09,2025-10,False,False,True
account3,1817478961,10,1,Character Event,400,23,2025-10-09 10:20:29,slingshot,Slingshot,weapon,3,1,,,,2025-10-09,2025-10,False,False,True
account3,1817478961,10,1,Character Event,301,24,2025-12-04 05:01:58,faruzan,Faruzan,character,4,10,1.0,Win,,2025-12-04,2025-12,False,True,False
account3,1817478961,10,1,Character Event,301,25,2025-12-04 05:01:58,emerald_orb,Emerald Orb,weapon,3,1,,,,2025-12-04,2025-12,False,False,True
account3,1817478961,10,1,Character Event,301,26,2025-12-04 05:01:58,debate_club,Debate Club,weapon,3,1,,,,2025-12-04,2025-12,False,False,True
account3,1817478961,10,1,Character Event,301,27,2025-12-04 05:01:58,cool_steel,Cool Steel,weapon,3,1,,,,2025-12-04,2025-12,False,False,True
account3,1817478961,10,1,Character Event,301,28,2025-12-04 05:01:58,magic_guide,Magic Guide,weapon,3,1,,,,2025-12-04,2025-12,False,False,True
account3,1817478961,10,1,Character Event,301,29,2025-12-04 05:01:58,raven_bow,Raven Bow,weapon,3,1,,,,2025-12-04,2025-12,False,False,True
account3,1817478961,10,1,Character Event,301,30,2025-12-04 05:01:58,skyrider_sword,Skyrider Sword,weapon,3,1,,,,2025-12-04,2025-12,False,False,True
account3,1817478961,10,1,Character Event,301,31,2025-12-04 05:01:58,magic_guide,Magic Guide,weapon,3,1,,,,2025-12-04,2025-12,False,False,True
account3,1817478961,10,1,Character Event,301,32,2025-12-04 05:01:58,sharpshooters_oath,Sharpshooter's Oath,weapon,3,1,,,,2025-12-04,2025-12,False,False,True
account3,1817478961,10,1,Character Event,301,33,2025-12-04 05:01:58,ferrous_shadow,Ferrous Shadow,weapon,3,1,,,,2025-12-04,2025-12,False,False,True
account3,1817478961,10,1,Character Event,301,34,2025-12-04 05:02:25,jahoda,Jahoda,character,4,10,1.0,Win,,2025-12-04,2025-12,False,True,False
account3,1817478961,10,1,Character Event,301,35,2025-12-04 05:02:36,magic_guide,Magic Guide,weapon,3,1,,,,2025-12-04,2025-12,False,False,True
account3,1817478961,10,1,Character Event,301,36,2025-12-04 05:03:14,cool_steel,Cool Steel,weapon,3,1,,,,2025-12-04,2025-12,False,False,True
account3,1817478961,10,1,Character Event,301,37,2025-12-04 05:03:20,harbinger_of_dawn,Harbinger of Dawn,weapon,3,1,,,,2025-12-04,2025-12,False,False,True
account3,1817478961,10,1,Character Event,301,38,2025-12-04 05:03:27,slingshot,Slingshot,weapon,3,1,,,,2025-12-04,2025-12,False,False,True
account3,1817478961,10,1,Character Event,301,39,2025-12-04 05:03:33,magic_guide,Magic Guide,weapon,3,1,,,,2025-12-04,2025-12,False,False,True
account3,1817478961,10,1,Character Event,301,40,2025-12-04 05:03:38,debate_club,Debate Club,weapon,3,1,,,,2025-12-04,2025-12,False,False,True
account3,1817478961,10,1,Character Event,301,41,2025-12-04 05:06:40,thrilling_tales_of_dragon_slayers,Thrilling Tales of Dragon Slayers,weapon,3,1,,,,2025-12-04,2025-12,False,False,True
account3,1817478961,10,1,Character Event,301,42,2026-01-15 06:30:00,emerald_orb,Emerald Orb,weapon,3,1,,,,2026-01-15,2026-01,False,False,True
account3,1817478961,10,1,Character Event,301,43,2026-01-15 06:30:12,ifa,Ifa,character,4,9,1.0,Win,,2026-01-15,2026-01,False,True,False
account3,1817478961,10,1,Character Event,301,44,2026-01-15 06:30:17,harbinger_of_dawn,Harbinger of Dawn,weapon,3,1,,,,2026-01-15,2026-01,False,False,True
account3,1817478961,10,1,Character Event,301,45,2026-01-15 06:30:23,black_tassel,Black Tassel,weapon,3,1,,,,2026-01-15,2026-01,False,False,True
account3,1817478961,10,1,Character Event,301,46,2026-01-15 06:32:13,bloodtainted_greatsword,Bloodtainted Greatsword,weapon,3,1,,,,2026-01-15,2026-01,False,False,True
account3,1817478961,10,1,Character Event,301,47,2026-05-20 22:21:34,harbinger_of_dawn,Harbinger of Dawn,weapon,3,1,,,,2026-05-20,2026-05,False,False,True
account3,1817478961,10,1,Character Event,301,48,2026-05-20 22:21:34,ferrous_shadow,Ferrous Shadow,weapon,3,1,,,,2026-05-20,2026-05,False,False,True
account3,1817478961,10,1,Character Event,301,49,2026-05-20 22:21:34,black_tassel,Black Tassel,weapon,3,1,,,,2026-05-20,2026-05,False,False,True
account3,1817478961,10,1,Character Event,301,50,2026-05-20 22:21:34,slingshot,Slingshot,weapon,3,1,,,,2026-05-20,2026-05,False,False,True
account3,1817478961,10,1,Character Event,301,51,2026-05-20 22:21:34,emerald_orb,Emerald Orb,weapon,3,1,,,,2026-05-20,2026-05,False,False,True
account3,1817478961,10,1,Character Event,301,52,2026-05-20 22:21:34,razor,Razor,character,4,9,1.0,Win,,2026-05-20,2026-05,False,True,False
account3,1817478961,10,1,Character Event,301,53,2026-05-20 22:21:34,magic_guide,Magic Guide,weapon,3,1,,,,2026-05-20,2026-05,False,False,True
account3,1817478961,10,1,Character Event,301,54,2026-05-20 22:21:34,thrilling_tales_of_dragon_slayers,Thrilling Tales of Dragon Slayers,weapon,3,1,,,,2026-05-20,2026-05,False,False,True
account3,1817478961,10,1,Character Event,301,55,2026-05-20 22:21:34,the_flute,The Flute,weapon,4,3,0.0,Lose,,2026-05-20,2026-05,False,True,False
account3,1817478961,10,1,Character Event,301,56,2026-05-20 22:21:34,magic_guide,Magic Guide,weapon,3,1,,,,2026-05-20,2026-05,False,False,True
account3,1817478961,10,1,Character Event,301,57,2026-07-19 09:49:44,debate_club,Debate Club,weapon,3,1,,,,2026-07-19,2026-07,False,False,True
account3,1817478961,10,1,Character Event,301,58,2026-07-19 09:49:52,slingshot,Slingshot,weapon,3,1,,,,2026-07-19,2026-07,False,False,True
account3,1817478961,10,1,Character Event,301,59,2026-07-19 09:50:00,skyrider_sword,Skyrider Sword,weapon,3,1,,,,2026-07-19,2026-07,False,False,True
account3,1817478961,10,1,Character Event,301,60,2026-07-19 09:50:07,bloodtainted_greatsword,Bloodtainted Greatsword,weapon,3,1,,,,2026-07-19,2026-07,False,False,True
account3,1817478961,10,1,Character Event,301,61,2026-07-19 09:50:13,sharpshooters_oath,Sharpshooter's Oath,weapon,3,1,,,,2026-07-19,2026-07,False,False,True
account3,1817478961,10,1,Character Event,301,62,2026-08-09 21:40:20,cool_steel,Cool Steel,weapon,3,1,,,,2026-08-09,2026-08,False,False,True
account3,1817478961,10,1,Character Event,301,63,2026-08-09 21:40:27,raven_bow,Raven Bow,weapon,3,1,,,,2026-08-09,2026-08,False,False,True
account3,1817478961,10,1,Standard,200,1,2025-06-20 16:58:24,bloodtainted_greatsword,Bloodtainted Greatsword,weapon,3,1,,,,2025-06-20,2025-06,False,False,True
account3,1817478961,10,1,Standard,200,2,2025-06-20 16:58:24,harbinger_of_dawn,Harbinger of Dawn,weapon,3,1,,,,2025-06-20,2025-06,False,False,True
account3,1817478961,10,1,Standard,200,3,2025-06-20 16:58:24,emerald_orb,Emerald Orb,weapon,3,1,,,,2025-06-20,2025-06,False,False,True
account3,1817478961,10,1,Standard,200,4,2025-06-20 16:58:24,bloodtainted_greatsword,Bloodtainted Greatsword,weapon,3,1,,,,2025-06-20,2025-06,False,False,True
account3,1817478961,10,1,Standard,200,5,2025-06-20 16:58:24,dragons_bane,Dragon's Bane,weapon,4,5,,,,2025-06-20,2025-06,False,True,False
account3,1817478961,10,1,Standard,200,6,2025-06-20 16:58:24,slingshot,Slingshot,weapon,3,1,,,,2025-06-20,2025-06,False,False,True
account3,1817478961,10,1,Standard,200,7,2025-06-20 16:58:24,cool_steel,Cool Steel,weapon,3,1,,,,2025-06-20,2025-06,False,False,True
account3,1817478961,10,1,Standard,200,8,2025-06-20 16:58:24,ferrous_shadow,Ferrous Shadow,weapon,3,1,,,,2025-06-20,2025-06,False,False,True
account3,1817478961,10,1,Standard,200,9,2025-06-20 16:58:24,skyrider_sword,Skyrider Sword,weapon,3,1,,,,2025-06-20,2025-06,False,False,True
account3,1817478961,10,1,Standard,200,10,2025-06-20 16:58:24,raven_bow,Raven Bow,weapon,3,1,,,,2025-06-20,2025-06,False,False,True
account3,1817478961,10,1,Standard,200,11,2025-12-04 05:04:14,slingshot,Slingshot,weapon,3,1,,,,2025-12-04,2025-12,False,False,True
main,887284572,60,9,Beginners,,1,2023-05-26 08:39:42,skyrider_sword,Skyrider Sword,weapon,3,1,,,True,2023-05-26,2023-05,False,False,True
main,887284572,60,9,Beginners,,2,2023-05-26 08:39:42,thrilling_tales_of_dragon_slayers,Thrilling Tales of Dragon Slayers,weapon,3,1,,,True,2023-05-26,2023-05,False,False,True
main,887284572,60,9,Beginners,,3,2023-05-26 08:39:42,ferrous_shadow,Ferrous Shadow,weapon,3,1,,,True,2023-05-26,2023-05,False,False,True
main,887284572,60,9,Beginners,,4,2023-05-26 08:39:42,harbinger_of_dawn,Harbinger of Dawn,weapon,3,1,,,True,2023-05-26,2023-05,False,False,True
main,887284572,60,9,Beginners,,5,2023-05-26 08:39:42,magic_guide,Magic Guide,weapon,3,1,,,True,2023-05-26,2023-05,False,False,True
main,887284572,60,9,Beginners,,6,2023-05-26 08:39:42,skyrider_sword,Skyrider Sword,weapon,3,1,,,True,2023-05-26,2023-05,False,False,True
main,887284572,60,9,Beginners,,7,2023-05-26 08:39:42,thrilling_tales_of_dragon_slayers,Thrilling Tales of Dragon Slayers,weapon,3,1,,,True,2023-05-26,2023-05,False,False,True
main,887284572,60,9,Beginners,,8,2023-05-26 08:39:42,noelle,Noelle,character,4,8,,,True,2023-05-26,2023-05,False,True,False
main,887284572,60,9,Beginners,,9,2023-05-26 08:39:42,raven_bow,Raven Bow,weapon,3,1,,,True,2023-05-26,2023-05,False,False,True
main,887284572,60,9,Beginners,,10,2023-05-26 08:39:42,slingshot,Slingshot,weapon,3,1,,,True,2023-05-26,2023-05,False,False,True
main,887284572,60,9,Beginners,,11,2023-05-28 01:27:35,cool_steel,Cool Steel,weapon,3,1,,,True,2023-05-28,2023-05,False,False,True
main,887284572,60,9,Beginners,,12,2023-05-28 01:27:35,ferrous_shadow,Ferrous Shadow,weapon,3,1,,,True,2023-05-28,2023-05,False,False,True
main,887284572,60,9,Beginners,,13,2023-05-28 01:27:35,cool_steel,Cool Steel,weapon,3,1,,,True,2023-05-28,2023-05,False,False,True
main,887284572,60,9,Beginners,,14,2023-05-28 01:27:35,magic_guide,Magic Guide,weapon,3,1,,,True,2023-05-28,2023-05,False,False,True
main,887284572,60,9,Beginners,,15,2023-05-28 01:27:35,magic_guide,Magic Guide,weapon,3,1,,,True,2023-05-28,2023-05,False,False,True
main,887284572,60,9,Beginners,,16,2023-05-28 01:27:35,harbinger_of_dawn,Harbinger of Dawn,weapon,3,1,,,True,2023-05-28,2023-05,False,False,True
main,887284572,60,9,Beginners,,17,2023-05-28 01:27:35,emerald_orb,Emerald Orb,weapon,3,1,,,True,2023-05-28,2023-05,False,False,True
main,887284572,60,9,Beginners,,18,2023-05-28 01:27:35,barbara,Barbara,character,4,10,,,True,2023-05-28,2023-05,False,True,False
main,887284572,60,9,Beginners,,19,2023-05-28 01:27:35,skyrider_sword,Skyrider Sword,weapon,3,1,,,True,2023-05-28,2023-05,False,False,True
main,887284572,60,9,Beginners,,20,2023-05-28 01:27:35,bloodtainted_greatsword,Bloodtainted Greatsword,weapon,3,1,,,True,2023-05-28,2023-05,False,False,True
main,887284572,60,9,Character Event,,1,2023-05-26 05:46:10,sharpshooters_oath,Sharpshooter's Oath,weapon,3,1,,,True,2023-05-26,2023-05,False,False,True
main,887284572,60,9,Character Event,,2,2023-05-26 05:46:43,emerald_orb,Emerald Orb,weapon,3,1,,,True,2023-05-26,2023-05,False,False,True
main,887284572,60,9,Character Event,,3,2023-05-26 05:46:56,slingshot,Slingshot,weapon,3,1,,,True,2023-05-26,2023-05,False,False,True
main,887284572,60,9,Character Event,,4,2023-05-26 06:48:49,skyrider_sword,Skyrider Sword,weapon,3,1,,,True,2023-05-26,2023-05,False,False,True
main,887284572,60,9,Character Event,,5,2023-05-26 06:54:00,emerald_orb,Emerald Orb,weapon,3,1,,,True,2023-05-26,2023-05,False,False,True
main,887284572,60,9,Character Event,,6,2023-05-26 08:37:29,skyrider_sword,Skyrider Sword,weapon,3,1,,,True,2023-05-26,2023-05,False,False,True
main,887284572,60,9,Character Event,,7,2023-05-26 08:37:43,harbinger_of_dawn,Harbinger of Dawn,weapon,3,1,,,True,2023-05-26,2023-05,False,False,True
main,887284572,60,9,Character Event,,8,2023-05-26 08:41:13,emerald_orb,Emerald Orb,weapon,3,1,,,True,2023-05-26,2023-05,False,False,True
main,887284572,60,9,Character Event,,9,2023-05-26 08:41:24,ferrous_shadow,Ferrous Shadow,weapon,3,1,,,True,2023-05-26,2023-05,False,False,True
main,887284572,60,9,Character Event,,10,2023-05-26 09:10:13,beidou,Beidou,character,4,10,0.0,Lose,True,2023-05-26,2023-05,False,True,False
main,887284572,60,9,Character Event,400,11,2023-05-26 11:08:26,thrilling_tales_of_dragon_slayers,Thrilling Tales of Dragon Slayers,weapon,3,1,,,True,2023-05-26,2023-05,False,False,True
main,887284572,60,9,Character Event,,12,2023-05-28 01:28:40,harbinger_of_dawn,Harbinger of Dawn,weapon,3,1,,,True,2023-05-28,2023-05,False,False,True
main,887284572,60,9,Character Event,,13,2023-05-28 01:28:56,raven_bow,Raven Bow,weapon,3,1,,,True,2023-05-28,2023-05,False,False,True
main,887284572,60,9,Character Event,,14,2023-05-28 01:29:08,ferrous_shadow,Ferrous Shadow,weapon,3,1,,,True,2023-05-28,2023-05,False,False,True
main,887284572,60,9,Character Event,,15,2023-05-28 03:28:31,raven_bow,Raven Bow,weapon,3,1,,,True,2023-05-28,2023-05,False,False,True
main,887284572,60,9,Character Event,,16,2023-05-28 04:40:25,raven_bow,Raven Bow,weapon,3,1,,,True,2023-05-28,2023-05,False,False,True
main,887284572,60,9,Character Event,,17,2023-05-28 05:38:41,emerald_orb,Emerald Orb,weapon,3,1,,,True,2023-05-28,2023-05,False,False,True
main,887284572,60,9,Character Event,,18,2023-05-28 14:54:23,thrilling_tales_of_dragon_slayers,Thrilling Tales of Dragon Slayers,weapon,3,1,,,True,2023-05-28,2023-05,False,False,True
main,887284572,60,9,Character Event,,19,2023-05-28 14:54:37,black_tassel,Black Tassel,weapon,3,1,,,True,2023-05-28,2023-05,False,False,True
main,887284572,60,9,Character Event,,20,2023-05-29 00:49:15,yun_jin,Yun Jin,character,4,10,2.0,Guaranteed,True,2023-05-29,2023-05,False,True,False
main,887284572,60,9,Character Event,400,21,2023-05-29 00:49:35,harbinger_of_dawn,Harbinger of Dawn,weapon,3,1,,,True,2023-05-29,2023-05,False,False,True
main,887284572,60,9,Character Event,400,22,2023-05-29 01:33:40,magic_guide,Magic Guide,weapon,3,1,,,True,2023-05-29,2023-05,False,False,True
main,887284572,60,9,Character Event,400,23,2023-05-29 04:38:18,raven_bow,Raven Bow,weapon,3,1,,,True,2023-05-29,2023-05,False,False,True
main,887284572,60,9,Character Event,400,24,2023-05-29 04:38:31,sharpshooters_oath,Sharpshooter's Oath,weapon,3,1,,,True,2023-05-29,2023-05,False,False,True
main,887284572,60,9,Character Event,400,25,2023-05-29 04:38:42,black_tassel,Black Tassel,weapon,3,1,,,True,2023-05-29,2023-05,False,False,True
main,887284572,60,9,Character Event,400,26,2023-05-29 07:19:41,bloodtainted_greatsword,Bloodtainted Greatsword,weapon,3,1,,,True,2023-05-29,2023-05,False,False,True
main,887284572,60,9,Character Event,400,27,2023-05-29 07:19:51,raven_bow,Raven Bow,weapon,3,1,,,True,2023-05-29,2023-05,False,False,True
main,887284572,60,9,Character Event,400,28,2023-05-29 07:20:00,emerald_orb,Emerald Orb,weapon,3,1,,,True,2023-05-29,2023-05,False,False,True
main,887284572,60,9,Character Event,400,29,2023-05-29 07:20:11,kirara,Kirara,character,4,9,1.0,Win,True,2023-05-29,2023-05,False,True,False
main,887284572,60,9,Character Event,400,30,2023-05-29 20:06:48,debate_club,Debate Club,weapon,3,1,,,True,2023-05-29,2023-05,False,False,True
main,887284572,60,9,Character Event,400,31,2023-05-29 20:06:59,harbinger_of_dawn,Harbinger of Dawn,weapon,3,1,,,True,2023-05-29,2023-05,False,False,True
main,887284572,60,9,Character Event,400,32,2023-05-29 20:07:22,magic_guide,Magic Guide,weapon,3,1,,,True,2023-05-29,2023-05,False,False,True
main,887284572,60,9,Character Event,400,33,2023-05-29 20:07:34,emerald_orb,Emerald Orb,weapon,3,1,,,True,2023-05-29,2023-05,False,False,True
main,887284572,60,9,Character Event,400,34,2023-05-29 20:07:44,yun_jin,Yun Jin,character,4,5,1.0,Win,True,2023-05-29,2023-05,False,True,False
main,887284572,60,9,Character Event,,35,2023-05-29 20:08:01,debate_club,Debate Club,weapon,3,1,,,True,2023-05-29,2023-05,False,False,True
main,887284572,60,9,Character Event,,36,2023-05-29 20:08:12,black_tassel,Black Tassel,weapon,3,1,,,True,2023-05-29,2023-05,False,False,True
main,887284572,60,9,Character Event,,37,2023-05-29 20:08:22,slingshot,Slingshot,weapon,3,1,,,True,2023-05-29,2023-05,False,False,True
main,887284572,60,9,Character Event,,38,2023-05-30 22:14:59,debate_club,Debate Club,weapon,3,1,,,True,2023-05-30,2023-05,False,False,True
main,887284572,60,9,Character Event,,39,2023-05-31 03:56:26,emerald_orb,Emerald Orb,weapon,3,1,,,True,2023-05-31,2023-05,False,False,True
main,887284572,60,9,Character Event,,40,2023-05-31 16:00:48,ferrous_shadow,Ferrous Shadow,weapon,3,1,,,True,2023-05-31,2023-05,False,False,True
main,887284572,60,9,Character Event,,41,2023-05-31 16:56:34,slingshot,Slingshot,weapon,3,1,,,True,2023-05-31,2023-05,False,False,True
main,887284572,60,9,Character Event,,42,2023-05-31 16:56:47,ferrous_shadow,Ferrous Shadow,weapon,3,1,,,True,2023-05-31,2023-05,False,False,True
main,887284572,60,9,Character Event,,43,2023-05-31 16:56:58,cool_steel,Cool Steel,weapon,3,1,,,True,2023-05-31,2023-05,False,False,True
main,887284572,60,9,Character Event,,44,2023-05-31 16:57:08,the_stringless,The Stringless,weapon,4,10,0.0,Lose,True,2023-05-31,2023-05,False,True,False
main,887284572,60,9,Character Event,,45,2023-05-31 16:58:35,slingshot,Slingshot,weapon,3,1,,,True,2023-05-31,2023-05,False,False,True
main,887284572,60,9,Character Event,,46,2023-05-31 16:58:46,sharpshooters_oath,Sharpshooter's Oath,weapon,3,1,,,True,2023-05-31,2023-05,False,False,True
main,887284572,60,9,Character Event,,47,2023-05-31 16:58:56,skyrider_sword,Skyrider Sword,weapon,3,1,,,True,2023-05-31,2023-05,False,False,True
main,887284572,60,9,Character Event,,48,2023-05-31 16:59:06,cool_steel,Cool Steel,weapon,3,1,,,True,2023-05-31,2023-05,False,False,True
main,887284572,60,9,Character Event,,49,2023-05-31 16:59:16,black_tassel,Black Tassel,weapon,3,1,,,True,2023-05-31,2023-05,False,False,True
main,887284572,60,9,Character Event,,50,2023-05-31 16:59:26,black_tassel,Black Tassel,weapon,3,1,,,True,2023-05-31,2023-05,False,False,True
main,887284572,60,9,Character Event,,51,2023-05-31 16:59:37,debate_club,Debate Club,weapon,3,1,,,True,2023-05-31,2023-05,False,False,True
main,887284572,60,9,Character Event,,52,2023-05-31 16:59:47,harbinger_of_dawn,Harbinger of Dawn,weapon,3,1,,,True,2023-05-31,2023-05,False,False,True
main,887284572,60,9,Character Event,,53,2023-05-31 17:26:36,yun_jin,Yun Jin,character,4,9,2.0,Guaranteed,True,2023-05-31,2023-05,False,True,False
main,887284572,60,9,Character Event,,54,2023-06-01 05:15:01,thrilling_tales_of_dragon_slayers,Thrilling Tales of Dragon Slayers,weapon,3,1,,,True,2023-06-01,2023-06,False,False,True
main,887284572,60,9,Character Event,,55,2023-06-01 18:15:23,harbinger_of_dawn,Harbinger of Dawn,weapon,3,1,,,True,2023-06-01,2023-06,False,False,True
main,887284572,60,9,Character Event,,56,2023-06-01 18:15:34,black_tassel,Black Tassel,weapon,3,1,,,True,2023-06-01,2023-06,False,False,True
main,887284572,60,9,Character Event,,57,2023-06-01 18:15:42,harbinger_of_dawn,Harbinger of Dawn,weapon,3,1,,,True,2023-06-01,2023-06,False,False,True
main,887284572,60,9,Character Event,,58,2023-06-01 18:15:51,raven_bow,Raven Bow,weapon,3,1,,,True,2023-06-01,2023-06,False,False,True
main,887284572,60,9,Character Event,,59,2023-06-01 18:16:01,harbinger_of_dawn,Harbinger of Dawn,weapon,3,1,,,True,2023-06-01,2023-06,False,False,True
main,887284572,60,9,Character Event,,60,2023-06-01 18:16:13,debate_club,Debate Club,weapon,3,1,,,True,2023-06-01,2023-06,False,False,True
main,887284572,60,9,Character Event,,61,2023-06-01 18:16:34,magic_guide,Magic Guide,weapon,3,1,,,True,2023-06-01,2023-06,False,False,True
main,887284572,60,9,Character Event,,62,2023-06-01 18:47:03,favonius_codex,Favonius Codex,weapon,4,9,0.0,Lose,True,2023-06-01,2023-06,False,True,False
main,887284572,60,9,Character Event,,63,2023-06-01 18:54:18,ferrous_shadow,Ferrous Shadow,weapon,3,1,,,True,2023-06-01,2023-06,False,False,True
main,887284572,60,9,Character Event,,64,2023-06-02 05:18:37,emerald_orb,Emerald Orb,weapon,3,1,,,True,2023-06-02,2023-06,False,False,True
main,887284572,60,9,Character Event,,65,2023-06-02 05:18:51,cool_steel,Cool Steel,weapon,3,1,,,True,2023-06-02,2023-06,False,False,True
main,887284572,60,9,Character Event,,66,2023-06-02 05:19:02,harbinger_of_dawn,Harbinger of Dawn,weapon,3,1,,,True,2023-06-02,2023-06,False,False,True
main,887284572,60,9,Character Event,,67,2023-06-02 08:29:47,magic_guide,Magic Guide,weapon,3,1,,,True,2023-06-02,2023-06,False,False,True
main,887284572,60,9,Character Event,,68,2023-06-02 08:30:51,cool_steel,Cool Steel,weapon,3,1,,,True,2023-06-02,2023-06,False,False,True
main,887284572,60,9,Character Event,,69,2023-06-02 19:51:44,emerald_orb,Emerald Orb,weapon,3,1,,,True,2023-06-02,2023-06,False,False,True
main,887284572,60,9,Character Event,,70,2023-06-02 20:04:38,debate_club,Debate Club,weapon,3,1,,,True,2023-06-02,2023-06,False,False,True
main,887284572,60,9,Character Event,,71,2023-06-03 02:34:15,kirara,Kirara,character,4,9,2.0,Guaranteed,True,2023-06-03,2023-06,False,True,False
main,887284572,60,9,Character Event,,72,2023-06-03 11:36:29,magic_guide,Magic Guide,weapon,3,1,,,True,2023-06-03,2023-06,False,False,True
main,887284572,60,9,Character Event,,73,2023-06-03 11:36:41,emerald_orb,Emerald Orb,weapon,3,1,,,True,2023-06-03,2023-06,False,False,True
main,887284572,60,9,Character Event,,74,2023-06-03 11:36:50,cool_steel,Cool Steel,weapon,3,1,,,True,2023-06-03,2023-06,False,False,True
main,887284572,60,9,Character Event,,75,2023-06-04 13:07:00,sharpshooters_oath,Sharpshooter's Oath,weapon,3,1,,,True,2023-06-04,2023-06,False,False,True
main,887284572,60,9,Character Event,,76,2023-06-04 13:07:09,yoimiya,Yoimiya,character,5,76,1.0,Win,True,2023-06-04,2023-06,True,False,False
main,887284572,60,9,Character Event,,77,2023-06-13 09:54:13,cool_steel,Cool Steel,weapon,3,1,,,True,2023-06-13,2023-06,False,False,True
main,887284572,60,9,Character Event,400,78,2023-06-13 18:07:30,slingshot,Slingshot,weapon,3,1,,,True,2023-06-13,2023-06,False,False,True
main,887284572,60,9,Character Event,400,79,2023-06-13 18:07:30,black_tassel,Black Tassel,weapon,3,1,,,True,2023-06-13,2023-06,False,False,True
main,887284572,60,9,Character Event,400,80,2023-06-13 18:07:30,yaoyao,Yaoyao,character,4,9,1.0,Win,True,2023-06-13,2023-06,False,True,False
main,887284572,60,9,Character Event,400,81,2023-06-13 18:07:30,debate_club,Debate Club,weapon,3,1,,,True,2023-06-13,2023-06,False,False,True
main,887284572,60,9,Character Event,400,82,2023-06-13 18:07:30,slingshot,Slingshot,weapon,3,1,,,True,2023-06-13,2023-06,False,False,True
main,887284572,60,9,Character Event,400,83,2023-06-13 18:07:30,bloodtainted_greatsword,Bloodtainted Greatsword,weapon,3,1,,,True,2023-06-13,2023-06,False,False,True
main,887284572,60,9,Character Event,400,84,2023-06-13 18:07:30,raven_bow,Raven Bow,weapon,3,1,,,True,2023-06-13,2023-06,False,False,True
main,887284572,60,9,Character Event,400,85,2023-06-13 18:07:30,ferrous_shadow,Ferrous Shadow,weapon,3,1,,,True,2023-06-13,2023-06,False,False,True
main,887284572,60,9,Character Event,400,86,2023-06-13 18:07:30,slingshot,Slingshot,weapon,3,1,,,True,2023-06-13,2023-06,False,False,True
main,887284572,60,9,Character Event,400,87,2023-06-13 18:07:30,sharpshooters_oath,Sharpshooter's Oath,weapon,3,1,,,True,2023-06-13,2023-06,False,False,True
main,887284572,60,9,Character Event,400,88,2023-06-13 18:07:51,xiangling,Xiangling,character,4,8,1.0,Win,True,2023-06-13,2023-06,False,True,False
main,887284572,60,9,Character Event,400,89,2023-06-13 18:07:51,sharpshooters_oath,Sharpshooter's Oath,weapon,3,1,,,True,2023-06-13,2023-06,False,False,True
main,887284572,60,9,Character Event,400,90,2023-06-13 18:07:51,harbinger_of_dawn,Harbinger of Dawn,weapon,3,1,,,True,2023-06-13,2023-06,False,False,True
main,887284572,60,9,Character Event,400,91,2023-06-13 18:07:51,kaedehara_kazuha,Kaedehara Kazuha,character,5,15,1.0,Win,True,2023-06-13,2023-06,True,False,False
main,887284572,60,9,Character Event,400,92,2023-06-13 18:07:51,harbinger_of_dawn,Harbinger of Dawn,weapon,3,1,,,True,2023-06-13,2023-06,False,False,True
main,887284572,60,9,Character Event,400,93,2023-06-13 18:07:51,slingshot,Slingshot,weapon,3,1,,,True,2023-06-13,2023-06,False,False,True
main,887284572,60,9,Character Event,400,94,2023-06-13 18:07:51,harbinger_of_dawn,Harbinger of Dawn,weapon,3,1,,,True,2023-06-13,2023-06,False,False,True
main,887284572,60,9,Character Event,400,95,2023-06-13 18:07:51,debate_club,Debate Club,weapon,3,1,,,True,2023-06-13,2023-06,False,False,True
main,887284572,60,9,Character Event,400,96,2023-06-13 18:07:51,harbinger_of_dawn,Harbinger of Dawn,weapon,3,1,,,True,2023-06-13,2023-06,False,False,True
main,887284572,60,9,Character Event,400,97,2023-06-13 18:07:51,sacrificial_fragments,Sacrificial Fragments,weapon,4,9,0.0,Lose,True,2023-06-13,2023-06,False,True,False
main,887284572,60,9,Character Event,,98,2023-06-13 18:09:32,magic_guide,Magic Guide,weapon,3,1,,,True,2023-06-13,2023-06,False,False,True
main,887284572,60,9,Character Event,,99,2023-06-13 18:09:41,cool_steel,Cool Steel,weapon,3,1,,,True,2023-06-13,2023-06,False,False,True
main,887284572,60,9,Character Event,,100,2023-06-13 18:09:50,debate_club,Debate Club,weapon,3,1,,,True,2023-06-13,2023-06,False,False,True
main,887284572,60,9,Character Event,,101,2023-06-13 18:09:59,cool_steel,Cool Steel,weapon,3,1,,,True,2023-06-13,2023-06,False,False,True
main,887284572,60,9,Character Event,,102,2023-06-13 18:10:08,magic_guide,Magic Guide,weapon,3,1,,,True,2023-06-13,2023-06,False,False,True
main,887284572,60,9,Character Event,,103,2023-06-13 18:10:17,harbinger_of_dawn,Harbinger of Dawn,weapon,3,1,,,True,2023-06-13,2023-06,False,False,True
main,887284572,60,9,Character Event,,104,2023-06-13 18:10:26,harbinger_of_dawn,Harbinger of Dawn,weapon,3,1,,,True,2023-06-13,2023-06,False,False,True
main,887284572,60,9,Character Event,,105,2023-06-13 18:10:35,bloodtainted_greatsword,Bloodtainted Greatsword,weapon,3,1,,,True,2023-06-13,2023-06,False,False,True
main,887284572,60,9,Character Event,,106,2023-06-13 18:52:14,magic_guide,Magic Guide,weapon,3,1,,,True,2023-06-13,2023-06,False,False,True
main,887284572,60,9,Character Event,,107,2023-06-13 21:32:13,yaoyao,Yaoyao,character,4,10,2.0,Guaranteed,True,2023-06-13,2023-06,False,True,False
main,887284572,60,9,Character Event,,108,2023-06-17 19:12:32,emerald_orb,Emerald Orb,weapon,3,1,,,True,2023-06-17,2023-06,False,False,True
main,887284572,60,9,Character Event,,109,2023-06-17 19:12:32,thrilling_tales_of_dragon_slayers,Thrilling Tales of Dragon Slayers,weapon,3,1,,,True,2023-06-17,2023-06,False,False,True
main,887284572,60,9,Character Event,,110,2023-06-17 19:12:32,thrilling_tales_of_dragon_slayers,Thrilling Tales of Dragon Slayers,weapon,3,1,,,True,2023-06-17,2023-06,False,False,True
main,887284572,60,9,Character Event,,111,2023-06-17 19:12:32,slingshot,Slingshot,weapon,3,1,,,True,2023-06-17,2023-06,False,False,True
main,887284572,60,9,Character Event,,112,2023-06-17 19:12:32,raven_bow,Raven Bow,weapon,3,1,,,True,2023-06-17,2023-06,False,False,True
main,887284572,60,9,Character Event,,113,2023-06-17 19:12:32,slingshot,Slingshot,weapon,3,1,,,True,2023-06-17,2023-06,False,False,True
main,887284572,60,9,Character Event,,114,2023-06-17 19:12:32,slingshot,Slingshot,weapon,3,1,,,True,2023-06-17,2023-06,False,False,True
main,887284572,60,9,Character Event,,115,2023-06-17 19:12:32,cool_steel,Cool Steel,weapon,3,1,,,True,2023-06-17,2023-06,False,False,True
main,887284572,60,9,Character Event,,116,2023-06-17 19:12:32,bloodtainted_greatsword,Bloodtainted Greatsword,weapon,3,1,,,True,2023-06-17,2023-06,False,False,True
main,887284572,60,9,Character Event,,117,2023-06-17 19:12:32,the_stringless,The Stringless,weapon,4,10,0.0,Lose,True,2023-06-17,2023-06,False,True,False
main,887284572,60,9,Character Event,,118,2023-06-17 19:13:02,thrilling_tales_of_dragon_slayers,Thrilling Tales of Dragon Slayers,weapon,3,1,,,True,2023-06-17,2023-06,False,False,True
main,887284572,60,9,Character Event,,119,2023-06-17 19:13:02,slingshot,Slingshot,weapon,3,1,,,True,2023-06-17,2023-06,False,False,True
main,887284572,60,9,Character Event,,120,2023-06-17 19:13:02,slingshot,Slingshot,weapon,3,1,,,True,2023-06-17,2023-06,False,False,True
main,887284572,60,9,Character Event,,121,2023-06-17 19:13:02,skyrider_sword,Skyrider Sword,weapon,3,1,,,True,2023-06-17,2023-06,False,False,True
main,887284572,60,9,Character Event,,122,2023-06-17 19:13:02,black_tassel,Black Tassel,weapon,3,1,,,True,2023-06-17,2023-06,False,False,True
main,887284572,60,9,Character Event,,123,2023-06-17 19:13:02,raven_bow,Raven Bow,weapon,3,1,,,True,2023-06-17,2023-06,False,False,True
main,887284572,60,9,Character Event,,124,2023-06-17 19:13:02,harbinger_of_dawn,Harbinger of Dawn,weapon,3,1,,,True,2023-06-17,2023-06,False,False,True
main,887284572,60,9,Character Event,,125,2023-06-17 19:13:02,ferrous_shadow,Ferrous Shadow,weapon,3,1,,,True,2023-06-17,2023-06,False,False,True
main,887284572,60,9,Character Event,,126,2023-06-17 19:13:02,debate_club,Debate Club,weapon,3,1,,,True,2023-06-17,2023-06,False,False,True
main,887284572,60,9,Character Event,,127,2023-06-17 19:13:02,xiangling,Xiangling,character,4,10,2.0,Guaranteed,True,2023-06-17,2023-06,False,True,False
main,887284572,60,9,Character Event,,128,2023-06-17 22:07:06,slingshot,Slingshot,weapon,3,1,,,True,2023-06-17,2023-06,False,False,True
main,887284572,60,9,Character Event,,129,2023-06-17 23:54:04,harbinger_of_dawn,Harbinger of Dawn,weapon,3,1,,,True,2023-06-17,2023-06,False,False,True
main,887284572,60,9,Character Event,,130,2023-06-18 23:09:22,black_tassel,Black Tassel,weapon,3,1,,,True,2023-06-18,2023-06,False,False,True
main,887284572,60,9,Character Event,,131,2023-06-19 10:03:01,xiangling,Xiangling,character,4,4,1.0,Win,True,2023-06-19,2023-06,False,True,False
main,887284572,60,9,Character Event,,132,2023-06-20 10:35:05,debate_club,Debate Club,weapon,3,1,,,True,2023-06-20,2023-06,False,False,True
main,887284572,60,9,Character Event,,133,2023-06-20 13:16:05,ferrous_shadow,Ferrous Shadow,weapon,3,1,,,True,2023-06-20,2023-06,False,False,True
main,887284572,60,9,Character Event,,134,2023-06-20 21:56:34,ferrous_shadow,Ferrous Shadow,weapon,3,1,,,True,2023-06-20,2023-06,False,False,True
main,887284572,60,9,Character Event,,135,2023-06-21 10:08:38,black_tassel,Black Tassel,weapon,3,1,,,True,2023-06-21,2023-06,False,False,True
main,887284572,60,9,Character Event,,136,2023-06-21 10:25:59,xiangling,Xiangling,character,4,5,1.0,Win,True,2023-06-21,2023-06,False,True,False
main,887284572,60,9,Character Event,,137,2023-06-21 18:23:29,raven_bow,Raven Bow,weapon,3,1,,,True,2023-06-21,2023-06,False,False,True
main,887284572,60,9,Character Event,,138,2023-06-21 20:09:01,debate_club,Debate Club,weapon,3,1,,,True,2023-06-21,2023-06,False,False,True
main,887284572,60,9,Character Event,400,139,2023-06-21 21:38:02,raven_bow,Raven Bow,weapon,3,1,,,True,2023-06-21,2023-06,False,False,True
main,887284572,60,9,Character Event,400,140,2023-06-21 22:50:31,emerald_orb,Emerald Orb,weapon,3,1,,,True,2023-06-21,2023-06,False,False,True
main,887284572,60,9,Character Event,400,141,2023-06-21 23:42:42,black_tassel,Black Tassel,weapon,3,1,,,True,2023-06-21,2023-06,False,False,True
main,887284572,60,9,Character Event,,142,2023-06-22 00:20:47,shikanoin_heizou,Shikanoin Heizou,character,4,6,1.0,Win,True,2023-06-22,2023-06,False,True,False
main,887284572,60,9,Character Event,,143,2023-06-22 00:21:08,magic_guide,Magic Guide,weapon,3,1,,,True,2023-06-22,2023-06,False,False,True
main,887284572,60,9,Character Event,,144,2023-06-22 09:18:07,skyrider_sword,Skyrider Sword,weapon,3,1,,,True,2023-06-22,2023-06,False,False,True
main,887284572,60,9,Character Event,,145,2023-06-22 11:47:39,skyrider_sword,Skyrider Sword,weapon,3,1,,,True,2023-06-22,2023-06,False,False,True
main,887284572,60,9,Character Event,,146,2023-06-22 11:54:17,emerald_orb,Emerald Orb,weapon,3,1,,,True,2023-06-22,2023-06,False,False,True
main,887284572,60,9,Character Event,,147,2023-06-22 15:15:43,harbinger_of_dawn,Harbinger of Dawn,weapon,3,1,,,True,2023-06-22,2023-06,False,False,True
main,887284572,60,9,Character Event,,148,2023-06-22 15:15:54,slingshot,Slingshot,weapon,3,1,,,True,2023-06-22,2023-06,False,False,True
main,887284572,60,9,Character Event,,149,2023-06-22 15:16:02,emerald_orb,Emerald Orb,weapon,3,1,,,True,2023-06-22,2023-06,False,False,True
main,887284572,60,9,Character Event,,150,2023-06-22 15:16:10,raven_bow,Raven Bow,weapon,3,1,,,True,2023-06-22,2023-06,False,False,True
main,887284572,60,9,Character Event,,151,2023-06-22 15:16:19,thrilling_tales_of_dragon_slayers,Thrilling Tales of Dragon Slayers,weapon,3,1,,,True,2023-06-22,2023-06,False,False,True
main,887284572,60,9,Character Event,,152,2023-06-22 15:16:28,sacrificial_sword,Sacrificial Sword,weapon,4,10,0.0,Lose,True,2023-06-22,2023-06,False,True,False
main,887284572,60,9,Character Event,,153,2023-06-22 23:15:32,emerald_orb,Emerald Orb,weapon,3,1,,,True,2023-06-22,2023-06,False,False,True
main,887284572,60,9,Character Event,,154,2023-06-22 23:15:43,thrilling_tales_of_dragon_slayers,Thrilling Tales of Dragon Slayers,weapon,3,1,,,True,2023-06-22,2023-06,False,False,True
main,887284572,60,9,Character Event,,155,2023-06-22 23:50:45,magic_guide,Magic Guide,weapon,3,1,,,True,2023-06-22,2023-06,False,False,True
main,887284572,60,9,Character Event,,156,2023-06-23 01:58:45,ferrous_shadow,Ferrous Shadow,weapon,3,1,,,True,2023-06-23,2023-06,False,False,True
main,887284572,60,9,Character Event,,157,2023-06-23 02:28:32,thrilling_tales_of_dragon_slayers,Thrilling Tales of Dragon Slayers,weapon,3,1,,,True,2023-06-23,2023-06,False,False,True
main,887284572,60,9,Character Event,,158,2023-06-23 09:23:36,debate_club,Debate Club,weapon,3,1,,,True,2023-06-23,2023-06,False,False,True
main,887284572,60,9,Character Event,,159,2023-06-23 10:06:03,harbinger_of_dawn,Harbinger of Dawn,weapon,3,1,,,True,2023-06-23,2023-06,False,False,True
main,887284572,60,9,Character Event,,160,2023-06-23 11:55:40,bloodtainted_greatsword,Bloodtainted Greatsword,weapon,3,1,,,True,2023-06-23,2023-06,False,False,True
main,887284572,60,9,Character Event,,161,2023-06-23 13:11:53,bloodtainted_greatsword,Bloodtainted Greatsword,weapon,3,1,,,True,2023-06-23,2023-06,False,False,True
main,887284572,60,9,Character Event,,162,2023-06-23 13:23:28,yaoyao,Yaoyao,character,4,10,2.0,Guaranteed,True,2023-06-23,2023-06,False,True,False
main,887284572,60,9,Character Event,,163,2023-06-23 13:23:39,thrilling_tales_of_dragon_slayers,Thrilling Tales of Dragon Slayers,weapon,3,1,,,True,2023-06-23,2023-06,False,False,True
main,887284572,60,9,Character Event,,164,2023-06-23 14:32:35,magic_guide,Magic Guide,weapon,3,1,,,True,2023-06-23,2023-06,False,False,True
main,887284572,60,9,Character Event,,165,2023-06-23 18:35:42,thrilling_tales_of_dragon_slayers,Thrilling Tales of Dragon Slayers,weapon,3,1,,,True,2023-06-23,2023-06,False,False,True
main,887284572,60,9,Character Event,,166,2023-06-23 21:16:04,ferrous_shadow,Ferrous Shadow,weapon,3,1,,,True,2023-06-23,2023-06,False,False,True
main,887284572,60,9,Character Event,,167,2023-06-23 21:16:16,thrilling_tales_of_dragon_slayers,Thrilling Tales of Dragon Slayers,weapon,3,1,,,True,2023-06-23,2023-06,False,False,True
main,887284572,60,9,Character Event,,168,2023-06-23 22:11:56,xiangling,Xiangling,character,4,6,1.0,Win,True,2023-06-23,2023-06,False,True,False
main,887284572,60,9,Character Event,,169,2023-06-23 22:12:09,harbinger_of_dawn,Harbinger of Dawn,weapon,3,1,,,True,2023-06-23,2023-06,False,False,True
main,887284572,60,9,Character Event,,170,2023-06-24 00:04:18,slingshot,Slingshot,weapon,3,1,,,True,2023-06-24,2023-06,False,False,True
main,887284572,60,9,Character Event,,171,2023-06-24 01:09:28,rainslasher,Rainslasher,weapon,4,3,0.0,Lose,True,2023-06-24,2023-06,False,True,False
main,887284572,60,9,Character Event,,172,2023-06-24 08:41:54,raven_bow,Raven Bow,weapon,3,1,,,True,2023-06-24,2023-06,False,False,True
main,887284572,60,9,Character Event,,173,2023-06-24 19:08:30,yaoyao,Yaoyao,character,4,2,2.0,Guaranteed,True,2023-06-24,2023-06,False,True,False
main,887284572,60,9,Character Event,,174,2023-06-25 09:41:22,sharpshooters_oath,Sharpshooter's Oath,weapon,3,1,,,True,2023-06-25,2023-06,False,False,True
main,887284572,60,9,Character Event,,175,2023-06-25 10:14:55,alhaitham,Alhaitham,character,5,84,1.0,Win,True,2023-06-25,2023-06,True,False,False
main,887284572,60,9,Character Event,,176,2023-06-25 16:31:16,harbinger_of_dawn,Harbinger of Dawn,weapon,3,1,,,True,2023-06-25,2023-06,False,False,True
main,887284572,60,9,Character Event,,177,2023-06-25 18:46:43,sharpshooters_oath,Sharpshooter's Oath,weapon,3,1,,,True,2023-06-25,2023-06,False,False,True
main,887284572,60,9,Character Event,,178,2023-06-25 20:24:49,raven_bow,Raven Bow,weapon,3,1,,,True,2023-06-25,2023-06,False,False,True
main,887284572,60,9,Character Event,,179,2023-06-25 20:25:01,raven_bow,Raven Bow,weapon,3,1,,,True,2023-06-25,2023-06,False,False,True
main,887284572,60,9,Character Event,,180,2023-06-25 22:30:17,debate_club,Debate Club,weapon,3,1,,,True,2023-06-25,2023-06,False,False,True
main,887284572,60,9,Character Event,,181,2023-06-26 00:03:03,cool_steel,Cool Steel,weapon,3,1,,,True,2023-06-26,2023-06,False,False,True
main,887284572,60,9,Character Event,400,182,2023-06-26 04:32:33,yaoyao,Yaoyao,character,4,9,1.0,Win,True,2023-06-26,2023-06,False,True,False
main,887284572,60,9,Character Event,400,183,2023-06-26 04:32:47,slingshot,Slingshot,weapon,3,1,,,True,2023-06-26,2023-06,False,False,True
main,887284572,60,9,Character Event,400,184,2023-06-26 04:32:56,magic_guide,Magic Guide,weapon,3,1,,,True,2023-06-26,2023-06,False,False,True
main,887284572,60,9,Character Event,400,185,2023-06-26 04:33:06,raven_bow,Raven Bow,weapon,3,1,,,True,2023-06-26,2023-06,False,False,True
main,887284572,60,9,Character Event,400,186,2023-06-26 04:33:16,skyrider_sword,Skyrider Sword,weapon,3,1,,,True,2023-06-26,2023-06,False,False,True
main,887284572,60,9,Character Event,400,187,2023-06-26 04:33:25,harbinger_of_dawn,Harbinger of Dawn,weapon,3,1,,,True,2023-06-26,2023-06,False,False,True
main,887284572,60,9,Character Event,400,188,2023-06-26 05:03:06,black_tassel,Black Tassel,weapon,3,1,,,True,2023-06-26,2023-06,False,False,True
main,887284572,60,9,Character Event,,189,2023-06-26 10:07:03,bloodtainted_greatsword,Bloodtainted Greatsword,weapon,3,1,,,True,2023-06-26,2023-06,False,False,True
main,887284572,60,9,Character Event,,190,2023-06-26 10:07:15,ferrous_shadow,Ferrous Shadow,weapon,3,1,,,True,2023-06-26,2023-06,False,False,True
main,887284572,60,9,Character Event,,191,2023-06-26 12:15:19,shikanoin_heizou,Shikanoin Heizou,character,4,9,1.0,Win,True,2023-06-26,2023-06,False,True,False
main,887284572,60,9,Character Event,400,192,2023-06-26 23:24:23,black_tassel,Black Tassel,weapon,3,1,,,True,2023-06-26,2023-06,False,False,True
main,887284572,60,9,Character Event,400,193,2023-06-26 23:24:34,sacrificial_greatsword,Sacrificial Greatsword,weapon,4,2,0.0,Lose,True,2023-06-26,2023-06,False,True,False
main,887284572,60,9,Character Event,400,194,2023-06-26 23:28:11,cool_steel,Cool Steel,weapon,3,1,,,True,2023-06-26,2023-06,False,False,True
main,887284572,60,9,Character Event,,195,2023-06-27 09:51:55,bloodtainted_greatsword,Bloodtainted Greatsword,weapon,3,1,,,True,2023-06-27,2023-06,False,False,True
main,887284572,60,9,Character Event,,196,2023-06-27 09:52:07,magic_guide,Magic Guide,weapon,3,1,,,True,2023-06-27,2023-06,False,False,True
main,887284572,60,9,Character Event,,197,2023-06-27 11:20:47,emerald_orb,Emerald Orb,weapon,3,1,,,True,2023-06-27,2023-06,False,False,True
main,887284572,60,9,Character Event,,198,2023-06-27 13:41:09,yaoyao,Yaoyao,character,4,5,2.0,Guaranteed,True,2023-06-27,2023-06,False,True,False
main,887284572,60,9,Character Event,400,199,2023-06-27 16:19:41,ferrous_shadow,Ferrous Shadow,weapon,3,1,,,True,2023-06-27,2023-06,False,False,True
main,887284572,60,9,Character Event,400,200,2023-06-27 18:08:04,emerald_orb,Emerald Orb,weapon,3,1,,,True,2023-06-27,2023-06,False,False,True
main,887284572,60,9,Character Event,400,201,2023-07-02 13:22:48,thrilling_tales_of_dragon_slayers,Thrilling Tales of Dragon Slayers,weapon,3,1,,,True,2023-07-02,2023-07,False,False,True
main,887284572,60,9,Character Event,400,202,2023-07-02 13:22:48,diona,Diona,character,4,4,0.0,Lose,True,2023-07-02,2023-07,False,True,False
main,887284572,60,9,Character Event,400,203,2023-07-02 13:22:48,debate_club,Debate Club,weapon,3,1,,,True,2023-07-02,2023-07,False,False,True
main,887284572,60,9,Character Event,400,204,2023-07-02 13:22:48,magic_guide,Magic Guide,weapon,3,1,,,True,2023-07-02,2023-07,False,False,True
main,887284572,60,9,Character Event,400,205,2023-07-02 13:22:48,harbinger_of_dawn,Harbinger of Dawn,weapon,3,1,,,True,2023-07-02,2023-07,False,False,True
main,887284572,60,9,Character Event,400,206,2023-07-02 13:22:48,cool_steel,Cool Steel,weapon,3,1,,,True,2023-07-02,2023-07,False,False,True
main,887284572,60,9,Character Event,400,207,2023-07-02 13:22:48,sharpshooters_oath,Sharpshooter's Oath,weapon,3,1,,,True,2023-07-02,2023-07,False,False,True
main,887284572,60,9,Character Event,400,208,2023-07-02 13:22:48,shikanoin_heizou,Shikanoin Heizou,character,4,6,2.0,Guaranteed,True,2023-07-02,2023-07,False,True,False
main,887284572,60,9,Character Event,400,209,2023-07-02 13:22:48,black_tassel,Black Tassel,weapon,3,1,,,True,2023-07-02,2023-07,False,False,True
main,887284572,60,9,Character Event,400,210,2023-07-02 13:22:48,black_tassel,Black Tassel,weapon,3,1,,,True,2023-07-02,2023-07,False,False,True
main,887284572,60,9,Character Event,400,211,2023-07-02 13:23:11,ferrous_shadow,Ferrous Shadow,weapon,3,1,,,True,2023-07-02,2023-07,False,False,True
main,887284572,60,9,Character Event,400,212,2023-07-02 13:23:19,raven_bow,Raven Bow,weapon,3,1,,,True,2023-07-02,2023-07,False,False,True
main,887284572,60,9,Character Event,400,213,2023-07-02 13:23:28,black_tassel,Black Tassel,weapon,3,1,,,True,2023-07-02,2023-07,False,False,True
main,887284572,60,9,Character Event,400,214,2023-07-02 13:23:37,xiangling,Xiangling,character,4,6,1.0,Win,True,2023-07-02,2023-07,False,True,False
main,887284572,60,9,Character Event,,215,2023-07-03 05:14:26,raven_bow,Raven Bow,weapon,3,1,,,True,2023-07-03,2023-07,False,False,True
main,887284572,60,9,Character Event,400,216,2023-07-04 01:59:10,harbinger_of_dawn,Harbinger of Dawn,weapon,3,1,,,True,2023-07-04,2023-07,False,False,True
main,887284572,60,9,Character Event,400,217,2023-07-04 10:40:00,debate_club,Debate Club,weapon,3,1,,,True,2023-07-04,2023-07,False,False,True
main,887284572,60,9,Character Event,,218,2023-07-05 12:16:50,emerald_orb,Emerald Orb,weapon,3,1,,,True,2023-07-05,2023-07,False,False,True
main,887284572,60,9,Character Event,,219,2023-07-05 12:17:00,raven_bow,Raven Bow,weapon,3,1,,,True,2023-07-05,2023-07,False,False,True
main,887284572,60,9,Character Event,,220,2023-07-05 12:17:08,bloodtainted_greatsword,Bloodtainted Greatsword,weapon,3,1,,,True,2023-07-05,2023-07,False,False,True
main,887284572,60,9,Character Event,,221,2023-07-05 12:17:17,debate_club,Debate Club,weapon,3,1,,,True,2023-07-05,2023-07,False,False,True
main,887284572,60,9,Character Event,,222,2023-07-05 12:17:24,thrilling_tales_of_dragon_slayers,Thrilling Tales of Dragon Slayers,weapon,3,1,,,True,2023-07-05,2023-07,False,False,True
main,887284572,60,9,Character Event,,223,2023-07-05 12:17:32,sacrificial_sword,Sacrificial Sword,weapon,4,9,0.0,Lose,True,2023-07-05,2023-07,False,True,False
main,887284572,60,9,Character Event,,224,2023-07-05 12:17:43,debate_club,Debate Club,weapon,3,1,,,True,2023-07-05,2023-07,False,False,True
main,887284572,60,9,Character Event,,225,2023-07-05 12:17:50,ferrous_shadow,Ferrous Shadow,weapon,3,1,,,True,2023-07-05,2023-07,False,False,True
main,887284572,60,9,Character Event,,226,2023-07-05 15:59:34,bloodtainted_greatsword,Bloodtainted Greatsword,weapon,3,1,,,True,2023-07-05,2023-07,False,False,True
main,887284572,60,9,Character Event,,227,2023-07-06 14:35:42,skyrider_sword,Skyrider Sword,weapon,3,1,,,True,2023-07-06,2023-07,False,False,True
main,887284572,60,9,Character Event,,228,2023-07-06 14:35:55,black_tassel,Black Tassel,weapon,3,1,,,True,2023-07-06,2023-07,False,False,True
main,887284572,60,9,Character Event,,229,2023-07-08 00:24:45,debate_club,Debate Club,weapon,3,1,,,True,2023-07-08,2023-07,False,False,True
main,887284572,60,9,Character Event,,230,2023-07-08 00:24:55,raven_bow,Raven Bow,weapon,3,1,,,True,2023-07-08,2023-07,False,False,True
main,887284572,60,9,Character Event,,231,2023-07-08 00:25:05,ferrous_shadow,Ferrous Shadow,weapon,3,1,,,True,2023-07-08,2023-07,False,False,True
main,887284572,60,9,Character Event,,232,2023-07-08 00:25:14,thoma,Thoma,character,4,9,2.0,Guaranteed,True,2023-07-08,2023-07,False,True,False
main,887284572,60,9,Character Event,,233,2023-07-08 00:25:26,skyrider_sword,Skyrider Sword,weapon,3,1,,,True,2023-07-08,2023-07,False,False,True
main,887284572,60,9,Character Event,,234,2023-07-08 00:25:34,black_tassel,Black Tassel,weapon,3,1,,,True,2023-07-08,2023-07,False,False,True
main,887284572,60,9,Character Event,,235,2023-07-09 21:06:11,magic_guide,Magic Guide,weapon,3,1,,,True,2023-07-09,2023-07,False,False,True
main,887284572,60,9,Character Event,,236,2023-07-09 21:06:27,bloodtainted_greatsword,Bloodtainted Greatsword,weapon,3,1,,,True,2023-07-09,2023-07,False,False,True
main,887284572,60,9,Character Event,,237,2023-07-09 21:06:38,magic_guide,Magic Guide,weapon,3,1,,,True,2023-07-09,2023-07,False,False,True
main,887284572,60,9,Character Event,,238,2023-07-16 21:45:31,slingshot,Slingshot,weapon,3,1,,,True,2023-07-16,2023-07,False,False,True
main,887284572,60,9,Character Event,,239,2023-07-16 21:45:53,ferrous_shadow,Ferrous Shadow,weapon,3,1,,,True,2023-07-16,2023-07,False,False,True
main,887284572,60,9,Character Event,,240,2023-07-20 14:35:25,thrilling_tales_of_dragon_slayers,Thrilling Tales of Dragon Slayers,weapon,3,1,,,True,2023-07-20,2023-07,False,False,True
main,887284572,60,9,Character Event,,241,2023-07-20 14:35:25,thoma,Thoma,character,4,9,1.0,Win,True,2023-07-20,2023-07,False,True,False
main,887284572,60,9,Character Event,,242,2023-07-20 14:35:25,bloodtainted_greatsword,Bloodtainted Greatsword,weapon,3,1,,,True,2023-07-20,2023-07,False,False,True
main,887284572,60,9,Character Event,,243,2023-07-20 14:35:25,ferrous_shadow,Ferrous Shadow,weapon,3,1,,,True,2023-07-20,2023-07,False,False,True
main,887284572,60,9,Character Event,,244,2023-07-20 14:35:25,mika,Mika,character,4,3,1.0,Win,True,2023-07-20,2023-07,False,True,False
main,887284572,60,9,Character Event,,245,2023-07-20 14:35:25,harbinger_of_dawn,Harbinger of Dawn,weapon,3,1,,,True,2023-07-20,2023-07,False,False,True
main,887284572,60,9,Character Event,,246,2023-07-20 14:35:25,emerald_orb,Emerald Orb,weapon,3,1,,,True,2023-07-20,2023-07,False,False,True
main,887284572,60,9,Character Event,,247,2023-07-20 14:35:25,sharpshooters_oath,Sharpshooter's Oath,weapon,3,1,,,True,2023-07-20,2023-07,False,False,True
main,887284572,60,9,Character Event,,248,2023-07-20 14:35:25,harbinger_of_dawn,Harbinger of Dawn,weapon,3,1,,,True,2023-07-20,2023-07,False,False,True
main,887284572,60,9,Character Event,,249,2023-07-20 14:35:25,slingshot,Slingshot,weapon,3,1,,,True,2023-07-20,2023-07,False,False,True
main,887284572,60,9,Character Event,,250,2023-07-25 19:37:01,bloodtainted_greatsword,Bloodtainted Greatsword,weapon,3,1,,,True,2023-07-25,2023-07,False,False,True
main,887284572,60,9,Character Event,,251,2023-07-25 19:37:01,ferrous_shadow,Ferrous Shadow,weapon,3,1,,,True,2023-07-25,2023-07,False,False,True
main,887284572,60,9,Character Event,,252,2023-07-25 19:37:01,skyrider_sword,Skyrider Sword,weapon,3,1,,,True,2023-07-25,2023-07,False,False,True
main,887284572,60,9,Character Event,,253,2023-07-25 19:37:01,rosaria,Rosaria,character,4,9,1.0,Win,True,2023-07-25,2023-07,False,True,False
main,887284572,60,9,Character Event,,254,2023-07-25 19:37:01,sacrificial_greatsword,Sacrificial Greatsword,weapon,4,1,0.0,Lose,True,2023-07-25,2023-07,False,True,False
main,887284572,60,9,Character Event,,255,2023-07-25 19:37:01,ferrous_shadow,Ferrous Shadow,weapon,3,1,,,True,2023-07-25,2023-07,False,False,True
main,887284572,60,9,Character Event,,256,2023-07-25 19:37:01,dehya,Dehya,character,5,81,0.0,Lose,True,2023-07-25,2023-07,True,False,False
main,887284572,60,9,Character Event,,257,2023-07-25 19:37:01,bloodtainted_greatsword,Bloodtainted Greatsword,weapon,3,1,,,True,2023-07-25,2023-07,False,False,True
main,887284572,60,9,Character Event,,258,2023-07-25 19:37:01,thrilling_tales_of_dragon_slayers,Thrilling Tales of Dragon Slayers,weapon,3,1,,,True,2023-07-25,2023-07,False,False,True
main,887284572,60,9,Character Event,,259,2023-07-25 19:37:01,harbinger_of_dawn,Harbinger of Dawn,weapon,3,1,,,True,2023-07-25,2023-07,False,False,True
main,887284572,60,9,Character Event,,260,2023-07-25 19:38:01,yanfei,Yanfei,character,4,6,2.0,Guaranteed,True,2023-07-25,2023-07,False,True,False
main,887284572,60,9,Character Event,,261,2023-07-25 19:38:01,skyrider_sword,Skyrider Sword,weapon,3,1,,,True,2023-07-25,2023-07,False,False,True
main,887284572,60,9,Character Event,,262,2023-07-25 19:38:01,emerald_orb,Emerald Orb,weapon,3,1,,,True,2023-07-25,2023-07,False,False,True
main,887284572,60,9,Character Event,,263,2023-07-25 19:38:01,bloodtainted_greatsword,Bloodtainted Greatsword,weapon,3,1,,,True,2023-07-25,2023-07,False,False,True
main,887284572,60,9,Character Event,,264,2023-07-25 19:38:01,bloodtainted_greatsword,Bloodtainted Greatsword,weapon,3,1,,,True,2023-07-25,2023-07,False,False,True
main,887284572,60,9,Character Event,,265,2023-07-25 19:38:01,sharpshooters_oath,Sharpshooter's Oath,weapon,3,1,,,True,2023-07-25,2023-07,False,False,True
main,887284572,60,9,Character Event,,266,2023-07-25 19:38:01,emerald_orb,Emerald Orb,weapon,3,1,,,True,2023-07-25,2023-07,False,False,True
main,887284572,60,9,Character Event,,267,2023-07-25 19:38:01,slingshot,Slingshot,weapon,3,1,,,True,2023-07-25,2023-07,False,False,True
main,887284572,60,9,Character Event,,268,2023-07-25 19:38:01,debate_club,Debate Club,weapon,3,1,,,True,2023-07-25,2023-07,False,False,True
main,887284572,60,9,Character Event,,269,2023-07-25 19:38:01,debate_club,Debate Club,weapon,3,1,,,True,2023-07-25,2023-07,False,False,True
main,887284572,60,9,Character Event,,270,2023-07-25 19:38:22,faruzan,Faruzan,character,4,10,1.0,Win,True,2023-07-25,2023-07,False,True,False
main,887284572,60,9,Character Event,,271,2023-07-25 19:38:32,skyrider_sword,Skyrider Sword,weapon,3,1,,,True,2023-07-25,2023-07,False,False,True
main,887284572,60,9,Character Event,,272,2023-07-25 19:38:39,lions_roar,Lion's Roar,weapon,4,2,0.0,Lose,True,2023-07-25,2023-07,False,True,False
main,887284572,60,9,Character Event,,273,2023-07-25 19:38:49,sharpshooters_oath,Sharpshooter's Oath,weapon,3,1,,,True,2023-07-25,2023-07,False,False,True
main,887284572,60,9,Character Event,,274,2023-07-25 19:38:57,emerald_orb,Emerald Orb,weapon,3,1,,,True,2023-07-25,2023-07,False,False,True
main,887284572,60,9,Character Event,,275,2023-07-25 19:39:04,harbinger_of_dawn,Harbinger of Dawn,weapon,3,1,,,True,2023-07-25,2023-07,False,False,True
main,887284572,60,9,Character Event,,276,2023-07-25 20:11:05,debate_club,Debate Club,weapon,3,1,,,True,2023-07-25,2023-07,False,False,True
main,887284572,60,9,Character Event,,277,2023-07-25 20:11:05,black_tassel,Black Tassel,weapon,3,1,,,True,2023-07-25,2023-07,False,False,True
main,887284572,60,9,Character Event,,278,2023-07-25 20:11:05,bloodtainted_greatsword,Bloodtainted Greatsword,weapon,3,1,,,True,2023-07-25,2023-07,False,False,True
main,887284572,60,9,Character Event,,279,2023-07-25 20:11:05,black_tassel,Black Tassel,weapon,3,1,,,True,2023-07-25,2023-07,False,False,True
main,887284572,60,9,Character Event,,280,2023-07-25 20:11:05,bloodtainted_greatsword,Bloodtainted Greatsword,weapon,3,1,,,True,2023-07-25,2023-07,False,False,True
main,887284572,60,9,Character Event,,281,2023-07-25 20:11:05,skyrider_sword,Skyrider Sword,weapon,3,1,,,True,2023-07-25,2023-07,False,False,True
main,887284572,60,9,Character Event,,282,2023-07-25 20:11:05,rosaria,Rosaria,character,4,10,2.0,Guaranteed,True,2023-07-25,2023-07,False,True,False
main,887284572,60,9,Character Event,,283,2023-07-25 20:11:05,bloodtainted_greatsword,Bloodtainted Greatsword,weapon,3,1,,,True,2023-07-25,2023-07,False,False,True
main,887284572,60,9,Character Event,,284,2023-07-25 20:11:05,gorou,Gorou,character,4,2,0.0,Lose,True,2023-07-25,2023-07,False,True,False
main,887284572,60,9,Character Event,,285,2023-07-25 20:11:05,raven_bow,Raven Bow,weapon,3,1,,,True,2023-07-25,2023-07,False,False,True
main,887284572,60,9,Character Event,,286,2023-07-25 20:11:34,skyrider_sword,Skyrider Sword,weapon,3,1,,,True,2023-07-25,2023-07,False,False,True
main,887284572,60,9,Character Event,,287,2023-07-25 20:11:34,thrilling_tales_of_dragon_slayers,Thrilling Tales of Dragon Slayers,weapon,3,1,,,True,2023-07-25,2023-07,False,False,True
main,887284572,60,9,Character Event,,288,2023-07-25 20:11:34,harbinger_of_dawn,Harbinger of Dawn,weapon,3,1,,,True,2023-07-25,2023-07,False,False,True
main,887284572,60,9,Character Event,,289,2023-07-25 20:11:34,emerald_orb,Emerald Orb,weapon,3,1,,,True,2023-07-25,2023-07,False,False,True
main,887284572,60,9,Character Event,,290,2023-07-25 20:11:34,emerald_orb,Emerald Orb,weapon,3,1,,,True,2023-07-25,2023-07,False,False,True
main,887284572,60,9,Character Event,,291,2023-07-25 20:11:34,slingshot,Slingshot,weapon,3,1,,,True,2023-07-25,2023-07,False,False,True
main,887284572,60,9,Character Event,,292,2023-07-25 20:11:34,sharpshooters_oath,Sharpshooter's Oath,weapon,3,1,,,True,2023-07-25,2023-07,False,False,True
main,887284572,60,9,Character Event,,293,2023-07-25 20:11:34,bloodtainted_greatsword,Bloodtainted Greatsword,weapon,3,1,,,True,2023-07-25,2023-07,False,False,True
main,887284572,60,9,Character Event,,294,2023-07-25 20:11:34,faruzan,Faruzan,character,4,10,2.0,Guaranteed,True,2023-07-25,2023-07,False,True,False
main,887284572,60,9,Character Event,,295,2023-07-25 20:11:34,debate_club,Debate Club,weapon,3,1,,,True,2023-07-25,2023-07,False,False,True
main,887284572,60,9,Character Event,,296,2023-07-25 20:12:30,emerald_orb,Emerald Orb,weapon,3,1,,,True,2023-07-25,2023-07,False,False,True
main,887284572,60,9,Character Event,,297,2023-07-25 20:12:40,emerald_orb,Emerald Orb,weapon,3,1,,,True,2023-07-25,2023-07,False,False,True
main,887284572,60,9,Character Event,,298,2023-07-25 20:12:49,skyrider_sword,Skyrider Sword,weapon,3,1,,,True,2023-07-25,2023-07,False,False,True
main,887284572,60,9,Character Event,,299,2023-07-25 20:13:00,sangonomiya_kokomi,Sangonomiya Kokomi,character,5,43,2.0,Guaranteed,True,2023-07-25,2023-07,True,False,False
main,887284572,60,9,Character Event,400,300,2023-07-25 20:13:53,debate_club,Debate Club,weapon,3,1,,,True,2023-07-25,2023-07,False,False,True
main,887284572,60,9,Character Event,400,301,2023-07-25 20:14:01,black_tassel,Black Tassel,weapon,3,1,,,True,2023-07-25,2023-07,False,False,True
main,887284572,60,9,Character Event,400,302,2023-08-04 22:09:56,raven_bow,Raven Bow,weapon,3,1,,,True,2023-08-04,2023-08,False,False,True
main,887284572,60,9,Character Event,400,303,2023-08-04 22:10:07,favonius_greatsword,Favonius Greatsword,weapon,4,9,0.0,Lose,True,2023-08-04,2023-08,False,True,False
main,887284572,60,9,Character Event,400,304,2023-08-04 22:10:42,skyrider_sword,Skyrider Sword,weapon,3,1,,,True,2023-08-04,2023-08,False,False,True
main,887284572,60,9,Character Event,400,305,2023-08-04 22:10:52,sharpshooters_oath,Sharpshooter's Oath,weapon,3,1,,,True,2023-08-04,2023-08,False,False,True
main,887284572,60,9,Character Event,400,306,2023-08-04 22:11:01,rosaria,Rosaria,character,4,3,2.0,Guaranteed,True,2023-08-04,2023-08,False,True,False
main,887284572,60,9,Character Event,,307,2023-08-05 14:28:11,cool_steel,Cool Steel,weapon,3,1,,,True,2023-08-05,2023-08,False,False,True
main,887284572,60,9,Character Event,,308,2023-08-05 14:28:22,raven_bow,Raven Bow,weapon,3,1,,,True,2023-08-05,2023-08,False,False,True
main,887284572,60,9,Character Event,,309,2023-08-05 14:28:31,emerald_orb,Emerald Orb,weapon,3,1,,,True,2023-08-05,2023-08,False,False,True
main,887284572,60,9,Character Event,400,310,2023-08-11 11:08:18,sharpshooters_oath,Sharpshooter's Oath,weapon,3,1,,,True,2023-08-11,2023-08,False,False,True
main,887284572,60,9,Character Event,400,311,2023-08-11 11:08:30,ferrous_shadow,Ferrous Shadow,weapon,3,1,,,True,2023-08-11,2023-08,False,False,True
main,887284572,60,9,Character Event,400,312,2023-08-11 11:08:38,thrilling_tales_of_dragon_slayers,Thrilling Tales of Dragon Slayers,weapon,3,1,,,True,2023-08-11,2023-08,False,False,True
main,887284572,60,9,Character Event,,313,2023-08-11 19:25:38,ferrous_shadow,Ferrous Shadow,weapon,3,1,,,True,2023-08-11,2023-08,False,False,True
main,887284572,60,9,Character Event,400,314,2023-08-13 08:10:44,slingshot,Slingshot,weapon,3,1,,,True,2023-08-13,2023-08,False,False,True
main,887284572,60,9,Character Event,400,315,2023-08-13 08:10:55,black_tassel,Black Tassel,weapon,3,1,,,True,2023-08-13,2023-08,False,False,True
main,887284572,60,9,Character Event,400,316,2023-08-13 08:11:03,shikanoin_heizou,Shikanoin Heizou,character,4,10,0.0,Lose,True,2023-08-13,2023-08,False,True,False
main,887284572,60,9,Character Event,400,317,2023-08-14 09:00:35,slingshot,Slingshot,weapon,3,1,,,True,2023-08-14,2023-08,False,False,True
main,887284572,60,9,Character Event,400,318,2023-08-14 09:00:45,ferrous_shadow,Ferrous Shadow,weapon,3,1,,,True,2023-08-14,2023-08,False,False,True
main,887284572,60,9,Character Event,400,319,2023-08-16 12:35:34,raven_bow,Raven Bow,weapon,3,1,,,True,2023-08-16,2023-08,False,False,True
main,887284572,60,9,Character Event,400,320,2023-08-16 12:35:34,emerald_orb,Emerald Orb,weapon,3,1,,,True,2023-08-16,2023-08,False,False,True
main,887284572,60,9,Character Event,400,321,2023-08-16 12:35:34,ferrous_shadow,Ferrous Shadow,weapon,3,1,,,True,2023-08-16,2023-08,False,False,True
main,887284572,60,9,Character Event,400,322,2023-08-16 12:35:34,cool_steel,Cool Steel,weapon,3,1,,,True,2023-08-16,2023-08,False,False,True
main,887284572,60,9,Character Event,400,323,2023-08-16 12:35:34,black_tassel,Black Tassel,weapon,3,1,,,True,2023-08-16,2023-08,False,False,True
main,887284572,60,9,Character Event,400,324,2023-08-16 12:35:34,thrilling_tales_of_dragon_slayers,Thrilling Tales of Dragon Slayers,weapon,3,1,,,True,2023-08-16,2023-08,False,False,True
main,887284572,60,9,Character Event,400,325,2023-08-16 12:35:34,barbara,Barbara,character,4,9,2.0,Guaranteed,True,2023-08-16,2023-08,False,True,False
main,887284572,60,9,Character Event,400,326,2023-08-16 12:35:34,harbinger_of_dawn,Harbinger of Dawn,weapon,3,1,,,True,2023-08-16,2023-08,False,False,True
main,887284572,60,9,Character Event,400,327,2023-08-16 12:35:34,ferrous_shadow,Ferrous Shadow,weapon,3,1,,,True,2023-08-16,2023-08,False,False,True
main,887284572,60,9,Character Event,400,328,2023-08-16 12:35:34,harbinger_of_dawn,Harbinger of Dawn,weapon,3,1,,,True,2023-08-16,2023-08,False,False,True
main,887284572,60,9,Character Event,400,329,2023-08-16 12:35:48,slingshot,Slingshot,weapon,3,1,,,True,2023-08-16,2023-08,False,False,True
main,887284572,60,9,Character Event,400,330,2023-08-16 12:35:48,thrilling_tales_of_dragon_slayers,Thrilling Tales of Dragon Slayers,weapon,3,1,,,True,2023-08-16,2023-08,False,False,True
main,887284572,60,9,Character Event,400,331,2023-08-16 12:35:48,ferrous_shadow,Ferrous Shadow,weapon,3,1,,,True,2023-08-16,2023-08,False,False,True
main,887284572,60,9,Character Event,400,332,2023-08-16 12:35:48,debate_club,Debate Club,weapon,3,1,,,True,2023-08-16,2023-08,False,False,True
main,887284572,60,9,Character Event,400,333,2023-08-16 12:35:48,rainslasher,Rainslasher,weapon,4,8,0.0,Lose,True,2023-08-16,2023-08,False,True,False
main,887284572,60,9,Character Event,400,334,2023-08-16 12:35:48,emerald_orb,Emerald Orb,weapon,3,1,,,True,2023-08-16,2023-08,False,False,True
main,887284572,60,9,Character Event,400,335,2023-08-16 12:35:48,slingshot,Slingshot,weapon,3,1,,,True,2023-08-16,2023-08,False,False,True
main,887284572,60,9,Character Event,400,336,2023-08-16 12:35:48,sharpshooters_oath,Sharpshooter's Oath,weapon,3,1,,,True,2023-08-16,2023-08,False,False,True
main,887284572,60,9,Character Event,400,337,2023-08-16 12:35:48,debate_club,Debate Club,weapon,3,1,,,True,2023-08-16,2023-08,False,False,True
main,887284572,60,9,Character Event,400,338,2023-08-16 12:35:48,emerald_orb,Emerald Orb,weapon,3,1,,,True,2023-08-16,2023-08,False,False,True
main,887284572,60,9,Character Event,400,339,2023-08-16 12:36:01,slingshot,Slingshot,weapon,3,1,,,True,2023-08-16,2023-08,False,False,True
main,887284572,60,9,Character Event,400,340,2023-08-16 12:36:01,thrilling_tales_of_dragon_slayers,Thrilling Tales of Dragon Slayers,weapon,3,1,,,True,2023-08-16,2023-08,False,False,True
main,887284572,60,9,Character Event,400,341,2023-08-16 12:36:01,cool_steel,Cool Steel,weapon,3,1,,,True,2023-08-16,2023-08,False,False,True
main,887284572,60,9,Character Event,400,342,2023-08-16 12:36:01,black_tassel,Black Tassel,weapon,3,1,,,True,2023-08-16,2023-08,False,False,True
main,887284572,60,9,Character Event,400,343,2023-08-16 12:36:01,lynette,Lynette,character,4,10,2.0,Guaranteed,True,2023-08-16,2023-08,False,True,False
main,887284572,60,9,Character Event,400,344,2023-08-16 12:36:01,debate_club,Debate Club,weapon,3,1,,,True,2023-08-16,2023-08,False,False,True
main,887284572,60,9,Character Event,400,345,2023-08-16 12:36:01,skyrider_sword,Skyrider Sword,weapon,3,1,,,True,2023-08-16,2023-08,False,False,True
main,887284572,60,9,Character Event,400,346,2023-08-16 12:36:01,slingshot,Slingshot,weapon,3,1,,,True,2023-08-16,2023-08,False,False,True
main,887284572,60,9,Character Event,400,347,2023-08-16 12:36:01,thrilling_tales_of_dragon_slayers,Thrilling Tales of Dragon Slayers,weapon,3,1,,,True,2023-08-16,2023-08,False,False,True
main,887284572,60,9,Character Event,400,348,2023-08-16 12:36:01,slingshot,Slingshot,weapon,3,1,,,True,2023-08-16,2023-08,False,False,True
main,887284572,60,9,Character Event,400,349,2023-08-16 12:36:14,debate_club,Debate Club,weapon,3,1,,,True,2023-08-16,2023-08,False,False,True
main,887284572,60,9,Character Event,400,350,2023-08-16 12:36:14,debate_club,Debate Club,weapon,3,1,,,True,2023-08-16,2023-08,False,False,True
main,887284572,60,9,Character Event,400,351,2023-08-16 12:36:14,magic_guide,Magic Guide,weapon,3,1,,,True,2023-08-16,2023-08,False,False,True
main,887284572,60,9,Character Event,400,352,2023-08-16 12:36:14,sacrificial_greatsword,Sacrificial Greatsword,weapon,4,9,0.0,Lose,True,2023-08-16,2023-08,False,True,False
main,887284572,60,9,Character Event,400,353,2023-08-16 12:36:14,skyrider_sword,Skyrider Sword,weapon,3,1,,,True,2023-08-16,2023-08,False,False,True
main,887284572,60,9,Character Event,400,354,2023-08-16 12:36:14,thrilling_tales_of_dragon_slayers,Thrilling Tales of Dragon Slayers,weapon,3,1,,,True,2023-08-16,2023-08,False,False,True
main,887284572,60,9,Character Event,400,355,2023-08-16 12:36:14,raven_bow,Raven Bow,weapon,3,1,,,True,2023-08-16,2023-08,False,False,True
main,887284572,60,9,Character Event,400,356,2023-08-16 12:36:14,cool_steel,Cool Steel,weapon,3,1,,,True,2023-08-16,2023-08,False,False,True
main,887284572,60,9,Character Event,400,357,2023-08-16 12:36:14,thrilling_tales_of_dragon_slayers,Thrilling Tales of Dragon Slayers,weapon,3,1,,,True,2023-08-16,2023-08,False,False,True
main,887284572,60,9,Character Event,400,358,2023-08-16 12:36:14,debate_club,Debate Club,weapon,3,1,,,True,2023-08-16,2023-08,False,False,True
main,887284572,60,9,Character Event,400,359,2023-08-16 12:36:28,harbinger_of_dawn,Harbinger of Dawn,weapon,3,1,,,True,2023-08-16,2023-08,False,False,True
main,887284572,60,9,Character Event,400,360,2023-08-16 12:36:37,magic_guide,Magic Guide,weapon,3,1,,,True,2023-08-16,2023-08,False,False,True
main,887284572,60,9,Character Event,400,361,2023-08-16 12:36:46,barbara,Barbara,character,4,9,2.0,Guaranteed,True,2023-08-16,2023-08,False,True,False
main,887284572,60,9,Character Event,400,362,2023-08-16 12:36:56,favonius_warbow,Favonius Warbow,weapon,4,1,0.0,Lose,True,2023-08-16,2023-08,False,True,False
main,887284572,60,9,Character Event,400,363,2023-08-16 12:37:06,magic_guide,Magic Guide,weapon,3,1,,,True,2023-08-16,2023-08,False,False,True
main,887284572,60,9,Character Event,400,364,2023-08-16 12:37:30,thrilling_tales_of_dragon_slayers,Thrilling Tales of Dragon Slayers,weapon,3,1,,,True,2023-08-16,2023-08,False,False,True
main,887284572,60,9,Character Event,400,365,2023-08-16 12:37:39,debate_club,Debate Club,weapon,3,1,,,True,2023-08-16,2023-08,False,False,True
main,887284572,60,9,Character Event,400,366,2023-08-16 12:37:47,cool_steel,Cool Steel,weapon,3,1,,,True,2023-08-16,2023-08,False,False,True
main,887284572,60,9,Character Event,400,367,2023-08-16 12:37:54,raven_bow,Raven Bow,weapon,3,1,,,True,2023-08-16,2023-08,False,False,True
main,887284572,60,9,Character Event,400,368,2023-08-16 12:38:02,bloodtainted_greatsword,Bloodtainted Greatsword,weapon,3,1,,,True,2023-08-16,2023-08,False,False,True
main,887284572,60,9,Character Event,400,369,2023-08-16 12:42:38,debate_club,Debate Club,weapon,3,1,,,True,2023-08-16,2023-08,False,False,True
main,887284572,60,9,Character Event,400,370,2023-08-17 08:26:53,harbinger_of_dawn,Harbinger of Dawn,weapon,3,1,,,True,2023-08-17,2023-08,False,False,True
main,887284572,60,9,Character Event,400,371,2023-08-17 12:40:14,skyrider_sword,Skyrider Sword,weapon,3,1,,,True,2023-08-17,2023-08,False,False,True
main,887284572,60,9,Character Event,400,372,2023-08-17 12:40:25,barbara,Barbara,character,4,10,2.0,Guaranteed,True,2023-08-17,2023-08,False,True,False
main,887284572,60,9,Character Event,400,373,2023-08-17 12:40:39,thrilling_tales_of_dragon_slayers,Thrilling Tales of Dragon Slayers,weapon,3,1,,,True,2023-08-17,2023-08,False,False,True
main,887284572,60,9,Character Event,400,374,2023-08-17 12:40:50,cool_steel,Cool Steel,weapon,3,1,,,True,2023-08-17,2023-08,False,False,True
main,887284572,60,9,Character Event,400,375,2023-08-17 12:41:00,bloodtainted_greatsword,Bloodtainted Greatsword,weapon,3,1,,,True,2023-08-17,2023-08,False,False,True
main,887284572,60,9,Character Event,400,376,2023-08-17 12:41:58,slingshot,Slingshot,weapon,3,1,,,True,2023-08-17,2023-08,False,False,True
main,887284572,60,9,Character Event,400,377,2023-08-17 13:43:22,diluc,Diluc,character,5,78,0.0,Lose,True,2023-08-17,2023-08,True,False,False
main,887284572,60,9,Character Event,400,378,2023-08-17 18:36:07,black_tassel,Black Tassel,weapon,3,1,,,True,2023-08-17,2023-08,False,False,True
main,887284572,60,9,Character Event,400,379,2023-08-17 18:36:18,bloodtainted_greatsword,Bloodtainted Greatsword,weapon,3,1,,,True,2023-08-17,2023-08,False,False,True
main,887284572,60,9,Character Event,400,380,2023-08-17 19:11:49,bloodtainted_greatsword,Bloodtainted Greatsword,weapon,3,1,,,True,2023-08-17,2023-08,False,False,True
main,887284572,60,9,Character Event,400,381,2023-08-17 19:50:16,harbinger_of_dawn,Harbinger of Dawn,weapon,3,1,,,True,2023-08-17,2023-08,False,False,True
main,887284572,60,9,Character Event,400,382,2023-08-18 06:57:38,sacrificial_sword,Sacrificial Sword,weapon,4,10,0.0,Lose,True,2023-08-18,2023-08,False,True,False
main,887284572,60,9,Character Event,400,383,2023-08-18 06:57:51,emerald_orb,Emerald Orb,weapon,3,1,,,True,2023-08-18,2023-08,False,False,True
main,887284572,60,9,Character Event,400,384,2023-08-18 08:07:54,lynette,Lynette,character,4,2,2.0,Guaranteed,True,2023-08-18,2023-08,False,True,False
main,887284572,60,9,Character Event,400,385,2023-08-18 08:55:26,bennett,Bennett,character,4,1,1.0,Win,True,2023-08-18,2023-08,False,True,False
main,887284572,60,9,Character Event,400,386,2023-08-18 09:56:13,raven_bow,Raven Bow,weapon,3,1,,,True,2023-08-18,2023-08,False,False,True
main,887284572,60,9,Character Event,400,387,2023-08-18 09:56:24,bloodtainted_greatsword,Bloodtainted Greatsword,weapon,3,1,,,True,2023-08-18,2023-08,False,False,True
main,887284572,60,9,Character Event,400,388,2023-08-18 09:56:32,sharpshooters_oath,Sharpshooter's Oath,weapon,3,1,,,True,2023-08-18,2023-08,False,False,True
main,887284572,60,9,Character Event,400,389,2023-08-18 09:56:51,raven_bow,Raven Bow,weapon,3,1,,,True,2023-08-18,2023-08,False,False,True
main,887284572,60,9,Character Event,400,390,2023-08-18 09:56:58,skyrider_sword,Skyrider Sword,weapon,3,1,,,True,2023-08-18,2023-08,False,False,True
main,887284572,60,9,Character Event,400,391,2023-08-18 09:57:07,cool_steel,Cool Steel,weapon,3,1,,,True,2023-08-18,2023-08,False,False,True
main,887284572,60,9,Character Event,400,392,2023-08-18 10:04:43,raven_bow,Raven Bow,weapon,3,1,,,True,2023-08-18,2023-08,False,False,True
main,887284572,60,9,Character Event,400,393,2023-08-18 10:04:57,bloodtainted_greatsword,Bloodtainted Greatsword,weapon,3,1,,,True,2023-08-18,2023-08,False,False,True
main,887284572,60,9,Character Event,400,394,2023-08-18 10:59:42,raven_bow,Raven Bow,weapon,3,1,,,True,2023-08-18,2023-08,False,False,True
main,887284572,60,9,Character Event,400,395,2023-08-18 10:59:52,favonius_lance,Favonius Lance,weapon,4,10,0.0,Lose,True,2023-08-18,2023-08,False,True,False
main,887284572,60,9,Character Event,400,396,2023-08-18 11:28:22,ferrous_shadow,Ferrous Shadow,weapon,3,1,,,True,2023-08-18,2023-08,False,False,True
main,887284572,60,9,Character Event,400,397,2023-08-18 17:51:38,black_tassel,Black Tassel,weapon,3,1,,,True,2023-08-18,2023-08,False,False,True
main,887284572,60,9,Character Event,400,398,2023-08-18 18:34:01,black_tassel,Black Tassel,weapon,3,1,,,True,2023-08-18,2023-08,False,False,True
main,887284572,60,9,Character Event,400,399,2023-08-19 00:06:21,bloodtainted_greatsword,Bloodtainted Greatsword,weapon,3,1,,,True,2023-08-19,2023-08,False,False,True
main,887284572,60,9,Character Event,400,400,2023-08-19 08:23:04,emerald_orb,Emerald Orb,weapon,3,1,,,True,2023-08-19,2023-08,False,False,True
main,887284572,60,9,Character Event,400,401,2023-08-19 10:41:22,bloodtainted_greatsword,Bloodtainted Greatsword,weapon,3,1,,,True,2023-08-19,2023-08,False,False,True
main,887284572,60,9,Character Event,400,402,2023-08-19 13:40:55,debate_club,Debate Club,weapon,3,1,,,True,2023-08-19,2023-08,False,False,True
main,887284572,60,9,Character Event,400,403,2023-08-19 23:59:16,skyrider_sword,Skyrider Sword,weapon,3,1,,,True,2023-08-19,2023-08,False,False,True
main,887284572,60,9,Character Event,400,404,2023-08-19 23:59:27,lynette,Lynette,character,4,9,2.0,Guaranteed,True,2023-08-19,2023-08,False,True,False
main,887284572,60,9,Character Event,400,405,2023-08-20 00:25:28,ferrous_shadow,Ferrous Shadow,weapon,3,1,,,True,2023-08-20,2023-08,False,False,True
main,887284572,60,9,Character Event,400,406,2023-08-20 09:19:37,thrilling_tales_of_dragon_slayers,Thrilling Tales of Dragon Slayers,weapon,3,1,,,True,2023-08-20,2023-08,False,False,True
main,887284572,60,9,Character Event,400,407,2023-08-20 09:19:50,black_tassel,Black Tassel,weapon,3,1,,,True,2023-08-20,2023-08,False,False,True
main,887284572,60,9,Character Event,400,408,2023-08-20 22:10:10,ferrous_shadow,Ferrous Shadow,weapon,3,1,,,True,2023-08-20,2023-08,False,False,True
main,887284572,60,9,Character Event,400,409,2023-08-20 22:34:33,sharpshooters_oath,Sharpshooter's Oath,weapon,3,1,,,True,2023-08-20,2023-08,False,False,True
main,887284572,60,9,Character Event,400,410,2023-08-20 22:34:44,magic_guide,Magic Guide,weapon,3,1,,,True,2023-08-20,2023-08,False,False,True
main,887284572,60,9,Character Event,400,411,2023-08-21 01:57:12,thrilling_tales_of_dragon_slayers,Thrilling Tales of Dragon Slayers,weapon,3,1,,,True,2023-08-21,2023-08,False,False,True
main,887284572,60,9,Character Event,400,412,2023-08-21 02:09:03,magic_guide,Magic Guide,weapon,3,1,,,True,2023-08-21,2023-08,False,False,True
main,887284572,60,9,Character Event,400,413,2023-08-21 10:06:13,emerald_orb,Emerald Orb,weapon,3,1,,,True,2023-08-21,2023-08,False,False,True
main,887284572,60,9,Character Event,400,414,2023-08-21 14:48:28,sacrificial_sword,Sacrificial Sword,weapon,4,10,0.0,Lose,True,2023-08-21,2023-08,False,True,False
main,887284572,60,9,Character Event,400,415,2023-08-21 14:48:40,debate_club,Debate Club,weapon,3,1,,,True,2023-08-21,2023-08,False,False,True
main,887284572,60,9,Character Event,400,416,2023-08-21 15:38:13,bloodtainted_greatsword,Bloodtainted Greatsword,weapon,3,1,,,True,2023-08-21,2023-08,False,False,True
main,887284572,60,9,Character Event,400,417,2023-08-22 00:33:15,debate_club,Debate Club,weapon,3,1,,,True,2023-08-22,2023-08,False,False,True
main,887284572,60,9,Character Event,400,418,2023-08-22 18:09:03,ferrous_shadow,Ferrous Shadow,weapon,3,1,,,True,2023-08-22,2023-08,False,False,True
main,887284572,60,9,Character Event,400,419,2023-08-22 23:45:45,ferrous_shadow,Ferrous Shadow,weapon,3,1,,,True,2023-08-22,2023-08,False,False,True
main,887284572,60,9,Character Event,400,420,2023-08-23 01:49:50,raven_bow,Raven Bow,weapon,3,1,,,True,2023-08-23,2023-08,False,False,True
main,887284572,60,9,Character Event,400,421,2023-08-23 10:05:05,emerald_orb,Emerald Orb,weapon,3,1,,,True,2023-08-23,2023-08,False,False,True
main,887284572,60,9,Character Event,400,422,2023-08-23 12:11:53,harbinger_of_dawn,Harbinger of Dawn,weapon,3,1,,,True,2023-08-23,2023-08,False,False,True
main,887284572,60,9,Character Event,400,423,2023-08-23 12:12:01,magic_guide,Magic Guide,weapon,3,1,,,True,2023-08-23,2023-08,False,False,True
main,887284572,60,9,Character Event,400,424,2023-08-23 12:12:10,barbara,Barbara,character,4,10,2.0,Guaranteed,True,2023-08-23,2023-08,False,True,False
main,887284572,60,9,Character Event,400,425,2023-08-23 12:12:19,black_tassel,Black Tassel,weapon,3,1,,,True,2023-08-23,2023-08,False,False,True
main,887284572,60,9,Character Event,400,426,2023-08-23 12:13:29,skyrider_sword,Skyrider Sword,weapon,3,1,,,True,2023-08-23,2023-08,False,False,True
main,887284572,60,9,Character Event,400,427,2023-08-23 12:13:38,bloodtainted_greatsword,Bloodtainted Greatsword,weapon,3,1,,,True,2023-08-23,2023-08,False,False,True
main,887284572,60,9,Character Event,400,428,2023-08-23 12:13:45,ferrous_shadow,Ferrous Shadow,weapon,3,1,,,True,2023-08-23,2023-08,False,False,True
main,887284572,60,9,Character Event,400,429,2023-08-23 14:18:00,emerald_orb,Emerald Orb,weapon,3,1,,,True,2023-08-23,2023-08,False,False,True
main,887284572,60,9,Character Event,400,430,2023-08-24 10:30:26,black_tassel,Black Tassel,weapon,3,1,,,True,2023-08-24,2023-08,False,False,True
main,887284572,60,9,Character Event,400,431,2023-08-24 10:30:38,bennett,Bennett,character,4,7,1.0,Win,True,2023-08-24,2023-08,False,True,False
main,887284572,60,9,Character Event,400,432,2023-08-24 18:45:50,raven_bow,Raven Bow,weapon,3,1,,,True,2023-08-24,2023-08,False,False,True
main,887284572,60,9,Character Event,400,433,2023-08-25 10:05:30,black_tassel,Black Tassel,weapon,3,1,,,True,2023-08-25,2023-08,False,False,True
main,887284572,60,9,Character Event,400,434,2023-08-25 10:40:22,harbinger_of_dawn,Harbinger of Dawn,weapon,3,1,,,True,2023-08-25,2023-08,False,False,True
main,887284572,60,9,Character Event,400,435,2023-08-26 21:40:28,raven_bow,Raven Bow,weapon,3,1,,,True,2023-08-26,2023-08,False,False,True
main,887284572,60,9,Character Event,400,436,2023-08-26 22:40:38,black_tassel,Black Tassel,weapon,3,1,,,True,2023-08-26,2023-08,False,False,True
main,887284572,60,9,Character Event,400,437,2023-08-26 22:40:47,magic_guide,Magic Guide,weapon,3,1,,,True,2023-08-26,2023-08,False,False,True
main,887284572,60,9,Character Event,400,438,2023-08-26 22:54:23,black_tassel,Black Tassel,weapon,3,1,,,True,2023-08-26,2023-08,False,False,True
main,887284572,60,9,Character Event,400,439,2023-08-26 23:17:34,emerald_orb,Emerald Orb,weapon,3,1,,,True,2023-08-26,2023-08,False,False,True
main,887284572,60,9,Character Event,400,440,2023-08-27 16:27:16,the_flute,The Flute,weapon,4,9,0.0,Lose,True,2023-08-27,2023-08,False,True,False
main,887284572,60,9,Character Event,400,441,2023-08-28 08:59:53,cool_steel,Cool Steel,weapon,3,1,,,True,2023-08-28,2023-08,False,False,True
main,887284572,60,9,Character Event,400,442,2023-08-28 09:00:02,slingshot,Slingshot,weapon,3,1,,,True,2023-08-28,2023-08,False,False,True
main,887284572,60,9,Character Event,400,443,2023-08-28 09:41:45,slingshot,Slingshot,weapon,3,1,,,True,2023-08-28,2023-08,False,False,True
main,887284572,60,9,Character Event,400,444,2023-08-28 09:50:28,thrilling_tales_of_dragon_slayers,Thrilling Tales of Dragon Slayers,weapon,3,1,,,True,2023-08-28,2023-08,False,False,True
main,887284572,60,9,Character Event,400,445,2023-08-28 09:53:00,skyrider_sword,Skyrider Sword,weapon,3,1,,,True,2023-08-28,2023-08,False,False,True
main,887284572,60,9,Character Event,400,446,2023-08-28 09:53:07,skyrider_sword,Skyrider Sword,weapon,3,1,,,True,2023-08-28,2023-08,False,False,True
main,887284572,60,9,Character Event,400,447,2023-08-29 00:29:24,harbinger_of_dawn,Harbinger of Dawn,weapon,3,1,,,True,2023-08-29,2023-08,False,False,True
main,887284572,60,9,Character Event,400,448,2023-08-29 00:54:13,raven_bow,Raven Bow,weapon,3,1,,,True,2023-08-29,2023-08,False,False,True
main,887284572,60,9,Character Event,400,449,2023-08-29 08:34:11,lynette,Lynette,character,4,9,2.0,Guaranteed,True,2023-08-29,2023-08,False,True,False
main,887284572,60,9,Character Event,400,450,2023-08-29 20:54:00,lynette,Lynette,character,4,1,1.0,Win,True,2023-08-29,2023-08,False,True,False
main,887284572,60,9,Character Event,400,451,2023-08-29 20:55:14,yelan,Yelan,character,5,74,2.0,Guaranteed,True,2023-08-29,2023-08,True,False,False
main,887284572,60,9,Character Event,400,452,2023-08-31 02:55:34,raven_bow,Raven Bow,weapon,3,1,,,True,2023-08-31,2023-08,False,False,True
main,887284572,60,9,Character Event,400,453,2023-08-31 02:55:47,bloodtainted_greatsword,Bloodtainted Greatsword,weapon,3,1,,,True,2023-08-31,2023-08,False,False,True
main,887284572,60,9,Character Event,400,454,2023-08-31 11:09:49,harbinger_of_dawn,Harbinger of Dawn,weapon,3,1,,,True,2023-08-31,2023-08,False,False,True
main,887284572,60,9,Character Event,400,455,2023-09-01 00:32:09,bennett,Bennett,character,4,5,1.0,Win,True,2023-09-01,2023-09,False,True,False
main,887284572,60,9,Character Event,400,456,2023-09-01 10:58:25,thrilling_tales_of_dragon_slayers,Thrilling Tales of Dragon Slayers,weapon,3,1,,,True,2023-09-01,2023-09,False,False,True
main,887284572,60,9,Character Event,400,457,2023-09-01 10:58:34,sharpshooters_oath,Sharpshooter's Oath,weapon,3,1,,,True,2023-09-01,2023-09,False,False,True
main,887284572,60,9,Character Event,400,458,2023-09-01 10:58:42,cool_steel,Cool Steel,weapon,3,1,,,True,2023-09-01,2023-09,False,False,True
main,887284572,60,9,Character Event,400,459,2023-09-01 10:58:49,raven_bow,Raven Bow,weapon,3,1,,,True,2023-09-01,2023-09,False,False,True
main,887284572,60,9,Character Event,400,460,2023-09-01 10:58:57,ferrous_shadow,Ferrous Shadow,weapon,3,1,,,True,2023-09-01,2023-09,False,False,True
main,887284572,60,9,Character Event,400,461,2023-09-03 19:41:46,slingshot,Slingshot,weapon,3,1,,,True,2023-09-03,2023-09,False,False,True
main,887284572,60,9,Character Event,400,462,2023-09-03 19:41:55,slingshot,Slingshot,weapon,3,1,,,True,2023-09-03,2023-09,False,False,True
main,887284572,60,9,Character Event,400,463,2023-09-03 19:42:03,emerald_orb,Emerald Orb,weapon,3,1,,,True,2023-09-03,2023-09,False,False,True
main,887284572,60,9,Character Event,400,464,2023-09-03 19:42:11,black_tassel,Black Tassel,weapon,3,1,,,True,2023-09-03,2023-09,False,False,True
main,887284572,60,9,Character Event,400,465,2023-09-03 19:42:21,barbara,Barbara,character,4,10,1.0,Win,True,2023-09-03,2023-09,False,True,False
main,887284572,60,9,Character Event,400,466,2023-09-03 21:27:56,slingshot,Slingshot,weapon,3,1,,,True,2023-09-03,2023-09,False,False,True
main,887284572,60,9,Character Event,400,467,2023-09-03 21:28:05,thrilling_tales_of_dragon_slayers,Thrilling Tales of Dragon Slayers,weapon,3,1,,,True,2023-09-03,2023-09,False,False,True
main,887284572,60,9,Character Event,400,468,2023-09-04 12:26:01,cool_steel,Cool Steel,weapon,3,1,,,True,2023-09-04,2023-09,False,False,True
main,887284572,60,9,Character Event,400,469,2023-09-04 12:26:07,sharpshooters_oath,Sharpshooter's Oath,weapon,3,1,,,True,2023-09-04,2023-09,False,False,True
main,887284572,60,9,Character Event,400,470,2023-09-05 09:22:18,sharpshooters_oath,Sharpshooter's Oath,weapon,3,1,,,True,2023-09-05,2023-09,False,False,True
main,887284572,60,9,Character Event,400,471,2023-09-05 09:22:28,skyrider_sword,Skyrider Sword,weapon,3,1,,,True,2023-09-05,2023-09,False,False,True
main,887284572,60,9,Character Event,,472,2023-09-07 00:25:24,raven_bow,Raven Bow,weapon,3,1,,,True,2023-09-07,2023-09,False,False,True
main,887284572,60,9,Character Event,,473,2023-09-07 00:25:35,thrilling_tales_of_dragon_slayers,Thrilling Tales of Dragon Slayers,weapon,3,1,,,True,2023-09-07,2023-09,False,False,True
main,887284572,60,9,Character Event,,474,2023-09-07 08:45:09,noelle,Noelle,character,4,9,1.0,Win,True,2023-09-07,2023-09,False,True,False
main,887284572,60,9,Character Event,,475,2023-09-07 09:09:00,harbinger_of_dawn,Harbinger of Dawn,weapon,3,1,,,True,2023-09-07,2023-09,False,False,True
main,887284572,60,9,Character Event,,476,2023-09-07 21:25:01,thrilling_tales_of_dragon_slayers,Thrilling Tales of Dragon Slayers,weapon,3,1,,,True,2023-09-07,2023-09,False,False,True
main,887284572,60,9,Character Event,,477,2023-09-08 02:30:09,thrilling_tales_of_dragon_slayers,Thrilling Tales of Dragon Slayers,weapon,3,1,,,True,2023-09-08,2023-09,False,False,True
main,887284572,60,9,Character Event,,478,2023-09-08 10:06:32,ferrous_shadow,Ferrous Shadow,weapon,3,1,,,True,2023-09-08,2023-09,False,False,True
main,887284572,60,9,Character Event,,479,2023-09-08 10:06:44,harbinger_of_dawn,Harbinger of Dawn,weapon,3,1,,,True,2023-09-08,2023-09,False,False,True
main,887284572,60,9,Character Event,,480,2023-09-08 15:28:17,black_tassel,Black Tassel,weapon,3,1,,,True,2023-09-08,2023-09,False,False,True
main,887284572,60,9,Character Event,,481,2023-09-08 17:24:19,noelle,Noelle,character,4,7,1.0,Win,True,2023-09-08,2023-09,False,True,False
main,887284572,60,9,Character Event,,482,2023-09-08 17:24:30,debate_club,Debate Club,weapon,3,1,,,True,2023-09-08,2023-09,False,False,True
main,887284572,60,9,Character Event,,483,2023-09-09 11:03:16,magic_guide,Magic Guide,weapon,3,1,,,True,2023-09-09,2023-09,False,False,True
main,887284572,60,9,Character Event,,484,2023-09-09 11:03:25,ferrous_shadow,Ferrous Shadow,weapon,3,1,,,True,2023-09-09,2023-09,False,False,True
main,887284572,60,9,Character Event,,485,2023-09-09 11:03:35,debate_club,Debate Club,weapon,3,1,,,True,2023-09-09,2023-09,False,False,True
main,887284572,60,9,Character Event,,486,2023-09-09 11:03:47,cool_steel,Cool Steel,weapon,3,1,,,True,2023-09-09,2023-09,False,False,True
main,887284572,60,9,Character Event,,487,2023-09-09 11:03:57,bloodtainted_greatsword,Bloodtainted Greatsword,weapon,3,1,,,True,2023-09-09,2023-09,False,False,True
main,887284572,60,9,Character Event,,488,2023-09-09 11:04:08,ferrous_shadow,Ferrous Shadow,weapon,3,1,,,True,2023-09-09,2023-09,False,False,True
main,887284572,60,9,Character Event,,489,2023-09-09 11:04:18,debate_club,Debate Club,weapon,3,1,,,True,2023-09-09,2023-09,False,False,True
main,887284572,60,9,Character Event,,490,2023-09-10 02:21:10,debate_club,Debate Club,weapon,3,1,,,True,2023-09-10,2023-09,False,False,True
main,887284572,60,9,Character Event,,491,2023-09-10 03:25:51,sayu,Sayu,character,4,10,1.0,Win,True,2023-09-10,2023-09,False,True,False
main,887284572,60,9,Character Event,,492,2023-09-10 13:18:17,magic_guide,Magic Guide,weapon,3,1,,,True,2023-09-10,2023-09,False,False,True
main,887284572,60,9,Character Event,,493,2023-09-10 13:30:54,harbinger_of_dawn,Harbinger of Dawn,weapon,3,1,,,True,2023-09-10,2023-09,False,False,True
main,887284572,60,9,Character Event,,494,2023-09-11 16:22:47,thrilling_tales_of_dragon_slayers,Thrilling Tales of Dragon Slayers,weapon,3,1,,,True,2023-09-11,2023-09,False,False,True
main,887284572,60,9,Character Event,,495,2023-09-12 14:19:42,slingshot,Slingshot,weapon,3,1,,,True,2023-09-12,2023-09,False,False,True
main,887284572,60,9,Character Event,,496,2023-09-12 22:10:32,emerald_orb,Emerald Orb,weapon,3,1,,,True,2023-09-12,2023-09,False,False,True
main,887284572,60,9,Character Event,,497,2023-09-18 10:04:39,sharpshooters_oath,Sharpshooter's Oath,weapon,3,1,,,True,2023-09-18,2023-09,False,False,True
main,887284572,60,9,Character Event,,498,2023-09-18 10:04:39,black_tassel,Black Tassel,weapon,3,1,,,True,2023-09-18,2023-09,False,False,True
main,887284572,60,9,Character Event,,499,2023-09-18 10:04:39,sharpshooters_oath,Sharpshooter's Oath,weapon,3,1,,,True,2023-09-18,2023-09,False,False,True
main,887284572,60,9,Character Event,,500,2023-09-18 10:04:39,favonius_warbow,Favonius Warbow,weapon,4,9,0.0,Lose,True,2023-09-18,2023-09,False,True,False
main,887284572,60,9,Character Event,,501,2023-09-18 10:04:39,magic_guide,Magic Guide,weapon,3,1,,,True,2023-09-18,2023-09,False,False,True
main,887284572,60,9,Character Event,,502,2023-09-18 10:04:39,ferrous_shadow,Ferrous Shadow,weapon,3,1,,,True,2023-09-18,2023-09,False,False,True
main,887284572,60,9,Character Event,,503,2023-09-18 10:04:39,skyrider_sword,Skyrider Sword,weapon,3,1,,,True,2023-09-18,2023-09,False,False,True
main,887284572,60,9,Character Event,,504,2023-09-18 10:04:39,skyrider_sword,Skyrider Sword,weapon,3,1,,,True,2023-09-18,2023-09,False,False,True
main,887284572,60,9,Character Event,,505,2023-09-18 10:04:39,skyrider_sword,Skyrider Sword,weapon,3,1,,,True,2023-09-18,2023-09,False,False,True
main,887284572,60,9,Character Event,,506,2023-09-18 10:04:39,magic_guide,Magic Guide,weapon,3,1,,,True,2023-09-18,2023-09,False,False,True
main,887284572,60,9,Character Event,,507,2023-09-18 10:05:00,harbinger_of_dawn,Harbinger of Dawn,weapon,3,1,,,True,2023-09-18,2023-09,False,False,True
main,887284572,60,9,Character Event,,508,2023-09-18 10:05:09,magic_guide,Magic Guide,weapon,3,1,,,True,2023-09-18,2023-09,False,False,True
main,887284572,60,9,Character Event,,509,2023-09-18 10:05:16,skyrider_sword,Skyrider Sword,weapon,3,1,,,True,2023-09-18,2023-09,False,False,True
main,887284572,60,9,Character Event,,510,2023-09-18 10:05:23,sayu,Sayu,character,4,10,2.0,Guaranteed,True,2023-09-18,2023-09,False,True,False
main,887284572,60,9,Character Event,,511,2023-09-18 10:05:33,sharpshooters_oath,Sharpshooter's Oath,weapon,3,1,,,True,2023-09-18,2023-09,False,False,True
main,887284572,60,9,Character Event,,512,2023-09-18 10:05:41,slingshot,Slingshot,weapon,3,1,,,True,2023-09-18,2023-09,False,False,True
main,887284572,60,9,Character Event,,513,2023-09-18 15:29:39,harbinger_of_dawn,Harbinger of Dawn,weapon,3,1,,,True,2023-09-18,2023-09,False,False,True
main,887284572,60,9,Character Event,,514,2023-09-18 15:45:32,debate_club,Debate Club,weapon,3,1,,,True,2023-09-18,2023-09,False,False,True
main,887284572,60,9,Character Event,,515,2023-09-19 15:44:16,harbinger_of_dawn,Harbinger of Dawn,weapon,3,1,,,True,2023-09-19,2023-09,False,False,True
main,887284572,60,9,Character Event,,516,2023-09-19 15:44:26,bloodtainted_greatsword,Bloodtainted Greatsword,weapon,3,1,,,True,2023-09-19,2023-09,False,False,True
main,887284572,60,9,Character Event,,517,2023-09-19 15:44:33,bloodtainted_greatsword,Bloodtainted Greatsword,weapon,3,1,,,True,2023-09-19,2023-09,False,False,True
main,887284572,60,9,Character Event,,518,2023-09-19 15:44:41,bloodtainted_greatsword,Bloodtainted Greatsword,weapon,3,1,,,True,2023-09-19,2023-09,False,False,True
main,887284572,60,9,Character Event,,519,2023-09-19 15:44:47,thrilling_tales_of_dragon_slayers,Thrilling Tales of Dragon Slayers,weapon,3,1,,,True,2023-09-19,2023-09,False,False,True
main,887284572,60,9,Character Event,,520,2023-09-19 15:44:53,favonius_warbow,Favonius Warbow,weapon,4,10,0.0,Lose,True,2023-09-19,2023-09,False,True,False
main,887284572,60,9,Character Event,,521,2023-09-19 23:03:28,freminet,Freminet,character,4,1,2.0,Guaranteed,True,2023-09-19,2023-09,False,True,False
main,887284572,60,9,Character Event,,522,2023-09-19 23:03:41,bloodtainted_greatsword,Bloodtainted Greatsword,weapon,3,1,,,True,2023-09-19,2023-09,False,False,True
main,887284572,60,9,Character Event,,523,2023-09-20 09:06:27,harbinger_of_dawn,Harbinger of Dawn,weapon,3,1,,,True,2023-09-20,2023-09,False,False,True
main,887284572,60,9,Character Event,,524,2023-09-20 23:39:23,skyrider_sword,Skyrider Sword,weapon,3,1,,,True,2023-09-20,2023-09,False,False,True
main,887284572,60,9,Character Event,,525,2023-09-21 11:38:55,slingshot,Slingshot,weapon,3,1,,,True,2023-09-21,2023-09,False,False,True
main,887284572,60,9,Character Event,,526,2023-09-21 11:39:15,harbinger_of_dawn,Harbinger of Dawn,weapon,3,1,,,True,2023-09-21,2023-09,False,False,True
main,887284572,60,9,Character Event,,527,2023-09-21 11:39:39,tighnari,Tighnari,character,5,76,0.0,Lose,True,2023-09-21,2023-09,True,False,False
main,887284572,60,9,Character Event,,528,2023-09-21 11:39:52,black_tassel,Black Tassel,weapon,3,1,,,True,2023-09-21,2023-09,False,False,True
main,887284572,60,9,Character Event,,529,2023-09-21 11:40:01,cool_steel,Cool Steel,weapon,3,1,,,True,2023-09-21,2023-09,False,False,True
main,887284572,60,9,Character Event,,530,2023-09-21 11:40:10,the_bell,The Bell,weapon,4,9,0.0,Lose,True,2023-09-21,2023-09,False,True,False
main,887284572,60,9,Character Event,,531,2023-09-25 19:29:08,skyrider_sword,Skyrider Sword,weapon,3,1,,,True,2023-09-25,2023-09,False,False,True
main,887284572,60,9,Character Event,,532,2023-09-25 19:29:21,raven_bow,Raven Bow,weapon,3,1,,,True,2023-09-25,2023-09,False,False,True
main,887284572,60,9,Character Event,,533,2023-09-25 19:29:29,skyrider_sword,Skyrider Sword,weapon,3,1,,,True,2023-09-25,2023-09,False,False,True
main,887284572,60,9,Character Event,,534,2023-09-25 19:29:37,cool_steel,Cool Steel,weapon,3,1,,,True,2023-09-25,2023-09,False,False,True
main,887284572,60,9,Character Event,,535,2023-09-25 19:29:45,ferrous_shadow,Ferrous Shadow,weapon,3,1,,,True,2023-09-25,2023-09,False,False,True
main,887284572,60,9,Character Event,,536,2023-09-25 19:29:52,raven_bow,Raven Bow,weapon,3,1,,,True,2023-09-25,2023-09,False,False,True
main,887284572,60,9,Character Event,,537,2023-09-25 19:30:00,emerald_orb,Emerald Orb,weapon,3,1,,,True,2023-09-25,2023-09,False,False,True
main,887284572,60,9,Character Event,400,538,2023-09-27 11:06:33,magic_guide,Magic Guide,weapon,3,1,,,True,2023-09-27,2023-09,False,False,True
main,887284572,60,9,Character Event,400,539,2023-09-27 11:06:44,fischl,Fischl,character,4,9,2.0,Guaranteed,True,2023-09-27,2023-09,False,True,False
main,887284572,60,9,Character Event,400,540,2023-09-27 11:06:54,ferrous_shadow,Ferrous Shadow,weapon,3,1,,,True,2023-09-27,2023-09,False,False,True
main,887284572,60,9,Character Event,400,541,2023-09-27 11:07:02,magic_guide,Magic Guide,weapon,3,1,,,True,2023-09-27,2023-09,False,False,True
main,887284572,60,9,Character Event,400,542,2023-09-27 11:07:12,ferrous_shadow,Ferrous Shadow,weapon,3,1,,,True,2023-09-27,2023-09,False,False,True
main,887284572,60,9,Character Event,400,543,2023-09-27 13:22:23,skyrider_sword,Skyrider Sword,weapon,3,1,,,True,2023-09-27,2023-09,False,False,True
main,887284572,60,9,Character Event,400,544,2023-09-27 13:22:35,emerald_orb,Emerald Orb,weapon,3,1,,,True,2023-09-27,2023-09,False,False,True
main,887284572,60,9,Character Event,400,545,2023-09-27 13:22:46,magic_guide,Magic Guide,weapon,3,1,,,True,2023-09-27,2023-09,False,False,True
main,887284572,60,9,Character Event,400,546,2023-09-27 15:27:38,bloodtainted_greatsword,Bloodtainted Greatsword,weapon,3,1,,,True,2023-09-27,2023-09,False,False,True
main,887284572,60,9,Character Event,400,547,2023-09-27 16:45:21,raven_bow,Raven Bow,weapon,3,1,,,True,2023-09-27,2023-09,False,False,True
main,887284572,60,9,Character Event,400,548,2023-09-27 23:27:19,rainslasher,Rainslasher,weapon,4,9,0.0,Lose,True,2023-09-27,2023-09,False,True,False
main,887284572,60,9,Character Event,400,549,2023-09-28 00:01:18,skyrider_sword,Skyrider Sword,weapon,3,1,,,True,2023-09-28,2023-09,False,False,True
main,887284572,60,9,Character Event,400,550,2023-09-28 00:01:27,debate_club,Debate Club,weapon,3,1,,,True,2023-09-28,2023-09,False,False,True
main,887284572,60,9,Character Event,400,551,2023-09-28 00:01:36,sharpshooters_oath,Sharpshooter's Oath,weapon,3,1,,,True,2023-09-28,2023-09,False,False,True
main,887284572,60,9,Character Event,400,552,2023-09-28 00:15:36,bloodtainted_greatsword,Bloodtainted Greatsword,weapon,3,1,,,True,2023-09-28,2023-09,False,False,True
main,887284572,60,9,Character Event,400,553,2023-09-28 07:41:54,ferrous_shadow,Ferrous Shadow,weapon,3,1,,,True,2023-09-28,2023-09,False,False,True
main,887284572,60,9,Character Event,400,554,2023-09-28 21:21:36,slingshot,Slingshot,weapon,3,1,,,True,2023-09-28,2023-09,False,False,True
main,887284572,60,9,Character Event,400,555,2023-09-28 21:21:47,debate_club,Debate Club,weapon,3,1,,,True,2023-09-28,2023-09,False,False,True
main,887284572,60,9,Character Event,400,556,2023-09-28 21:59:07,hu_tao,Hu Tao,character,5,29,2.0,Guaranteed,True,2023-09-28,2023-09,True,False,False
main,887284572,60,9,Character Event,400,557,2023-09-29 01:43:25,xingqiu,Xingqiu,character,4,9,2.0,Guaranteed,True,2023-09-29,2023-09,False,True,False
main,887284572,60,9,Character Event,400,558,2023-09-29 02:44:41,skyrider_sword,Skyrider Sword,weapon,3,1,,,True,2023-09-29,2023-09,False,False,True
main,887284572,60,9,Character Event,400,559,2023-09-29 02:44:50,cool_steel,Cool Steel,weapon,3,1,,,True,2023-09-29,2023-09,False,False,True
main,887284572,60,9,Character Event,400,560,2023-09-29 07:38:32,sharpshooters_oath,Sharpshooter's Oath,weapon,3,1,,,True,2023-09-29,2023-09,False,False,True
main,887284572,60,9,Character Event,400,561,2023-09-29 07:38:41,harbinger_of_dawn,Harbinger of Dawn,weapon,3,1,,,True,2023-09-29,2023-09,False,False,True
main,887284572,60,9,Character Event,400,562,2023-09-29 10:31:06,diona,Diona,character,4,5,1.0,Win,True,2023-09-29,2023-09,False,True,False
main,887284572,60,9,Character Event,400,563,2023-09-29 11:26:28,harbinger_of_dawn,Harbinger of Dawn,weapon,3,1,,,True,2023-09-29,2023-09,False,False,True
main,887284572,60,9,Character Event,400,564,2023-09-30 07:07:17,slingshot,Slingshot,weapon,3,1,,,True,2023-09-30,2023-09,False,False,True
main,887284572,60,9,Character Event,400,565,2023-09-30 07:07:28,debate_club,Debate Club,weapon,3,1,,,True,2023-09-30,2023-09,False,False,True
main,887284572,60,9,Character Event,400,566,2023-09-30 07:07:37,debate_club,Debate Club,weapon,3,1,,,True,2023-09-30,2023-09,False,False,True
main,887284572,60,9,Character Event,400,567,2023-09-30 07:07:46,sharpshooters_oath,Sharpshooter's Oath,weapon,3,1,,,True,2023-09-30,2023-09,False,False,True
main,887284572,60,9,Character Event,400,568,2023-10-01 00:08:56,skyrider_sword,Skyrider Sword,weapon,3,1,,,True,2023-10-01,2023-10,False,False,True
main,887284572,60,9,Character Event,400,569,2023-10-01 00:09:08,emerald_orb,Emerald Orb,weapon,3,1,,,True,2023-10-01,2023-10,False,False,True
main,887284572,60,9,Character Event,400,570,2023-10-01 00:09:18,thrilling_tales_of_dragon_slayers,Thrilling Tales of Dragon Slayers,weapon,3,1,,,True,2023-10-01,2023-10,False,False,True
main,887284572,60,9,Character Event,400,571,2023-10-01 07:01:57,debate_club,Debate Club,weapon,3,1,,,True,2023-10-01,2023-10,False,False,True
main,887284572,60,9,Character Event,400,572,2023-10-01 07:02:08,fischl,Fischl,character,4,10,1.0,Win,True,2023-10-01,2023-10,False,True,False
main,887284572,60,9,Character Event,400,573,2023-10-01 07:02:17,ferrous_shadow,Ferrous Shadow,weapon,3,1,,,True,2023-10-01,2023-10,False,False,True
main,887284572,60,9,Character Event,400,574,2023-10-01 07:02:26,sharpshooters_oath,Sharpshooter's Oath,weapon,3,1,,,True,2023-10-01,2023-10,False,False,True
main,887284572,60,9,Character Event,400,575,2023-10-01 07:02:34,ferrous_shadow,Ferrous Shadow,weapon,3,1,,,True,2023-10-01,2023-10,False,False,True
main,887284572,60,9,Character Event,400,576,2023-10-01 07:02:41,sharpshooters_oath,Sharpshooter's Oath,weapon,3,1,,,True,2023-10-01,2023-10,False,False,True
main,887284572,60,9,Character Event,400,577,2023-10-01 07:02:48,cool_steel,Cool Steel,weapon,3,1,,,True,2023-10-01,2023-10,False,False,True
main,887284572,60,9,Character Event,400,578,2023-10-01 07:06:21,favonius_warbow,Favonius Warbow,weapon,4,6,0.0,Lose,True,2023-10-01,2023-10,False,True,False
main,887284572,60,9,Character Event,400,579,2023-10-01 22:19:09,debate_club,Debate Club,weapon,3,1,,,True,2023-10-01,2023-10,False,False,True
main,887284572,60,9,Character Event,400,580,2023-10-01 23:33:30,xingqiu,Xingqiu,character,4,2,2.0,Guaranteed,True,2023-10-01,2023-10,False,True,False
main,887284572,60,9,Character Event,400,581,2023-10-01 23:33:42,emerald_orb,Emerald Orb,weapon,3,1,,,True,2023-10-01,2023-10,False,False,True
main,887284572,60,9,Character Event,400,582,2023-10-02 08:06:35,bloodtainted_greatsword,Bloodtainted Greatsword,weapon,3,1,,,True,2023-10-02,2023-10,False,False,True
main,887284572,60,9,Character Event,400,583,2023-10-02 08:06:45,sharpshooters_oath,Sharpshooter's Oath,weapon,3,1,,,True,2023-10-02,2023-10,False,False,True
main,887284572,60,9,Character Event,400,584,2023-10-02 17:23:45,raven_bow,Raven Bow,weapon,3,1,,,True,2023-10-02,2023-10,False,False,True
main,887284572,60,9,Character Event,400,585,2023-10-02 17:23:56,black_tassel,Black Tassel,weapon,3,1,,,True,2023-10-02,2023-10,False,False,True
main,887284572,60,9,Character Event,400,586,2023-10-03 12:30:30,cool_steel,Cool Steel,weapon,3,1,,,True,2023-10-03,2023-10,False,False,True
main,887284572,60,9,Character Event,400,587,2023-10-03 12:30:41,thrilling_tales_of_dragon_slayers,Thrilling Tales of Dragon Slayers,weapon,3,1,,,True,2023-10-03,2023-10,False,False,True
main,887284572,60,9,Character Event,400,588,2023-10-03 12:30:51,raven_bow,Raven Bow,weapon,3,1,,,True,2023-10-03,2023-10,False,False,True
main,887284572,60,9,Character Event,400,589,2023-10-03 12:31:01,fischl,Fischl,character,4,9,1.0,Win,True,2023-10-03,2023-10,False,True,False
main,887284572,60,9,Character Event,400,590,2023-10-03 20:19:59,fischl,Fischl,character,4,1,1.0,Win,True,2023-10-03,2023-10,False,True,False
main,887284572,60,9,Character Event,400,591,2023-10-03 20:20:12,skyrider_sword,Skyrider Sword,weapon,3,1,,,True,2023-10-03,2023-10,False,False,True
main,887284572,60,9,Character Event,400,592,2023-10-03 22:04:52,raven_bow,Raven Bow,weapon,3,1,,,True,2023-10-03,2023-10,False,False,True
main,887284572,60,9,Character Event,400,593,2023-10-03 22:05:02,slingshot,Slingshot,weapon,3,1,,,True,2023-10-03,2023-10,False,False,True
main,887284572,60,9,Character Event,400,594,2023-10-04 02:16:36,ferrous_shadow,Ferrous Shadow,weapon,3,1,,,True,2023-10-04,2023-10,False,False,True
main,887284572,60,9,Character Event,400,595,2023-10-04 09:17:23,skyrider_sword,Skyrider Sword,weapon,3,1,,,True,2023-10-04,2023-10,False,False,True
main,887284572,60,9,Character Event,400,596,2023-10-04 22:36:14,bloodtainted_greatsword,Bloodtainted Greatsword,weapon,3,1,,,True,2023-10-04,2023-10,False,False,True
main,887284572,60,9,Character Event,400,597,2023-10-05 07:27:05,sharpshooters_oath,Sharpshooter's Oath,weapon,3,1,,,True,2023-10-05,2023-10,False,False,True
main,887284572,60,9,Character Event,400,598,2023-10-05 07:27:15,ferrous_shadow,Ferrous Shadow,weapon,3,1,,,True,2023-10-05,2023-10,False,False,True
main,887284572,60,9,Character Event,400,599,2023-10-05 07:27:24,xingqiu,Xingqiu,character,4,9,1.0,Win,True,2023-10-05,2023-10,False,True,False
main,887284572,60,9,Character Event,400,600,2023-10-05 07:27:33,black_tassel,Black Tassel,weapon,3,1,,,True,2023-10-05,2023-10,False,False,True
main,887284572,60,9,Character Event,400,601,2023-10-05 07:27:41,harbinger_of_dawn,Harbinger of Dawn,weapon,3,1,,,True,2023-10-05,2023-10,False,False,True
main,887284572,60,9,Character Event,400,602,2023-10-05 07:55:34,cool_steel,Cool Steel,weapon,3,1,,,True,2023-10-05,2023-10,False,False,True
main,887284572,60,9,Character Event,400,603,2023-10-05 07:55:47,slingshot,Slingshot,weapon,3,1,,,True,2023-10-05,2023-10,False,False,True
main,887284572,60,9,Character Event,400,604,2023-10-05 20:07:44,diona,Diona,character,4,5,1.0,Win,True,2023-10-05,2023-10,False,True,False
main,887284572,60,9,Character Event,400,605,2023-10-05 20:07:56,harbinger_of_dawn,Harbinger of Dawn,weapon,3,1,,,True,2023-10-05,2023-10,False,False,True
main,887284572,60,9,Character Event,400,606,2023-10-06 10:39:04,slingshot,Slingshot,weapon,3,1,,,True,2023-10-06,2023-10,False,False,True
main,887284572,60,9,Character Event,400,607,2023-10-06 11:19:40,skyrider_sword,Skyrider Sword,weapon,3,1,,,True,2023-10-06,2023-10,False,False,True
main,887284572,60,9,Character Event,400,608,2023-10-06 19:16:17,sharpshooters_oath,Sharpshooter's Oath,weapon,3,1,,,True,2023-10-06,2023-10,False,False,True
main,887284572,60,9,Character Event,400,609,2023-10-07 07:34:58,black_tassel,Black Tassel,weapon,3,1,,,True,2023-10-07,2023-10,False,False,True
main,887284572,60,9,Character Event,400,610,2023-10-07 08:26:27,ferrous_shadow,Ferrous Shadow,weapon,3,1,,,True,2023-10-07,2023-10,False,False,True
main,887284572,60,9,Character Event,400,611,2023-10-07 08:27:30,magic_guide,Magic Guide,weapon,3,1,,,True,2023-10-07,2023-10,False,False,True
main,887284572,60,9,Character Event,400,612,2023-10-07 08:27:38,debate_club,Debate Club,weapon,3,1,,,True,2023-10-07,2023-10,False,False,True
main,887284572,60,9,Character Event,400,613,2023-10-07 08:27:56,debate_club,Debate Club,weapon,3,1,,,True,2023-10-07,2023-10,False,False,True
main,887284572,60,9,Character Event,400,614,2023-10-07 08:28:05,diona,Diona,character,4,10,1.0,Win,True,2023-10-07,2023-10,False,True,False
main,887284572,60,9,Character Event,400,615,2023-10-07 08:28:14,cool_steel,Cool Steel,weapon,3,1,,,True,2023-10-07,2023-10,False,False,True
main,887284572,60,9,Character Event,400,616,2023-10-08 09:57:13,sharpshooters_oath,Sharpshooter's Oath,weapon,3,1,,,True,2023-10-08,2023-10,False,False,True
main,887284572,60,9,Character Event,400,617,2023-10-08 09:57:24,rust,Rust,weapon,4,3,0.0,Lose,True,2023-10-08,2023-10,False,True,False
main,887284572,60,9,Character Event,400,618,2023-10-09 07:36:47,magic_guide,Magic Guide,weapon,3,1,,,True,2023-10-09,2023-10,False,False,True
main,887284572,60,9,Character Event,400,619,2023-10-09 07:36:57,slingshot,Slingshot,weapon,3,1,,,True,2023-10-09,2023-10,False,False,True
main,887284572,60,9,Character Event,400,620,2023-10-09 08:07:03,emerald_orb,Emerald Orb,weapon,3,1,,,True,2023-10-09,2023-10,False,False,True
main,887284572,60,9,Character Event,400,621,2023-10-09 09:22:44,slingshot,Slingshot,weapon,3,1,,,True,2023-10-09,2023-10,False,False,True
main,887284572,60,9,Character Event,400,622,2023-10-09 19:33:46,raven_bow,Raven Bow,weapon,3,1,,,True,2023-10-09,2023-10,False,False,True
main,887284572,60,9,Character Event,400,623,2023-10-10 09:59:09,harbinger_of_dawn,Harbinger of Dawn,weapon,3,1,,,True,2023-10-10,2023-10,False,False,True
main,887284572,60,9,Character Event,400,624,2023-10-10 17:13:37,ferrous_shadow,Ferrous Shadow,weapon,3,1,,,True,2023-10-10,2023-10,False,False,True
main,887284572,60,9,Character Event,400,625,2023-10-10 20:08:36,skyrider_sword,Skyrider Sword,weapon,3,1,,,True,2023-10-10,2023-10,False,False,True
main,887284572,60,9,Character Event,400,626,2023-10-11 09:12:26,diona,Diona,character,4,9,2.0,Guaranteed,True,2023-10-11,2023-10,False,True,False
main,887284572,60,9,Character Event,400,627,2023-10-11 09:13:40,slingshot,Slingshot,weapon,3,1,,,True,2023-10-11,2023-10,False,False,True
main,887284572,60,9,Character Event,400,628,2023-10-11 17:04:02,cool_steel,Cool Steel,weapon,3,1,,,True,2023-10-11,2023-10,False,False,True
main,887284572,60,9,Character Event,400,629,2023-10-12 09:04:39,diona,Diona,character,4,3,1.0,Win,True,2023-10-12,2023-10,False,True,False
main,887284572,60,9,Character Event,400,630,2023-10-12 09:04:52,thrilling_tales_of_dragon_slayers,Thrilling Tales of Dragon Slayers,weapon,3,1,,,True,2023-10-12,2023-10,False,False,True
main,887284572,60,9,Character Event,400,631,2023-10-12 12:31:34,thrilling_tales_of_dragon_slayers,Thrilling Tales of Dragon Slayers,weapon,3,1,,,True,2023-10-12,2023-10,False,False,True
main,887284572,60,9,Character Event,400,632,2023-10-12 16:15:34,diluc,Diluc,character,5,76,0.0,Lose,True,2023-10-12,2023-10,True,False,False
main,887284572,60,9,Character Event,400,633,2023-10-13 14:13:02,harbinger_of_dawn,Harbinger of Dawn,weapon,3,1,,,True,2023-10-13,2023-10,False,False,True
main,887284572,60,9,Character Event,400,634,2023-10-13 14:32:41,harbinger_of_dawn,Harbinger of Dawn,weapon,3,1,,,True,2023-10-13,2023-10,False,False,True
main,887284572,60,9,Character Event,400,635,2023-10-13 14:32:53,ferrous_shadow,Ferrous Shadow,weapon,3,1,,,True,2023-10-13,2023-10,False,False,True
main,887284572,60,9,Character Event,400,636,2023-10-13 16:52:26,magic_guide,Magic Guide,weapon,3,1,,,True,2023-10-13,2023-10,False,False,True
main,887284572,60,9,Character Event,400,637,2023-10-14 12:00:06,emerald_orb,Emerald Orb,weapon,3,1,,,True,2023-10-14,2023-10,False,False,True
main,887284572,60,9,Character Event,400,638,2023-10-14 12:00:18,skyrider_sword,Skyrider Sword,weapon,3,1,,,True,2023-10-14,2023-10,False,False,True
main,887284572,60,9,Character Event,400,639,2023-10-14 19:02:01,favonius_sword,Favonius Sword,weapon,4,10,0.0,Lose,True,2023-10-14,2023-10,False,True,False
main,887284572,60,9,Character Event,400,640,2023-10-15 09:49:55,black_tassel,Black Tassel,weapon,3,1,,,True,2023-10-15,2023-10,False,False,True
main,887284572,60,9,Character Event,400,641,2023-10-15 18:59:44,cool_steel,Cool Steel,weapon,3,1,,,True,2023-10-15,2023-10,False,False,True
main,887284572,60,9,Character Event,400,642,2023-10-16 09:51:14,ferrous_shadow,Ferrous Shadow,weapon,3,1,,,True,2023-10-16,2023-10,False,False,True
main,887284572,60,9,Character Event,400,643,2023-10-16 10:07:27,skyrider_sword,Skyrider Sword,weapon,3,1,,,True,2023-10-16,2023-10,False,False,True
main,887284572,60,9,Character Event,400,644,2023-10-16 13:00:17,bloodtainted_greatsword,Bloodtainted Greatsword,weapon,3,1,,,True,2023-10-16,2023-10,False,False,True
main,887284572,60,9,Character Event,400,645,2023-10-16 13:00:28,emerald_orb,Emerald Orb,weapon,3,1,,,True,2023-10-16,2023-10,False,False,True
main,887284572,60,9,Character Event,400,646,2023-10-16 13:00:38,skyrider_sword,Skyrider Sword,weapon,3,1,,,True,2023-10-16,2023-10,False,False,True
main,887284572,60,9,Character Event,400,647,2023-10-17 07:29:29,emerald_orb,Emerald Orb,weapon,3,1,,,True,2023-10-17,2023-10,False,False,True
main,887284572,60,9,Character Event,400,648,2023-11-02 19:28:47,dori,Dori,character,4,9,2.0,Guaranteed,True,2023-11-02,2023-11,False,True,False
main,887284572,60,9,Character Event,400,649,2023-11-02 19:28:59,slingshot,Slingshot,weapon,3,1,,,True,2023-11-02,2023-11,False,False,True
main,887284572,60,9,Character Event,400,650,2023-11-02 19:29:09,ferrous_shadow,Ferrous Shadow,weapon,3,1,,,True,2023-11-02,2023-11,False,False,True
main,887284572,60,9,Character Event,400,651,2023-11-02 19:29:18,ferrous_shadow,Ferrous Shadow,weapon,3,1,,,True,2023-11-02,2023-11,False,False,True
main,887284572,60,9,Character Event,400,652,2023-11-02 19:29:27,bloodtainted_greatsword,Bloodtainted Greatsword,weapon,3,1,,,True,2023-11-02,2023-11,False,False,True
main,887284572,60,9,Character Event,400,653,2023-11-02 19:29:40,raven_bow,Raven Bow,weapon,3,1,,,True,2023-11-02,2023-11,False,False,True
main,887284572,60,9,Character Event,400,654,2023-11-02 19:29:48,black_tassel,Black Tassel,weapon,3,1,,,True,2023-11-02,2023-11,False,False,True
main,887284572,60,9,Character Event,400,655,2023-11-02 19:29:54,emerald_orb,Emerald Orb,weapon,3,1,,,True,2023-11-02,2023-11,False,False,True
main,887284572,60,9,Character Event,400,656,2023-11-06 01:56:22,the_widsith,The Widsith,weapon,4,8,0.0,Lose,True,2023-11-06,2023-11,False,True,False
main,887284572,60,9,Character Event,,657,2023-11-08 11:22:29,emerald_orb,Emerald Orb,weapon,3,1,,,True,2023-11-08,2023-11,False,False,True
main,887284572,60,9,Character Event,,658,2023-11-08 11:22:29,ferrous_shadow,Ferrous Shadow,weapon,3,1,,,True,2023-11-08,2023-11,False,False,True
main,887284572,60,9,Character Event,,659,2023-11-08 11:22:29,debate_club,Debate Club,weapon,3,1,,,True,2023-11-08,2023-11,False,False,True
main,887284572,60,9,Character Event,,660,2023-11-08 11:22:29,harbinger_of_dawn,Harbinger of Dawn,weapon,3,1,,,True,2023-11-08,2023-11,False,False,True
main,887284572,60,9,Character Event,,661,2023-11-08 11:22:29,raven_bow,Raven Bow,weapon,3,1,,,True,2023-11-08,2023-11,False,False,True
main,887284572,60,9,Character Event,,662,2023-11-08 11:22:29,bloodtainted_greatsword,Bloodtainted Greatsword,weapon,3,1,,,True,2023-11-08,2023-11,False,False,True
main,887284572,60,9,Character Event,,663,2023-11-08 11:22:29,beidou,Beidou,character,4,7,2.0,Guaranteed,True,2023-11-08,2023-11,False,True,False
main,887284572,60,9,Character Event,,664,2023-11-08 11:22:29,cool_steel,Cool Steel,weapon,3,1,,,True,2023-11-08,2023-11,False,False,True
main,887284572,60,9,Character Event,,665,2023-11-08 11:22:29,skyrider_sword,Skyrider Sword,weapon,3,1,,,True,2023-11-08,2023-11,False,False,True
main,887284572,60,9,Character Event,,666,2023-11-08 11:22:29,bloodtainted_greatsword,Bloodtainted Greatsword,weapon,3,1,,,True,2023-11-08,2023-11,False,False,True
main,887284572,60,9,Character Event,,667,2023-11-08 11:22:43,bloodtainted_greatsword,Bloodtainted Greatsword,weapon,3,1,,,True,2023-11-08,2023-11,False,False,True
main,887284572,60,9,Character Event,,668,2023-11-08 11:22:43,sharpshooters_oath,Sharpshooter's Oath,weapon,3,1,,,True,2023-11-08,2023-11,False,False,True
main,887284572,60,9,Character Event,,669,2023-11-08 11:22:43,raven_bow,Raven Bow,weapon,3,1,,,True,2023-11-08,2023-11,False,False,True
main,887284572,60,9,Character Event,,670,2023-11-08 11:22:43,magic_guide,Magic Guide,weapon,3,1,,,True,2023-11-08,2023-11,False,False,True
main,887284572,60,9,Character Event,,671,2023-11-08 11:22:43,sharpshooters_oath,Sharpshooter's Oath,weapon,3,1,,,True,2023-11-08,2023-11,False,False,True
main,887284572,60,9,Character Event,,672,2023-11-08 11:22:43,thrilling_tales_of_dragon_slayers,Thrilling Tales of Dragon Slayers,weapon,3,1,,,True,2023-11-08,2023-11,False,False,True
main,887284572,60,9,Character Event,,673,2023-11-08 11:22:43,charlotte,Charlotte,character,4,10,1.0,Win,True,2023-11-08,2023-11,False,True,False
main,887284572,60,9,Character Event,,674,2023-11-08 11:22:43,black_tassel,Black Tassel,weapon,3,1,,,True,2023-11-08,2023-11,False,False,True
main,887284572,60,9,Character Event,,675,2023-11-08 11:22:43,thrilling_tales_of_dragon_slayers,Thrilling Tales of Dragon Slayers,weapon,3,1,,,True,2023-11-08,2023-11,False,False,True
main,887284572,60,9,Character Event,,676,2023-11-08 11:22:43,cool_steel,Cool Steel,weapon,3,1,,,True,2023-11-08,2023-11,False,False,True
main,887284572,60,9,Character Event,,677,2023-11-08 11:22:59,harbinger_of_dawn,Harbinger of Dawn,weapon,3,1,,,True,2023-11-08,2023-11,False,False,True
main,887284572,60,9,Character Event,,678,2023-11-08 11:22:59,raven_bow,Raven Bow,weapon,3,1,,,True,2023-11-08,2023-11,False,False,True
main,887284572,60,9,Character Event,,679,2023-11-08 11:22:59,magic_guide,Magic Guide,weapon,3,1,,,True,2023-11-08,2023-11,False,False,True
main,887284572,60,9,Character Event,,680,2023-11-08 11:22:59,harbinger_of_dawn,Harbinger of Dawn,weapon,3,1,,,True,2023-11-08,2023-11,False,False,True
main,887284572,60,9,Character Event,,681,2023-11-08 11:22:59,cool_steel,Cool Steel,weapon,3,1,,,True,2023-11-08,2023-11,False,False,True
main,887284572,60,9,Character Event,,682,2023-11-08 11:22:59,harbinger_of_dawn,Harbinger of Dawn,weapon,3,1,,,True,2023-11-08,2023-11,False,False,True
main,887284572,60,9,Character Event,,683,2023-11-08 11:22:59,charlotte,Charlotte,character,4,10,1.0,Win,True,2023-11-08,2023-11,False,True,False
main,887284572,60,9,Character Event,,684,2023-11-08 11:22:59,emerald_orb,Emerald Orb,weapon,3,1,,,True,2023-11-08,2023-11,False,False,True
main,887284572,60,9,Character Event,,685,2023-11-08 11:22:59,emerald_orb,Emerald Orb,weapon,3,1,,,True,2023-11-08,2023-11,False,False,True
main,887284572,60,9,Character Event,,686,2023-11-08 11:22:59,bloodtainted_greatsword,Bloodtainted Greatsword,weapon,3,1,,,True,2023-11-08,2023-11,False,False,True
main,887284572,60,9,Character Event,,687,2023-11-08 11:23:12,raven_bow,Raven Bow,weapon,3,1,,,True,2023-11-08,2023-11,False,False,True
main,887284572,60,9,Character Event,,688,2023-11-08 11:23:12,debate_club,Debate Club,weapon,3,1,,,True,2023-11-08,2023-11,False,False,True
main,887284572,60,9,Character Event,,689,2023-11-08 11:23:12,slingshot,Slingshot,weapon,3,1,,,True,2023-11-08,2023-11,False,False,True
main,887284572,60,9,Character Event,,690,2023-11-08 11:23:12,emerald_orb,Emerald Orb,weapon,3,1,,,True,2023-11-08,2023-11,False,False,True
main,887284572,60,9,Character Event,,691,2023-11-08 11:23:12,sharpshooters_oath,Sharpshooter's Oath,weapon,3,1,,,True,2023-11-08,2023-11,False,False,True
main,887284572,60,9,Character Event,,692,2023-11-08 11:23:12,harbinger_of_dawn,Harbinger of Dawn,weapon,3,1,,,True,2023-11-08,2023-11,False,False,True
main,887284572,60,9,Character Event,,693,2023-11-08 11:23:12,favonius_codex,Favonius Codex,weapon,4,10,0.0,Lose,True,2023-11-08,2023-11,False,True,False
main,887284572,60,9,Character Event,,694,2023-11-08 11:23:12,cool_steel,Cool Steel,weapon,3,1,,,True,2023-11-08,2023-11,False,False,True
main,887284572,60,9,Character Event,,695,2023-11-08 11:23:12,raven_bow,Raven Bow,weapon,3,1,,,True,2023-11-08,2023-11,False,False,True
main,887284572,60,9,Character Event,,696,2023-11-08 11:23:12,slingshot,Slingshot,weapon,3,1,,,True,2023-11-08,2023-11,False,False,True
main,887284572,60,9,Character Event,,697,2023-11-08 11:23:32,charlotte,Charlotte,character,4,4,2.0,Guaranteed,True,2023-11-08,2023-11,False,True,False
main,887284572,60,9,Character Event,,698,2023-11-08 11:23:32,slingshot,Slingshot,weapon,3,1,,,True,2023-11-08,2023-11,False,False,True
main,887284572,60,9,Character Event,,699,2023-11-08 11:23:32,sharpshooters_oath,Sharpshooter's Oath,weapon,3,1,,,True,2023-11-08,2023-11,False,False,True
main,887284572,60,9,Character Event,,700,2023-11-08 11:23:32,black_tassel,Black Tassel,weapon,3,1,,,True,2023-11-08,2023-11,False,False,True
main,887284572,60,9,Character Event,,701,2023-11-08 11:23:32,bloodtainted_greatsword,Bloodtainted Greatsword,weapon,3,1,,,True,2023-11-08,2023-11,False,False,True
main,887284572,60,9,Character Event,,702,2023-11-08 11:23:32,black_tassel,Black Tassel,weapon,3,1,,,True,2023-11-08,2023-11,False,False,True
main,887284572,60,9,Character Event,,703,2023-11-08 11:23:32,cool_steel,Cool Steel,weapon,3,1,,,True,2023-11-08,2023-11,False,False,True
main,887284572,60,9,Character Event,,704,2023-11-08 11:23:32,raven_bow,Raven Bow,weapon,3,1,,,True,2023-11-08,2023-11,False,False,True
main,887284572,60,9,Character Event,,705,2023-11-08 11:23:32,raven_bow,Raven Bow,weapon,3,1,,,True,2023-11-08,2023-11,False,False,True
main,887284572,60,9,Character Event,,706,2023-11-08 11:23:32,kuki_shinobu,Kuki Shinobu,character,4,9,0.0,Lose,True,2023-11-08,2023-11,False,True,False
main,887284572,60,9,Character Event,,707,2023-11-08 12:09:01,skyrider_sword,Skyrider Sword,weapon,3,1,,,True,2023-11-08,2023-11,False,False,True
main,887284572,60,9,Character Event,,708,2023-11-08 12:09:10,harbinger_of_dawn,Harbinger of Dawn,weapon,3,1,,,True,2023-11-08,2023-11,False,False,True
main,887284572,60,9,Character Event,,709,2023-11-08 12:09:17,skyrider_sword,Skyrider Sword,weapon,3,1,,,True,2023-11-08,2023-11,False,False,True
main,887284572,60,9,Character Event,,710,2023-11-08 12:09:24,skyrider_sword,Skyrider Sword,weapon,3,1,,,True,2023-11-08,2023-11,False,False,True
main,887284572,60,9,Character Event,,711,2023-11-08 12:09:31,furina,Furina,character,5,79,2.0,Guaranteed,True,2023-11-08,2023-11,True,False,False
main,887284572,60,9,Character Event,,712,2023-11-08 12:09:49,magic_guide,Magic Guide,weapon,3,1,,,True,2023-11-08,2023-11,False,False,True
main,887284572,60,9,Character Event,,713,2023-11-08 12:09:59,thrilling_tales_of_dragon_slayers,Thrilling Tales of Dragon Slayers,weapon,3,1,,,True,2023-11-08,2023-11,False,False,True
main,887284572,60,9,Character Event,,714,2023-11-08 12:10:08,thrilling_tales_of_dragon_slayers,Thrilling Tales of Dragon Slayers,weapon,3,1,,,True,2023-11-08,2023-11,False,False,True
main,887284572,60,9,Character Event,,715,2023-11-08 12:10:16,furina,Furina,character,5,4,1.0,Win,True,2023-11-08,2023-11,True,False,False
main,887284572,60,9,Character Event,,716,2023-11-08 12:52:50,collei,Collei,character,4,10,2.0,Guaranteed,True,2023-11-08,2023-11,False,True,False
main,887284572,60,9,Character Event,,717,2023-11-10 03:48:46,black_tassel,Black Tassel,weapon,3,1,,,True,2023-11-10,2023-11,False,False,True
main,887284572,60,9,Character Event,,718,2023-11-10 03:48:56,black_tassel,Black Tassel,weapon,3,1,,,True,2023-11-10,2023-11,False,False,True
main,887284572,60,9,Character Event,,719,2023-11-10 03:49:02,emerald_orb,Emerald Orb,weapon,3,1,,,True,2023-11-10,2023-11,False,False,True
main,887284572,60,9,Character Event,,720,2023-11-10 03:49:06,slingshot,Slingshot,weapon,3,1,,,True,2023-11-10,2023-11,False,False,True
main,887284572,60,9,Character Event,,721,2023-11-10 04:58:17,raven_bow,Raven Bow,weapon,3,1,,,True,2023-11-10,2023-11,False,False,True
main,887284572,60,9,Character Event,,722,2023-11-10 04:58:26,emerald_orb,Emerald Orb,weapon,3,1,,,True,2023-11-10,2023-11,False,False,True
main,887284572,60,9,Character Event,,723,2023-11-10 05:03:47,debate_club,Debate Club,weapon,3,1,,,True,2023-11-10,2023-11,False,False,True
main,887284572,60,9,Character Event,,724,2023-11-10 15:46:06,emerald_orb,Emerald Orb,weapon,3,1,,,True,2023-11-10,2023-11,False,False,True
main,887284572,60,9,Character Event,,725,2023-11-10 21:43:14,ferrous_shadow,Ferrous Shadow,weapon,3,1,,,True,2023-11-10,2023-11,False,False,True
main,887284572,60,9,Character Event,,726,2023-11-11 13:58:13,favonius_lance,Favonius Lance,weapon,4,10,0.0,Lose,True,2023-11-11,2023-11,False,True,False
main,887284572,60,9,Character Event,,727,2023-11-11 23:35:48,raven_bow,Raven Bow,weapon,3,1,,,True,2023-11-11,2023-11,False,False,True
main,887284572,60,9,Character Event,,728,2023-11-12 09:13:26,cool_steel,Cool Steel,weapon,3,1,,,True,2023-11-12,2023-11,False,False,True
main,887284572,60,9,Character Event,,729,2023-11-12 12:03:39,slingshot,Slingshot,weapon,3,1,,,True,2023-11-12,2023-11,False,False,True
main,887284572,60,9,Character Event,,730,2023-11-13 01:06:03,black_tassel,Black Tassel,weapon,3,1,,,True,2023-11-13,2023-11,False,False,True
main,887284572,60,9,Character Event,,731,2023-11-13 11:25:11,black_tassel,Black Tassel,weapon,3,1,,,True,2023-11-13,2023-11,False,False,True
main,887284572,60,9,Character Event,,732,2023-11-13 11:25:20,skyrider_sword,Skyrider Sword,weapon,3,1,,,True,2023-11-13,2023-11,False,False,True
main,887284572,60,9,Character Event,,733,2023-11-14 04:25:40,black_tassel,Black Tassel,weapon,3,1,,,True,2023-11-14,2023-11,False,False,True
main,887284572,60,9,Character Event,,734,2023-11-14 14:13:21,thrilling_tales_of_dragon_slayers,Thrilling Tales of Dragon Slayers,weapon,3,1,,,True,2023-11-14,2023-11,False,False,True
main,887284572,60,9,Character Event,,735,2023-11-15 08:55:15,collei,Collei,character,4,9,2.0,Guaranteed,True,2023-11-15,2023-11,False,True,False
main,887284572,60,9,Character Event,,736,2023-11-16 00:46:08,cool_steel,Cool Steel,weapon,3,1,,,True,2023-11-16,2023-11,False,False,True
main,887284572,60,9,Character Event,,737,2023-11-16 08:49:21,black_tassel,Black Tassel,weapon,3,1,,,True,2023-11-16,2023-11,False,False,True
main,887284572,60,9,Character Event,,738,2023-11-16 09:32:12,bloodtainted_greatsword,Bloodtainted Greatsword,weapon,3,1,,,True,2023-11-16,2023-11,False,False,True
main,887284572,60,9,Character Event,,739,2023-11-16 09:32:21,thrilling_tales_of_dragon_slayers,Thrilling Tales of Dragon Slayers,weapon,3,1,,,True,2023-11-16,2023-11,False,False,True
main,887284572,60,9,Character Event,,740,2023-11-16 13:52:14,bloodtainted_greatsword,Bloodtainted Greatsword,weapon,3,1,,,True,2023-11-16,2023-11,False,False,True
main,887284572,60,9,Character Event,,741,2023-11-17 13:31:01,black_tassel,Black Tassel,weapon,3,1,,,True,2023-11-17,2023-11,False,False,True
main,887284572,60,9,Character Event,,742,2023-11-17 13:50:53,thrilling_tales_of_dragon_slayers,Thrilling Tales of Dragon Slayers,weapon,3,1,,,True,2023-11-17,2023-11,False,False,True
main,887284572,60,9,Character Event,,743,2023-11-18 04:37:22,bloodtainted_greatsword,Bloodtainted Greatsword,weapon,3,1,,,True,2023-11-18,2023-11,False,False,True
main,887284572,60,9,Character Event,,744,2023-11-18 19:36:57,bloodtainted_greatsword,Bloodtainted Greatsword,weapon,3,1,,,True,2023-11-18,2023-11,False,False,True
main,887284572,60,9,Character Event,,745,2023-11-18 20:52:18,lions_roar,Lion's Roar,weapon,4,10,0.0,Lose,True,2023-11-18,2023-11,False,True,False
main,887284572,60,9,Character Event,,746,2023-11-18 21:22:34,sharpshooters_oath,Sharpshooter's Oath,weapon,3,1,,,True,2023-11-18,2023-11,False,False,True
main,887284572,60,9,Character Event,,747,2023-11-18 22:13:22,slingshot,Slingshot,weapon,3,1,,,True,2023-11-18,2023-11,False,False,True
main,887284572,60,9,Character Event,,748,2023-11-18 22:39:33,thrilling_tales_of_dragon_slayers,Thrilling Tales of Dragon Slayers,weapon,3,1,,,True,2023-11-18,2023-11,False,False,True
main,887284572,60,9,Character Event,,749,2023-11-18 23:57:46,bloodtainted_greatsword,Bloodtainted Greatsword,weapon,3,1,,,True,2023-11-18,2023-11,False,False,True
main,887284572,60,9,Character Event,,750,2023-11-19 03:54:21,magic_guide,Magic Guide,weapon,3,1,,,True,2023-11-19,2023-11,False,False,True
main,887284572,60,9,Character Event,,751,2023-11-19 04:14:50,sharpshooters_oath,Sharpshooter's Oath,weapon,3,1,,,True,2023-11-19,2023-11,False,False,True
main,887284572,60,9,Character Event,,752,2023-11-19 04:21:33,cool_steel,Cool Steel,weapon,3,1,,,True,2023-11-19,2023-11,False,False,True
main,887284572,60,9,Character Event,,753,2023-11-19 04:21:40,emerald_orb,Emerald Orb,weapon,3,1,,,True,2023-11-19,2023-11,False,False,True
main,887284572,60,9,Character Event,,754,2023-11-19 04:43:42,sharpshooters_oath,Sharpshooter's Oath,weapon,3,1,,,True,2023-11-19,2023-11,False,False,True
main,887284572,60,9,Character Event,,755,2023-11-20 10:39:13,beidou,Beidou,character,4,10,2.0,Guaranteed,True,2023-11-20,2023-11,False,True,False
main,887284572,60,9,Character Event,,756,2023-11-20 10:39:23,slingshot,Slingshot,weapon,3,1,,,True,2023-11-20,2023-11,False,False,True
main,887284572,60,9,Character Event,,757,2023-11-21 08:15:05,skyrider_sword,Skyrider Sword,weapon,3,1,,,True,2023-11-21,2023-11,False,False,True
main,887284572,60,9,Character Event,,758,2023-11-22 19:43:04,thrilling_tales_of_dragon_slayers,Thrilling Tales of Dragon Slayers,weapon,3,1,,,True,2023-11-22,2023-11,False,False,True
main,887284572,60,9,Character Event,,759,2023-11-23 06:32:20,skyrider_sword,Skyrider Sword,weapon,3,1,,,True,2023-11-23,2023-11,False,False,True
main,887284572,60,9,Character Event,,760,2023-11-23 21:24:57,slingshot,Slingshot,weapon,3,1,,,True,2023-11-23,2023-11,False,False,True
main,887284572,60,9,Character Event,,761,2023-11-24 04:33:31,emerald_orb,Emerald Orb,weapon,3,1,,,True,2023-11-24,2023-11,False,False,True
main,887284572,60,9,Character Event,,762,2023-11-24 04:33:40,ferrous_shadow,Ferrous Shadow,weapon,3,1,,,True,2023-11-24,2023-11,False,False,True
main,887284572,60,9,Character Event,,763,2023-11-25 04:32:42,skyrider_sword,Skyrider Sword,weapon,3,1,,,True,2023-11-25,2023-11,False,False,True
main,887284572,60,9,Character Event,,764,2023-11-25 04:33:01,collei,Collei,character,4,9,1.0,Win,True,2023-11-25,2023-11,False,True,False
main,887284572,60,9,Character Event,,765,2023-11-25 04:33:10,sharpshooters_oath,Sharpshooter's Oath,weapon,3,1,,,True,2023-11-25,2023-11,False,False,True
main,887284572,60,9,Character Event,,766,2023-11-26 05:16:47,beidou,Beidou,character,4,2,1.0,Win,True,2023-11-26,2023-11,False,True,False
main,887284572,60,9,Character Event,,767,2023-11-26 05:17:00,ferrous_shadow,Ferrous Shadow,weapon,3,1,,,True,2023-11-26,2023-11,False,False,True
main,887284572,60,9,Character Event,,768,2023-11-27 04:18:09,black_tassel,Black Tassel,weapon,3,1,,,True,2023-11-27,2023-11,False,False,True
main,887284572,60,9,Character Event,,769,2023-11-27 04:57:39,emerald_orb,Emerald Orb,weapon,3,1,,,True,2023-11-27,2023-11,False,False,True
main,887284572,60,9,Character Event,,770,2023-11-28 09:43:46,skyrider_sword,Skyrider Sword,weapon,3,1,,,True,2023-11-28,2023-11,False,False,True
main,887284572,60,9,Character Event,,771,2023-11-28 09:48:03,magic_guide,Magic Guide,weapon,3,1,,,True,2023-11-28,2023-11,False,False,True
main,887284572,60,9,Character Event,,772,2023-11-28 09:48:10,thrilling_tales_of_dragon_slayers,Thrilling Tales of Dragon Slayers,weapon,3,1,,,True,2023-11-28,2023-11,False,False,True
main,887284572,60,9,Character Event,,773,2023-11-28 17:31:00,bloodtainted_greatsword,Bloodtainted Greatsword,weapon,3,1,,,True,2023-11-28,2023-11,False,False,True
main,887284572,60,9,Character Event,,774,2023-11-28 17:31:07,slingshot,Slingshot,weapon,3,1,,,True,2023-11-28,2023-11,False,False,True
main,887284572,60,9,Character Event,,775,2023-11-28 17:31:43,charlotte,Charlotte,character,4,9,1.0,Win,True,2023-11-28,2023-11,False,True,False
main,887284572,60,9,Character Event,,776,2023-12-07 21:53:46,emerald_orb,Emerald Orb,weapon,3,1,,,True,2023-12-07,2023-12,False,False,True
main,887284572,60,9,Character Event,400,777,2023-12-07 21:53:59,slingshot,Slingshot,weapon,3,1,,,True,2023-12-07,2023-12,False,False,True
main,887284572,60,9,Character Event,400,778,2023-12-07 21:54:08,raven_bow,Raven Bow,weapon,3,1,,,True,2023-12-07,2023-12,False,False,True
main,887284572,60,9,Character Event,400,779,2023-12-07 21:54:17,sharpshooters_oath,Sharpshooter's Oath,weapon,3,1,,,True,2023-12-07,2023-12,False,False,True
main,887284572,60,9,Character Event,400,780,2023-12-07 21:54:30,black_tassel,Black Tassel,weapon,3,1,,,True,2023-12-07,2023-12,False,False,True
main,887284572,60,9,Character Event,400,781,2023-12-07 21:54:42,debate_club,Debate Club,weapon,3,1,,,True,2023-12-07,2023-12,False,False,True
main,887284572,60,9,Character Event,400,782,2023-12-07 21:54:53,the_flute,The Flute,weapon,4,7,0.0,Lose,True,2023-12-07,2023-12,False,True,False
main,887284572,60,9,Character Event,400,783,2023-12-18 14:09:10,black_tassel,Black Tassel,weapon,3,1,,,True,2023-12-18,2023-12,False,False,True
main,887284572,60,9,Character Event,400,784,2023-12-18 14:09:20,thrilling_tales_of_dragon_slayers,Thrilling Tales of Dragon Slayers,weapon,3,1,,,True,2023-12-18,2023-12,False,False,True
main,887284572,60,9,Character Event,400,785,2023-12-18 14:09:30,debate_club,Debate Club,weapon,3,1,,,True,2023-12-18,2023-12,False,False,True
main,887284572,60,9,Character Event,400,786,2023-12-18 14:09:41,slingshot,Slingshot,weapon,3,1,,,True,2023-12-18,2023-12,False,False,True
main,887284572,60,9,Character Event,400,787,2023-12-18 14:10:26,thrilling_tales_of_dragon_slayers,Thrilling Tales of Dragon Slayers,weapon,3,1,,,True,2023-12-18,2023-12,False,False,True
main,887284572,60,9,Character Event,400,788,2023-12-18 14:10:36,ferrous_shadow,Ferrous Shadow,weapon,3,1,,,True,2023-12-18,2023-12,False,False,True
main,887284572,60,9,Character Event,400,789,2023-12-18 14:10:45,kamisato_ayato,Kamisato Ayato,character,5,74,1.0,Win,True,2023-12-18,2023-12,True,False,False
main,887284572,60,9,Character Event,400,790,2023-12-18 14:11:57,slingshot,Slingshot,weapon,3,1,,,True,2023-12-18,2023-12,False,False,True
main,887284572,60,9,Character Event,400,791,2023-12-18 14:12:06,kuki_shinobu,Kuki Shinobu,character,4,9,2.0,Guaranteed,True,2023-12-18,2023-12,False,True,False
main,887284572,60,9,Character Event,400,792,2023-12-18 14:12:15,thrilling_tales_of_dragon_slayers,Thrilling Tales of Dragon Slayers,weapon,3,1,,,True,2023-12-18,2023-12,False,False,True
main,887284572,60,9,Character Event,400,793,2023-12-18 14:13:06,thrilling_tales_of_dragon_slayers,Thrilling Tales of Dragon Slayers,weapon,3,1,,,True,2023-12-18,2023-12,False,False,True
main,887284572,60,9,Character Event,400,794,2023-12-18 14:13:12,thrilling_tales_of_dragon_slayers,Thrilling Tales of Dragon Slayers,weapon,3,1,,,True,2023-12-18,2023-12,False,False,True
main,887284572,60,9,Character Event,400,795,2023-12-18 14:13:21,magic_guide,Magic Guide,weapon,3,1,,,True,2023-12-18,2023-12,False,False,True
main,887284572,60,9,Character Event,400,796,2023-12-18 14:13:29,sharpshooters_oath,Sharpshooter's Oath,weapon,3,1,,,True,2023-12-18,2023-12,False,False,True
main,887284572,60,9,Character Event,400,797,2023-12-18 14:13:34,debate_club,Debate Club,weapon,3,1,,,True,2023-12-18,2023-12,False,False,True
main,887284572,60,9,Character Event,400,798,2023-12-18 14:13:41,sharpshooters_oath,Sharpshooter's Oath,weapon,3,1,,,True,2023-12-18,2023-12,False,False,True
main,887284572,60,9,Character Event,400,799,2023-12-18 14:13:49,cool_steel,Cool Steel,weapon,3,1,,,True,2023-12-18,2023-12,False,False,True
main,887284572,60,9,Character Event,400,800,2023-12-18 14:13:55,lions_roar,Lion's Roar,weapon,4,9,0.0,Lose,True,2023-12-18,2023-12,False,True,False
main,887284572,60,9,Character Event,400,801,2023-12-18 14:14:03,ferrous_shadow,Ferrous Shadow,weapon,3,1,,,True,2023-12-18,2023-12,False,False,True
main,887284572,60,9,Character Event,400,802,2023-12-18 14:14:10,harbinger_of_dawn,Harbinger of Dawn,weapon,3,1,,,True,2023-12-18,2023-12,False,False,True
main,887284572,60,9,Character Event,,803,2023-12-18 15:25:12,cool_steel,Cool Steel,weapon,3,1,,,True,2023-12-18,2023-12,False,False,True
main,887284572,60,9,Character Event,,804,2023-12-18 15:25:12,magic_guide,Magic Guide,weapon,3,1,,,True,2023-12-18,2023-12,False,False,True
main,887284572,60,9,Character Event,,805,2023-12-18 15:25:12,black_tassel,Black Tassel,weapon,3,1,,,True,2023-12-18,2023-12,False,False,True
main,887284572,60,9,Character Event,,806,2023-12-18 15:25:12,cool_steel,Cool Steel,weapon,3,1,,,True,2023-12-18,2023-12,False,False,True
main,887284572,60,9,Character Event,,807,2023-12-18 15:25:12,cyno,Cyno,character,5,18,1.0,Win,True,2023-12-18,2023-12,True,False,False
main,887284572,60,9,Character Event,,808,2023-12-18 15:25:12,slingshot,Slingshot,weapon,3,1,,,True,2023-12-18,2023-12,False,False,True
main,887284572,60,9,Character Event,,809,2023-12-18 15:25:12,kirara,Kirara,character,4,9,2.0,Guaranteed,True,2023-12-18,2023-12,False,True,False
main,887284572,60,9,Character Event,,810,2023-12-18 15:25:12,magic_guide,Magic Guide,weapon,3,1,,,True,2023-12-18,2023-12,False,False,True
main,887284572,60,9,Character Event,,811,2023-12-18 15:25:12,thrilling_tales_of_dragon_slayers,Thrilling Tales of Dragon Slayers,weapon,3,1,,,True,2023-12-18,2023-12,False,False,True
main,887284572,60,9,Character Event,,812,2023-12-18 15:25:12,bloodtainted_greatsword,Bloodtainted Greatsword,weapon,3,1,,,True,2023-12-18,2023-12,False,False,True
main,887284572,60,9,Character Event,,813,2023-12-18 15:25:30,harbinger_of_dawn,Harbinger of Dawn,weapon,3,1,,,True,2023-12-18,2023-12,False,False,True
main,887284572,60,9,Character Event,,814,2023-12-18 15:25:30,sharpshooters_oath,Sharpshooter's Oath,weapon,3,1,,,True,2023-12-18,2023-12,False,False,True
main,887284572,60,9,Character Event,,815,2023-12-18 15:25:30,freminet,Freminet,character,4,6,0.0,Lose,True,2023-12-18,2023-12,False,True,False
main,887284572,60,9,Character Event,,816,2023-12-18 15:25:30,bloodtainted_greatsword,Bloodtainted Greatsword,weapon,3,1,,,True,2023-12-18,2023-12,False,False,True
main,887284572,60,9,Character Event,,817,2023-12-18 15:25:30,magic_guide,Magic Guide,weapon,3,1,,,True,2023-12-18,2023-12,False,False,True
main,887284572,60,9,Character Event,,818,2023-12-18 15:25:30,sharpshooters_oath,Sharpshooter's Oath,weapon,3,1,,,True,2023-12-18,2023-12,False,False,True
main,887284572,60,9,Character Event,,819,2023-12-18 15:25:30,debate_club,Debate Club,weapon,3,1,,,True,2023-12-18,2023-12,False,False,True
main,887284572,60,9,Character Event,,820,2023-12-18 15:25:30,thrilling_tales_of_dragon_slayers,Thrilling Tales of Dragon Slayers,weapon,3,1,,,True,2023-12-18,2023-12,False,False,True
main,887284572,60,9,Character Event,,821,2023-12-18 15:25:30,cool_steel,Cool Steel,weapon,3,1,,,True,2023-12-18,2023-12,False,False,True
main,887284572,60,9,Character Event,,822,2023-12-18 15:25:30,cool_steel,Cool Steel,weapon,3,1,,,True,2023-12-18,2023-12,False,False,True
main,887284572,60,9,Character Event,,823,2023-12-18 15:25:43,harbinger_of_dawn,Harbinger of Dawn,weapon,3,1,,,True,2023-12-18,2023-12,False,False,True
main,887284572,60,9,Character Event,,824,2023-12-18 15:25:43,kuki_shinobu,Kuki Shinobu,character,4,9,2.0,Guaranteed,True,2023-12-18,2023-12,False,True,False
main,887284572,60,9,Character Event,,825,2023-12-18 15:25:43,harbinger_of_dawn,Harbinger of Dawn,weapon,3,1,,,True,2023-12-18,2023-12,False,False,True
main,887284572,60,9,Character Event,,826,2023-12-18 15:25:43,ferrous_shadow,Ferrous Shadow,weapon,3,1,,,True,2023-12-18,2023-12,False,False,True
main,887284572,60,9,Character Event,,827,2023-12-18 15:25:43,thrilling_tales_of_dragon_slayers,Thrilling Tales of Dragon Slayers,weapon,3,1,,,True,2023-12-18,2023-12,False,False,True
main,887284572,60,9,Character Event,,828,2023-12-18 15:25:43,magic_guide,Magic Guide,weapon,3,1,,,True,2023-12-18,2023-12,False,False,True
main,887284572,60,9,Character Event,,829,2023-12-18 15:25:43,harbinger_of_dawn,Harbinger of Dawn,weapon,3,1,,,True,2023-12-18,2023-12,False,False,True
main,887284572,60,9,Character Event,,830,2023-12-18 15:25:43,raven_bow,Raven Bow,weapon,3,1,,,True,2023-12-18,2023-12,False,False,True
main,887284572,60,9,Character Event,,831,2023-12-18 15:25:43,skyrider_sword,Skyrider Sword,weapon,3,1,,,True,2023-12-18,2023-12,False,False,True
main,887284572,60,9,Character Event,,832,2023-12-18 15:25:43,bloodtainted_greatsword,Bloodtainted Greatsword,weapon,3,1,,,True,2023-12-18,2023-12,False,False,True
main,887284572,60,9,Character Event,400,833,2023-12-20 10:23:15,sharpshooters_oath,Sharpshooter's Oath,weapon,3,1,,,True,2023-12-20,2023-12,False,False,True
main,887284572,60,9,Character Event,400,834,2023-12-20 10:23:29,candace,Candace,character,4,10,1.0,Win,True,2023-12-20,2023-12,False,True,False
main,887284572,60,9,Character Event,400,835,2023-12-20 10:23:39,ferrous_shadow,Ferrous Shadow,weapon,3,1,,,True,2023-12-20,2023-12,False,False,True
main,887284572,60,9,Character Event,400,836,2023-12-20 10:23:47,ferrous_shadow,Ferrous Shadow,weapon,3,1,,,True,2023-12-20,2023-12,False,False,True
main,887284572,60,9,Character Event,400,837,2023-12-20 10:23:57,thrilling_tales_of_dragon_slayers,Thrilling Tales of Dragon Slayers,weapon,3,1,,,True,2023-12-20,2023-12,False,False,True
main,887284572,60,9,Character Event,400,838,2023-12-20 22:46:00,magic_guide,Magic Guide,weapon,3,1,,,True,2023-12-20,2023-12,False,False,True
main,887284572,60,9,Character Event,400,839,2023-12-20 22:46:29,black_tassel,Black Tassel,weapon,3,1,,,True,2023-12-20,2023-12,False,False,True
main,887284572,60,9,Character Event,400,840,2023-12-21 08:39:28,cool_steel,Cool Steel,weapon,3,1,,,True,2023-12-21,2023-12,False,False,True
main,887284572,60,9,Character Event,400,841,2023-12-21 20:05:28,harbinger_of_dawn,Harbinger of Dawn,weapon,3,1,,,True,2023-12-21,2023-12,False,False,True
main,887284572,60,9,Character Event,400,842,2023-12-21 20:27:08,debate_club,Debate Club,weapon,3,1,,,True,2023-12-21,2023-12,False,False,True
main,887284572,60,9,Character Event,400,843,2023-12-22 14:47:39,sacrificial_sword,Sacrificial Sword,weapon,4,9,0.0,Lose,True,2023-12-22,2023-12,False,True,False
main,887284572,60,9,Character Event,400,844,2023-12-22 16:55:36,rosaria,Rosaria,character,4,1,2.0,Guaranteed,True,2023-12-22,2023-12,False,True,False
main,887284572,60,9,Character Event,400,845,2023-12-22 17:16:33,black_tassel,Black Tassel,weapon,3,1,,,True,2023-12-22,2023-12,False,False,True
main,887284572,60,9,Character Event,400,846,2023-12-22 17:22:02,raven_bow,Raven Bow,weapon,3,1,,,True,2023-12-22,2023-12,False,False,True
main,887284572,60,9,Character Event,400,847,2023-12-23 09:12:05,cool_steel,Cool Steel,weapon,3,1,,,True,2023-12-23,2023-12,False,False,True
main,887284572,60,9,Character Event,400,848,2023-12-23 09:12:14,emerald_orb,Emerald Orb,weapon,3,1,,,True,2023-12-23,2023-12,False,False,True
main,887284572,60,9,Character Event,400,849,2023-12-23 11:43:45,ferrous_shadow,Ferrous Shadow,weapon,3,1,,,True,2023-12-23,2023-12,False,False,True
main,887284572,60,9,Character Event,400,850,2023-12-24 10:53:12,cool_steel,Cool Steel,weapon,3,1,,,True,2023-12-24,2023-12,False,False,True
main,887284572,60,9,Character Event,400,851,2023-12-24 22:20:03,raven_bow,Raven Bow,weapon,3,1,,,True,2023-12-24,2023-12,False,False,True
main,887284572,60,9,Character Event,400,852,2023-12-24 22:20:14,raven_bow,Raven Bow,weapon,3,1,,,True,2023-12-24,2023-12,False,False,True
main,887284572,60,9,Character Event,400,853,2023-12-25 09:35:23,thrilling_tales_of_dragon_slayers,Thrilling Tales of Dragon Slayers,weapon,3,1,,,True,2023-12-25,2023-12,False,False,True
main,887284572,60,9,Character Event,400,854,2023-12-25 09:35:32,rosaria,Rosaria,character,4,10,1.0,Win,True,2023-12-25,2023-12,False,True,False
main,887284572,60,9,Character Event,400,855,2023-12-26 11:15:22,skyrider_sword,Skyrider Sword,weapon,3,1,,,True,2023-12-26,2023-12,False,False,True
main,887284572,60,9,Character Event,400,856,2023-12-26 11:15:31,ferrous_shadow,Ferrous Shadow,weapon,3,1,,,True,2023-12-26,2023-12,False,False,True
main,887284572,60,9,Character Event,400,857,2023-12-27 09:05:25,cool_steel,Cool Steel,weapon,3,1,,,True,2023-12-27,2023-12,False,False,True
main,887284572,60,9,Character Event,400,858,2023-12-27 14:17:31,slingshot,Slingshot,weapon,3,1,,,True,2023-12-27,2023-12,False,False,True
main,887284572,60,9,Character Event,400,859,2023-12-28 10:10:11,slingshot,Slingshot,weapon,3,1,,,True,2023-12-28,2023-12,False,False,True
main,887284572,60,9,Character Event,400,860,2023-12-29 10:54:10,magic_guide,Magic Guide,weapon,3,1,,,True,2023-12-29,2023-12,False,False,True
main,887284572,60,9,Character Event,400,861,2023-12-30 08:06:04,emerald_orb,Emerald Orb,weapon,3,1,,,True,2023-12-30,2023-12,False,False,True
main,887284572,60,9,Character Event,400,862,2023-12-31 11:22:21,skyrider_sword,Skyrider Sword,weapon,3,1,,,True,2023-12-31,2023-12,False,False,True
main,887284572,60,9,Character Event,400,863,2023-12-31 18:43:08,candace,Candace,character,4,9,1.0,Win,True,2023-12-31,2023-12,False,True,False
main,887284572,60,9,Character Event,400,864,2024-01-01 04:41:04,bloodtainted_greatsword,Bloodtainted Greatsword,weapon,3,1,,,True,2024-01-01,2024-01,False,False,True
main,887284572,60,9,Character Event,400,865,2024-01-01 04:41:14,emerald_orb,Emerald Orb,weapon,3,1,,,True,2024-01-01,2024-01,False,False,True
main,887284572,60,9,Character Event,400,866,2024-01-01 04:41:19,sharpshooters_oath,Sharpshooter's Oath,weapon,3,1,,,True,2024-01-01,2024-01,False,False,True
main,887284572,60,9,Character Event,400,867,2024-01-01 04:41:25,magic_guide,Magic Guide,weapon,3,1,,,True,2024-01-01,2024-01,False,False,True
main,887284572,60,9,Character Event,400,868,2024-01-01 04:41:31,emerald_orb,Emerald Orb,weapon,3,1,,,True,2024-01-01,2024-01,False,False,True
main,887284572,60,9,Character Event,400,869,2024-01-01 04:48:19,emerald_orb,Emerald Orb,weapon,3,1,,,True,2024-01-01,2024-01,False,False,True
main,887284572,60,9,Character Event,400,870,2024-01-01 07:13:54,cool_steel,Cool Steel,weapon,3,1,,,True,2024-01-01,2024-01,False,False,True
main,887284572,60,9,Character Event,400,871,2024-01-01 07:14:03,sharpshooters_oath,Sharpshooter's Oath,weapon,3,1,,,True,2024-01-01,2024-01,False,False,True
main,887284572,60,9,Character Event,400,872,2024-01-01 07:14:10,sucrose,Sucrose,character,4,9,1.0,Win,True,2024-01-01,2024-01,False,True,False
main,887284572,60,9,Character Event,400,873,2024-01-02 06:17:18,emerald_orb,Emerald Orb,weapon,3,1,,,True,2024-01-02,2024-01,False,False,True
main,887284572,60,9,Character Event,400,874,2024-01-02 06:17:27,harbinger_of_dawn,Harbinger of Dawn,weapon,3,1,,,True,2024-01-02,2024-01,False,False,True
main,887284572,60,9,Character Event,400,875,2024-01-02 22:29:04,magic_guide,Magic Guide,weapon,3,1,,,True,2024-01-02,2024-01,False,False,True
main,887284572,60,9,Character Event,400,876,2024-01-03 16:08:51,magic_guide,Magic Guide,weapon,3,1,,,True,2024-01-03,2024-01,False,False,True
main,887284572,60,9,Character Event,,877,2024-01-09 18:07:22,sharpshooters_oath,Sharpshooter's Oath,weapon,3,1,,,True,2024-01-09,2024-01,False,False,True
main,887284572,60,9,Character Event,,878,2024-01-09 18:07:22,raven_bow,Raven Bow,weapon,3,1,,,True,2024-01-09,2024-01,False,False,True
main,887284572,60,9,Character Event,,879,2024-01-09 18:07:22,black_tassel,Black Tassel,weapon,3,1,,,True,2024-01-09,2024-01,False,False,True
main,887284572,60,9,Character Event,,880,2024-01-09 18:07:22,raven_bow,Raven Bow,weapon,3,1,,,True,2024-01-09,2024-01,False,False,True
main,887284572,60,9,Character Event,,881,2024-01-09 18:07:22,diluc,Diluc,character,5,74,0.0,Lose,True,2024-01-09,2024-01,True,False,False
main,887284572,60,9,Character Event,,882,2024-01-09 18:07:22,chevreuse,Chevreuse,character,4,10,1.0,Win,True,2024-01-09,2024-01,False,True,False
main,887284572,60,9,Character Event,,883,2024-01-09 18:07:22,slingshot,Slingshot,weapon,3,1,,,True,2024-01-09,2024-01,False,False,True
main,887284572,60,9,Character Event,,884,2024-01-09 18:07:22,raiden_shogun,Raiden Shogun,character,5,3,2.0,Guaranteed,True,2024-01-09,2024-01,True,False,False
main,887284572,60,9,Character Event,,885,2024-01-09 18:07:22,ferrous_shadow,Ferrous Shadow,weapon,3,1,,,True,2024-01-09,2024-01,False,False,True
main,887284572,60,9,Character Event,,886,2024-01-09 18:07:22,emerald_orb,Emerald Orb,weapon,3,1,,,True,2024-01-09,2024-01,False,False,True
main,887284572,60,9,Character Event,,887,2024-01-09 18:14:14,harbinger_of_dawn,Harbinger of Dawn,weapon,3,1,,,True,2024-01-09,2024-01,False,False,True
main,887284572,60,9,Character Event,,888,2024-01-09 18:14:20,skyrider_sword,Skyrider Sword,weapon,3,1,,,True,2024-01-09,2024-01,False,False,True
main,887284572,60,9,Character Event,,889,2024-01-09 18:14:25,sharpshooters_oath,Sharpshooter's Oath,weapon,3,1,,,True,2024-01-09,2024-01,False,False,True
main,887284572,60,9,Character Event,,890,2024-01-09 18:14:31,bloodtainted_greatsword,Bloodtainted Greatsword,weapon,3,1,,,True,2024-01-09,2024-01,False,False,True
main,887284572,60,9,Character Event,,891,2024-01-09 18:17:41,rainslasher,Rainslasher,weapon,4,9,0.0,Lose,True,2024-01-09,2024-01,False,True,False
main,887284572,60,9,Character Event,,892,2024-01-09 18:17:51,slingshot,Slingshot,weapon,3,1,,,True,2024-01-09,2024-01,False,False,True
main,887284572,60,9,Character Event,,893,2024-01-09 18:18:10,bloodtainted_greatsword,Bloodtainted Greatsword,weapon,3,1,,,True,2024-01-09,2024-01,False,False,True
main,887284572,60,9,Character Event,,894,2024-01-09 18:18:19,emerald_orb,Emerald Orb,weapon,3,1,,,True,2024-01-09,2024-01,False,False,True
main,887284572,60,9,Character Event,,895,2024-01-09 18:18:25,magic_guide,Magic Guide,weapon,3,1,,,True,2024-01-09,2024-01,False,False,True
main,887284572,60,9,Character Event,,896,2024-01-10 11:41:04,cool_steel,Cool Steel,weapon,3,1,,,True,2024-01-10,2024-01,False,False,True
main,887284572,60,9,Character Event,,897,2024-01-10 11:41:12,skyrider_sword,Skyrider Sword,weapon,3,1,,,True,2024-01-10,2024-01,False,False,True
main,887284572,60,9,Character Event,,898,2024-01-11 10:59:28,slingshot,Slingshot,weapon,3,1,,,True,2024-01-11,2024-01,False,False,True
main,887284572,60,9,Character Event,,899,2024-01-11 11:05:30,skyrider_sword,Skyrider Sword,weapon,3,1,,,True,2024-01-11,2024-01,False,False,True
main,887284572,60,9,Character Event,,900,2024-01-11 11:05:37,magic_guide,Magic Guide,weapon,3,1,,,True,2024-01-11,2024-01,False,False,True
main,887284572,60,9,Character Event,,901,2024-01-11 11:05:43,bennett,Bennett,character,4,10,2.0,Guaranteed,True,2024-01-11,2024-01,False,True,False
main,887284572,60,9,Character Event,,902,2024-01-11 11:05:51,slingshot,Slingshot,weapon,3,1,,,True,2024-01-11,2024-01,False,False,True
main,887284572,60,9,Character Event,,903,2024-01-11 11:21:00,black_tassel,Black Tassel,weapon,3,1,,,True,2024-01-11,2024-01,False,False,True
main,887284572,60,9,Character Event,,904,2024-01-11 18:26:22,ferrous_shadow,Ferrous Shadow,weapon,3,1,,,True,2024-01-11,2024-01,False,False,True
main,887284572,60,9,Character Event,,905,2024-01-12 07:27:34,ferrous_shadow,Ferrous Shadow,weapon,3,1,,,True,2024-01-12,2024-01,False,False,True
main,887284572,60,9,Character Event,,906,2024-01-13 13:46:22,sharpshooters_oath,Sharpshooter's Oath,weapon,3,1,,,True,2024-01-13,2024-01,False,False,True
main,887284572,60,9,Character Event,,907,2024-01-13 13:46:32,skyrider_sword,Skyrider Sword,weapon,3,1,,,True,2024-01-13,2024-01,False,False,True
main,887284572,60,9,Character Event,,908,2024-01-14 11:11:48,debate_club,Debate Club,weapon,3,1,,,True,2024-01-14,2024-01,False,False,True
main,887284572,60,9,Character Event,,909,2024-01-15 23:01:11,skyrider_sword,Skyrider Sword,weapon,3,1,,,True,2024-01-15,2024-01,False,False,True
main,887284572,60,9,Character Event,,910,2024-01-16 04:58:22,skyrider_sword,Skyrider Sword,weapon,3,1,,,True,2024-01-16,2024-01,False,False,True
main,887284572,60,9,Character Event,,911,2024-01-16 04:58:30,the_stringless,The Stringless,weapon,4,10,0.0,Lose,True,2024-01-16,2024-01,False,True,False
main,887284572,60,9,Character Event,,912,2024-01-16 04:58:36,debate_club,Debate Club,weapon,3,1,,,True,2024-01-16,2024-01,False,False,True
main,887284572,60,9,Character Event,,913,2024-01-17 15:34:39,magic_guide,Magic Guide,weapon,3,1,,,True,2024-01-17,2024-01,False,False,True
main,887284572,60,9,Character Event,,914,2024-01-17 15:34:48,thrilling_tales_of_dragon_slayers,Thrilling Tales of Dragon Slayers,weapon,3,1,,,True,2024-01-17,2024-01,False,False,True
main,887284572,60,9,Character Event,,915,2024-01-17 16:01:24,ferrous_shadow,Ferrous Shadow,weapon,3,1,,,True,2024-01-17,2024-01,False,False,True
main,887284572,60,9,Character Event,,916,2024-01-19 01:10:35,ferrous_shadow,Ferrous Shadow,weapon,3,1,,,True,2024-01-19,2024-01,False,False,True
main,887284572,60,9,Character Event,,917,2024-01-19 01:10:43,cool_steel,Cool Steel,weapon,3,1,,,True,2024-01-19,2024-01,False,False,True
main,887284572,60,9,Character Event,,918,2024-01-19 07:58:33,cool_steel,Cool Steel,weapon,3,1,,,True,2024-01-19,2024-01,False,False,True
main,887284572,60,9,Character Event,,919,2024-01-19 07:58:42,skyrider_sword,Skyrider Sword,weapon,3,1,,,True,2024-01-19,2024-01,False,False,True
main,887284572,60,9,Character Event,,920,2024-01-19 21:54:23,bennett,Bennett,character,4,9,2.0,Guaranteed,True,2024-01-19,2024-01,False,True,False
main,887284572,60,9,Character Event,,921,2024-01-19 21:54:36,skyrider_sword,Skyrider Sword,weapon,3,1,,,True,2024-01-19,2024-01,False,False,True
main,887284572,60,9,Character Event,,922,2024-01-20 12:24:50,harbinger_of_dawn,Harbinger of Dawn,weapon,3,1,,,True,2024-01-20,2024-01,False,False,True
main,887284572,60,9,Character Event,,923,2024-01-21 09:18:51,sharpshooters_oath,Sharpshooter's Oath,weapon,3,1,,,True,2024-01-21,2024-01,False,False,True
main,887284572,60,9,Character Event,,924,2024-01-22 03:59:05,skyrider_sword,Skyrider Sword,weapon,3,1,,,True,2024-01-22,2024-01,False,False,True
main,887284572,60,9,Character Event,,925,2024-01-22 04:11:35,emerald_orb,Emerald Orb,weapon,3,1,,,True,2024-01-22,2024-01,False,False,True
main,887284572,60,9,Character Event,,926,2024-01-23 17:57:16,ferrous_shadow,Ferrous Shadow,weapon,3,1,,,True,2024-01-23,2024-01,False,False,True
main,887284572,60,9,Character Event,,927,2024-01-24 11:26:25,ferrous_shadow,Ferrous Shadow,weapon,3,1,,,True,2024-01-24,2024-01,False,False,True
main,887284572,60,9,Character Event,,928,2024-01-24 11:26:34,sharpshooters_oath,Sharpshooter's Oath,weapon,3,1,,,True,2024-01-24,2024-01,False,False,True
main,887284572,60,9,Character Event,,929,2024-01-25 22:22:18,favonius_sword,Favonius Sword,weapon,4,9,0.0,Lose,True,2024-01-25,2024-01,False,True,False
main,887284572,60,9,Character Event,,930,2024-01-26 04:11:45,raven_bow,Raven Bow,weapon,3,1,,,True,2024-01-26,2024-01,False,False,True
main,887284572,60,9,Character Event,,931,2024-01-26 04:12:33,sharpshooters_oath,Sharpshooter's Oath,weapon,3,1,,,True,2024-01-26,2024-01,False,False,True
main,887284572,60,9,Character Event,,932,2024-01-27 13:40:31,black_tassel,Black Tassel,weapon,3,1,,,True,2024-01-27,2024-01,False,False,True
main,887284572,60,9,Character Event,,933,2024-01-28 04:14:34,thrilling_tales_of_dragon_slayers,Thrilling Tales of Dragon Slayers,weapon,3,1,,,True,2024-01-28,2024-01,False,False,True
main,887284572,60,9,Character Event,,934,2024-01-29 12:51:33,cool_steel,Cool Steel,weapon,3,1,,,True,2024-01-29,2024-01,False,False,True
main,887284572,60,9,Character Event,,935,2024-01-29 20:17:19,harbinger_of_dawn,Harbinger of Dawn,weapon,3,1,,,True,2024-01-29,2024-01,False,False,True
main,887284572,60,9,Character Event,,936,2024-01-30 14:55:26,debate_club,Debate Club,weapon,3,1,,,True,2024-01-30,2024-01,False,False,True
main,887284572,60,9,Character Event,400,937,2024-01-31 10:53:31,debate_club,Debate Club,weapon,3,1,,,True,2024-01-31,2024-01,False,False,True
main,887284572,60,9,Character Event,400,938,2024-01-31 10:53:39,gaming,Gaming,character,4,9,2.0,Guaranteed,True,2024-01-31,2024-01,False,True,False
main,887284572,60,9,Character Event,400,939,2024-01-31 10:53:47,magic_guide,Magic Guide,weapon,3,1,,,True,2024-01-31,2024-01,False,False,True
main,887284572,60,9,Character Event,400,940,2024-01-31 10:53:53,bloodtainted_greatsword,Bloodtainted Greatsword,weapon,3,1,,,True,2024-01-31,2024-01,False,False,True
main,887284572,60,9,Character Event,400,941,2024-01-31 11:00:00,bloodtainted_greatsword,Bloodtainted Greatsword,weapon,3,1,,,True,2024-01-31,2024-01,False,False,True
main,887284572,60,9,Character Event,400,942,2024-01-31 19:31:25,dragons_bane,Dragon's Bane,weapon,4,4,0.0,Lose,True,2024-01-31,2024-01,False,True,False
main,887284572,60,9,Character Event,400,943,2024-01-31 20:44:53,bloodtainted_greatsword,Bloodtainted Greatsword,weapon,3,1,,,True,2024-01-31,2024-01,False,False,True
main,887284572,60,9,Character Event,400,944,2024-01-31 23:37:15,bloodtainted_greatsword,Bloodtainted Greatsword,weapon,3,1,,,True,2024-01-31,2024-01,False,False,True
main,887284572,60,9,Character Event,400,945,2024-02-01 01:02:24,magic_guide,Magic Guide,weapon,3,1,,,True,2024-02-01,2024-02,False,False,True
main,887284572,60,9,Character Event,400,946,2024-02-01 04:48:21,gaming,Gaming,character,4,4,2.0,Guaranteed,True,2024-02-01,2024-02,False,True,False
main,887284572,60,9,Character Event,400,947,2024-02-01 04:48:30,slingshot,Slingshot,weapon,3,1,,,True,2024-02-01,2024-02,False,False,True
main,887284572,60,9,Character Event,400,948,2024-02-01 04:49:04,harbinger_of_dawn,Harbinger of Dawn,weapon,3,1,,,True,2024-02-01,2024-02,False,False,True
main,887284572,60,9,Character Event,400,949,2024-02-01 04:49:09,debate_club,Debate Club,weapon,3,1,,,True,2024-02-01,2024-02,False,False,True
main,887284572,60,9,Character Event,400,950,2024-02-01 04:49:15,black_tassel,Black Tassel,weapon,3,1,,,True,2024-02-01,2024-02,False,False,True
main,887284572,60,9,Character Event,400,951,2024-02-01 04:49:20,cool_steel,Cool Steel,weapon,3,1,,,True,2024-02-01,2024-02,False,False,True
main,887284572,60,9,Character Event,400,952,2024-02-01 04:49:25,slingshot,Slingshot,weapon,3,1,,,True,2024-02-01,2024-02,False,False,True
main,887284572,60,9,Character Event,400,953,2024-02-01 06:03:46,emerald_orb,Emerald Orb,weapon,3,1,,,True,2024-02-01,2024-02,False,False,True
main,887284572,60,9,Character Event,400,954,2024-02-01 06:03:55,thrilling_tales_of_dragon_slayers,Thrilling Tales of Dragon Slayers,weapon,3,1,,,True,2024-02-01,2024-02,False,False,True
main,887284572,60,9,Character Event,400,955,2024-02-01 06:13:58,noelle,Noelle,character,4,9,1.0,Win,True,2024-02-01,2024-02,False,True,False
main,887284572,60,9,Character Event,400,956,2024-02-01 15:10:03,noelle,Noelle,character,4,1,1.0,Win,True,2024-02-01,2024-02,False,True,False
main,887284572,60,9,Character Event,400,957,2024-02-01 15:48:57,debate_club,Debate Club,weapon,3,1,,,True,2024-02-01,2024-02,False,False,True
main,887284572,60,9,Character Event,400,958,2024-02-01 16:05:07,magic_guide,Magic Guide,weapon,3,1,,,True,2024-02-01,2024-02,False,False,True
main,887284572,60,9,Character Event,400,959,2024-02-01 16:05:14,skyrider_sword,Skyrider Sword,weapon,3,1,,,True,2024-02-01,2024-02,False,False,True
main,887284572,60,9,Character Event,400,960,2024-02-01 16:05:23,ferrous_shadow,Ferrous Shadow,weapon,3,1,,,True,2024-02-01,2024-02,False,False,True
main,887284572,60,9,Character Event,400,961,2024-02-01 16:05:28,sharpshooters_oath,Sharpshooter's Oath,weapon,3,1,,,True,2024-02-01,2024-02,False,False,True
main,887284572,60,9,Character Event,400,962,2024-02-01 23:03:00,raven_bow,Raven Bow,weapon,3,1,,,True,2024-02-01,2024-02,False,False,True
main,887284572,60,9,Character Event,400,963,2024-02-02 00:02:50,magic_guide,Magic Guide,weapon,3,1,,,True,2024-02-02,2024-02,False,False,True
main,887284572,60,9,Character Event,400,964,2024-02-02 00:02:57,magic_guide,Magic Guide,weapon,3,1,,,True,2024-02-02,2024-02,False,False,True
main,887284572,60,9,Character Event,400,965,2024-02-02 01:15:05,eye_of_perception,Eye of Perception,weapon,4,9,0.0,Lose,True,2024-02-02,2024-02,False,True,False
main,887284572,60,9,Character Event,400,966,2024-02-02 04:35:41,noelle,Noelle,character,4,1,2.0,Guaranteed,True,2024-02-02,2024-02,False,True,False
main,887284572,60,9,Character Event,400,967,2024-02-02 06:53:22,nahida,Nahida,character,5,83,1.0,Win,True,2024-02-02,2024-02,True,False,False
main,887284572,60,9,Character Event,,968,2024-02-02 17:13:25,raven_bow,Raven Bow,weapon,3,1,,,True,2024-02-02,2024-02,False,False,True
main,887284572,60,9,Character Event,,969,2024-02-03 10:06:19,skyrider_sword,Skyrider Sword,weapon,3,1,,,True,2024-02-03,2024-02,False,False,True
main,887284572,60,9,Character Event,,970,2024-02-03 10:25:11,magic_guide,Magic Guide,weapon,3,1,,,True,2024-02-03,2024-02,False,False,True
main,887284572,60,9,Character Event,,971,2024-02-03 11:57:46,harbinger_of_dawn,Harbinger of Dawn,weapon,3,1,,,True,2024-02-03,2024-02,False,False,True
main,887284572,60,9,Character Event,,972,2024-02-03 14:12:14,harbinger_of_dawn,Harbinger of Dawn,weapon,3,1,,,True,2024-02-03,2024-02,False,False,True
main,887284572,60,9,Character Event,,973,2024-02-04 02:14:58,emerald_orb,Emerald Orb,weapon,3,1,,,True,2024-02-04,2024-02,False,False,True
main,887284572,60,9,Character Event,,974,2024-02-04 08:10:44,thrilling_tales_of_dragon_slayers,Thrilling Tales of Dragon Slayers,weapon,3,1,,,True,2024-02-04,2024-02,False,False,True
main,887284572,60,9,Character Event,,975,2024-02-05 04:34:54,gaming,Gaming,character,4,9,1.0,Win,True,2024-02-05,2024-02,False,True,False
main,887284572,60,9,Character Event,,976,2024-02-05 04:35:01,slingshot,Slingshot,weapon,3,1,,,True,2024-02-05,2024-02,False,False,True
main,887284572,60,9,Character Event,,977,2024-02-05 04:35:07,debate_club,Debate Club,weapon,3,1,,,True,2024-02-05,2024-02,False,False,True
main,887284572,60,9,Character Event,,978,2024-02-05 21:11:53,noelle,Noelle,character,4,3,1.0,Win,True,2024-02-05,2024-02,False,True,False
main,887284572,60,9,Character Event,,979,2024-02-05 21:26:28,harbinger_of_dawn,Harbinger of Dawn,weapon,3,1,,,True,2024-02-05,2024-02,False,False,True
main,887284572,60,9,Character Event,,980,2024-02-06 04:48:58,debate_club,Debate Club,weapon,3,1,,,True,2024-02-06,2024-02,False,False,True
main,887284572,60,9,Character Event,,981,2024-02-07 05:11:31,raven_bow,Raven Bow,weapon,3,1,,,True,2024-02-07,2024-02,False,False,True
main,887284572,60,9,Character Event,,982,2024-02-07 05:11:38,yanfei,Yanfei,character,4,4,0.0,Lose,True,2024-02-07,2024-02,False,True,False
main,887284572,60,9,Character Event,,983,2024-02-07 05:11:47,cool_steel,Cool Steel,weapon,3,1,,,True,2024-02-07,2024-02,False,False,True
main,887284572,60,9,Character Event,,984,2024-02-07 05:11:53,skyrider_sword,Skyrider Sword,weapon,3,1,,,True,2024-02-07,2024-02,False,False,True
main,887284572,60,9,Character Event,,985,2024-02-07 05:44:48,bloodtainted_greatsword,Bloodtainted Greatsword,weapon,3,1,,,True,2024-02-07,2024-02,False,False,True
main,887284572,60,9,Character Event,,986,2024-02-07 05:44:56,cool_steel,Cool Steel,weapon,3,1,,,True,2024-02-07,2024-02,False,False,True
main,887284572,60,9,Character Event,,987,2024-02-08 04:56:44,cool_steel,Cool Steel,weapon,3,1,,,True,2024-02-08,2024-02,False,False,True
main,887284572,60,9,Character Event,,988,2024-02-08 05:56:58,bloodtainted_greatsword,Bloodtainted Greatsword,weapon,3,1,,,True,2024-02-08,2024-02,False,False,True
main,887284572,60,9,Character Event,,989,2024-02-08 12:54:28,debate_club,Debate Club,weapon,3,1,,,True,2024-02-08,2024-02,False,False,True
main,887284572,60,9,Character Event,,990,2024-02-08 14:15:20,harbinger_of_dawn,Harbinger of Dawn,weapon,3,1,,,True,2024-02-08,2024-02,False,False,True
main,887284572,60,9,Character Event,,991,2024-02-09 06:32:19,magic_guide,Magic Guide,weapon,3,1,,,True,2024-02-09,2024-02,False,False,True
main,887284572,60,9,Character Event,,992,2024-02-09 06:32:38,noelle,Noelle,character,4,10,2.0,Guaranteed,True,2024-02-09,2024-02,False,True,False
main,887284572,60,9,Character Event,,993,2024-02-09 06:32:44,cool_steel,Cool Steel,weapon,3,1,,,True,2024-02-09,2024-02,False,False,True
main,887284572,60,9,Character Event,,994,2024-02-09 06:32:53,thrilling_tales_of_dragon_slayers,Thrilling Tales of Dragon Slayers,weapon,3,1,,,True,2024-02-09,2024-02,False,False,True
main,887284572,60,9,Character Event,,995,2024-02-09 06:32:59,noelle,Noelle,character,4,3,1.0,Win,True,2024-02-09,2024-02,False,True,False
main,887284572,60,9,Character Event,,996,2024-02-09 06:33:07,bloodtainted_greatsword,Bloodtainted Greatsword,weapon,3,1,,,True,2024-02-09,2024-02,False,False,True
main,887284572,60,9,Character Event,,997,2024-02-09 06:43:47,cool_steel,Cool Steel,weapon,3,1,,,True,2024-02-09,2024-02,False,False,True
main,887284572,60,9,Character Event,,998,2024-02-09 08:15:21,emerald_orb,Emerald Orb,weapon,3,1,,,True,2024-02-09,2024-02,False,False,True
main,887284572,60,9,Character Event,,999,2024-02-10 05:46:41,harbinger_of_dawn,Harbinger of Dawn,weapon,3,1,,,True,2024-02-10,2024-02,False,False,True
main,887284572,60,9,Character Event,,1000,2024-02-10 06:00:21,emerald_orb,Emerald Orb,weapon,3,1,,,True,2024-02-10,2024-02,False,False,True
main,887284572,60,9,Character Event,,1001,2024-02-11 19:04:27,sharpshooters_oath,Sharpshooter's Oath,weapon,3,1,,,True,2024-02-11,2024-02,False,False,True
main,887284572,60,9,Character Event,,1002,2024-02-12 04:32:50,debate_club,Debate Club,weapon,3,1,,,True,2024-02-12,2024-02,False,False,True
main,887284572,60,9,Character Event,,1003,2024-02-12 04:37:37,skyrider_sword,Skyrider Sword,weapon,3,1,,,True,2024-02-12,2024-02,False,False,True
main,887284572,60,9,Character Event,,1004,2024-02-13 05:18:51,the_stringless,The Stringless,weapon,4,9,0.0,Lose,True,2024-02-13,2024-02,False,True,False
main,887284572,60,9,Character Event,,1005,2024-02-14 04:16:05,magic_guide,Magic Guide,weapon,3,1,,,True,2024-02-14,2024-02,False,False,True
main,887284572,60,9,Character Event,,1006,2024-02-15 18:49:42,debate_club,Debate Club,weapon,3,1,,,True,2024-02-15,2024-02,False,False,True
main,887284572,60,9,Character Event,400,1007,2024-02-17 20:39:30,thrilling_tales_of_dragon_slayers,Thrilling Tales of Dragon Slayers,weapon,3,1,,,True,2024-02-17,2024-02,False,False,True
main,887284572,60,9,Character Event,400,1008,2024-02-17 20:39:39,cool_steel,Cool Steel,weapon,3,1,,,True,2024-02-17,2024-02,False,False,True
main,887284572,60,9,Character Event,400,1009,2024-02-17 20:39:46,noelle,Noelle,character,4,5,2.0,Guaranteed,True,2024-02-17,2024-02,False,True,False
main,887284572,60,9,Character Event,400,1010,2024-02-17 20:39:55,skyrider_sword,Skyrider Sword,weapon,3,1,,,True,2024-02-17,2024-02,False,False,True
main,887284572,60,9,Character Event,400,1011,2024-02-17 20:40:03,cool_steel,Cool Steel,weapon,3,1,,,True,2024-02-17,2024-02,False,False,True
main,887284572,60,9,Character Event,400,1012,2024-02-17 20:40:10,skyrider_sword,Skyrider Sword,weapon,3,1,,,True,2024-02-17,2024-02,False,False,True
main,887284572,60,9,Character Event,400,1013,2024-02-17 20:40:18,debate_club,Debate Club,weapon,3,1,,,True,2024-02-17,2024-02,False,False,True
main,887284572,60,9,Character Event,,1014,2024-02-18 11:23:15,magic_guide,Magic Guide,weapon,3,1,,,True,2024-02-18,2024-02,False,False,True
main,887284572,60,9,Character Event,,1015,2024-02-19 07:26:03,bloodtainted_greatsword,Bloodtainted Greatsword,weapon,3,1,,,True,2024-02-19,2024-02,False,False,True
main,887284572,60,9,Character Event,400,1016,2024-02-19 07:26:12,bloodtainted_greatsword,Bloodtainted Greatsword,weapon,3,1,,,True,2024-02-19,2024-02,False,False,True
main,887284572,60,9,Character Event,400,1017,2024-02-19 08:31:29,chevreuse,Chevreuse,character,4,8,0.0,Lose,True,2024-02-19,2024-02,False,True,False
main,887284572,60,9,Character Event,,1018,2024-02-20 06:43:39,skyrider_sword,Skyrider Sword,weapon,3,1,,,True,2024-02-20,2024-02,False,False,True
main,887284572,60,9,Character Event,400,1019,2024-02-20 19:50:31,harbinger_of_dawn,Harbinger of Dawn,weapon,3,1,,,True,2024-02-20,2024-02,False,False,True
main,887284572,60,9,Character Event,400,1020,2024-02-20 19:50:43,debate_club,Debate Club,weapon,3,1,,,True,2024-02-20,2024-02,False,False,True
main,887284572,60,9,Character Event,400,1021,2024-02-21 09:20:27,bloodtainted_greatsword,Bloodtainted Greatsword,weapon,3,1,,,True,2024-02-21,2024-02,False,False,True
main,887284572,60,9,Character Event,400,1022,2024-02-22 06:01:09,bloodtainted_greatsword,Bloodtainted Greatsword,weapon,3,1,,,True,2024-02-22,2024-02,False,False,True
main,887284572,60,9,Character Event,400,1023,2024-02-22 06:11:37,thrilling_tales_of_dragon_slayers,Thrilling Tales of Dragon Slayers,weapon,3,1,,,True,2024-02-22,2024-02,False,False,True
main,887284572,60,9,Character Event,400,1024,2024-02-22 06:11:45,slingshot,Slingshot,weapon,3,1,,,True,2024-02-22,2024-02,False,False,True
main,887284572,60,9,Character Event,400,1025,2024-02-22 06:11:53,cool_steel,Cool Steel,weapon,3,1,,,True,2024-02-22,2024-02,False,False,True
main,887284572,60,9,Character Event,400,1026,2024-02-22 06:11:59,xinyan,Xinyan,character,4,9,2.0,Guaranteed,True,2024-02-22,2024-02,False,True,False
main,887284572,60,9,Character Event,400,1027,2024-02-23 07:28:14,magic_guide,Magic Guide,weapon,3,1,,,True,2024-02-23,2024-02,False,False,True
main,887284572,60,9,Character Event,400,1028,2024-02-23 12:27:12,ferrous_shadow,Ferrous Shadow,weapon,3,1,,,True,2024-02-23,2024-02,False,False,True
main,887284572,60,9,Character Event,400,1029,2024-02-24 09:45:31,slingshot,Slingshot,weapon,3,1,,,True,2024-02-24,2024-02,False,False,True
main,887284572,60,9,Character Event,400,1030,2024-02-25 04:39:58,bloodtainted_greatsword,Bloodtainted Greatsword,weapon,3,1,,,True,2024-02-25,2024-02,False,False,True
main,887284572,60,9,Character Event,400,1031,2024-02-25 05:14:39,raven_bow,Raven Bow,weapon,3,1,,,True,2024-02-25,2024-02,False,False,True
main,887284572,60,9,Character Event,400,1032,2024-02-26 08:47:55,emerald_orb,Emerald Orb,weapon,3,1,,,True,2024-02-26,2024-02,False,False,True
main,887284572,60,9,Character Event,400,1033,2024-02-26 09:09:42,cool_steel,Cool Steel,weapon,3,1,,,True,2024-02-26,2024-02,False,False,True
main,887284572,60,9,Character Event,400,1034,2024-02-27 11:16:25,sharpshooters_oath,Sharpshooter's Oath,weapon,3,1,,,True,2024-02-27,2024-02,False,False,True
main,887284572,60,9,Character Event,400,1035,2024-02-28 09:20:29,the_widsith,The Widsith,weapon,4,9,0.0,Lose,True,2024-02-28,2024-02,False,True,False
main,887284572,60,9,Character Event,400,1036,2024-02-28 09:20:39,skyrider_sword,Skyrider Sword,weapon,3,1,,,True,2024-02-28,2024-02,False,False,True
main,887284572,60,9,Character Event,400,1037,2024-02-28 17:58:40,emerald_orb,Emerald Orb,weapon,3,1,,,True,2024-02-28,2024-02,False,False,True
main,887284572,60,9,Character Event,400,1038,2024-02-29 12:16:02,ferrous_shadow,Ferrous Shadow,weapon,3,1,,,True,2024-02-29,2024-02,False,False,True
main,887284572,60,9,Character Event,400,1039,2024-03-01 04:14:44,slingshot,Slingshot,weapon,3,1,,,True,2024-03-01,2024-03,False,False,True
main,887284572,60,9,Character Event,400,1040,2024-03-01 04:14:50,cool_steel,Cool Steel,weapon,3,1,,,True,2024-03-01,2024-03,False,False,True
main,887284572,60,9,Character Event,400,1041,2024-03-01 04:14:55,debate_club,Debate Club,weapon,3,1,,,True,2024-03-01,2024-03,False,False,True
main,887284572,60,9,Character Event,400,1042,2024-03-01 04:15:00,slingshot,Slingshot,weapon,3,1,,,True,2024-03-01,2024-03,False,False,True
main,887284572,60,9,Character Event,400,1043,2024-03-01 04:15:06,black_tassel,Black Tassel,weapon,3,1,,,True,2024-03-01,2024-03,False,False,True
main,887284572,60,9,Character Event,400,1044,2024-03-01 04:15:35,xinyan,Xinyan,character,4,9,2.0,Guaranteed,True,2024-03-01,2024-03,False,True,False
main,887284572,60,9,Character Event,400,1045,2024-03-01 04:16:27,harbinger_of_dawn,Harbinger of Dawn,weapon,3,1,,,True,2024-03-01,2024-03,False,False,True
main,887284572,60,9,Character Event,400,1046,2024-03-01 04:58:25,yae_miko,Yae Miko,character,5,79,1.0,Win,True,2024-03-01,2024-03,True,False,False
main,887284572,60,9,Character Event,400,1047,2024-03-01 04:58:57,layla,Layla,character,4,3,0.0,Lose,True,2024-03-01,2024-03,False,True,False
main,887284572,60,9,Character Event,400,1048,2024-03-01 04:59:04,ferrous_shadow,Ferrous Shadow,weapon,3,1,,,True,2024-03-01,2024-03,False,False,True
main,887284572,60,9,Character Event,400,1049,2024-03-01 05:05:07,slingshot,Slingshot,weapon,3,1,,,True,2024-03-01,2024-03,False,False,True
main,887284572,60,9,Character Event,400,1050,2024-03-01 20:24:19,emerald_orb,Emerald Orb,weapon,3,1,,,True,2024-03-01,2024-03,False,False,True
main,887284572,60,9,Character Event,400,1051,2024-03-01 20:24:28,emerald_orb,Emerald Orb,weapon,3,1,,,True,2024-03-01,2024-03,False,False,True
main,887284572,60,9,Character Event,400,1052,2024-03-02 13:07:14,bloodtainted_greatsword,Bloodtainted Greatsword,weapon,3,1,,,True,2024-03-02,2024-03,False,False,True
main,887284572,60,9,Character Event,400,1053,2024-03-02 13:07:22,emerald_orb,Emerald Orb,weapon,3,1,,,True,2024-03-02,2024-03,False,False,True
main,887284572,60,9,Character Event,400,1054,2024-03-03 23:29:26,xinyan,Xinyan,character,4,7,2.0,Guaranteed,True,2024-03-03,2024-03,False,True,False
main,887284572,60,9,Character Event,400,1055,2024-03-05 04:26:44,magic_guide,Magic Guide,weapon,3,1,,,True,2024-03-05,2024-03,False,False,True
main,887284572,60,9,Character Event,400,1056,2024-03-05 04:26:56,sharpshooters_oath,Sharpshooter's Oath,weapon,3,1,,,True,2024-03-05,2024-03,False,False,True
main,887284572,60,9,Character Event,400,1057,2024-03-06 04:35:48,ferrous_shadow,Ferrous Shadow,weapon,3,1,,,True,2024-03-06,2024-03,False,False,True
main,887284572,60,9,Character Event,400,1058,2024-03-07 08:24:41,raven_bow,Raven Bow,weapon,3,1,,,True,2024-03-07,2024-03,False,False,True
main,887284572,60,9,Character Event,400,1059,2024-03-07 08:24:57,cool_steel,Cool Steel,weapon,3,1,,,True,2024-03-07,2024-03,False,False,True
main,887284572,60,9,Character Event,400,1060,2024-03-07 08:25:03,harbinger_of_dawn,Harbinger of Dawn,weapon,3,1,,,True,2024-03-07,2024-03,False,False,True
main,887284572,60,9,Character Event,400,1061,2024-03-08 18:27:00,slingshot,Slingshot,weapon,3,1,,,True,2024-03-08,2024-03,False,False,True
main,887284572,60,9,Character Event,400,1062,2024-03-10 05:11:50,raven_bow,Raven Bow,weapon,3,1,,,True,2024-03-10,2024-03,False,False,True
main,887284572,60,9,Character Event,400,1063,2024-03-10 05:11:59,thrilling_tales_of_dragon_slayers,Thrilling Tales of Dragon Slayers,weapon,3,1,,,True,2024-03-10,2024-03,False,False,True
main,887284572,60,9,Character Event,400,1064,2024-03-11 07:22:37,the_stringless,The Stringless,weapon,4,10,0.0,Lose,True,2024-03-11,2024-03,False,True,False
main,887284572,60,9,Character Event,400,1065,2024-03-12 04:59:14,cool_steel,Cool Steel,weapon,3,1,,,True,2024-03-12,2024-03,False,False,True
main,887284572,60,9,Character Event,,1066,2024-04-02 18:38:01,magic_guide,Magic Guide,weapon,3,1,,,True,2024-04-02,2024-04,False,False,True
main,887284572,60,9,Character Event,,1067,2024-04-02 18:38:09,ferrous_shadow,Ferrous Shadow,weapon,3,1,,,True,2024-04-02,2024-04,False,False,True
main,887284572,60,9,Character Event,,1068,2024-04-02 18:38:19,barbara,Barbara,character,4,4,2.0,Guaranteed,True,2024-04-02,2024-04,False,True,False
main,887284572,60,9,Character Event,,1069,2024-04-02 18:38:25,debate_club,Debate Club,weapon,3,1,,,True,2024-04-02,2024-04,False,False,True
main,887284572,60,9,Character Event,,1070,2024-04-02 18:38:30,raven_bow,Raven Bow,weapon,3,1,,,True,2024-04-02,2024-04,False,False,True
main,887284572,60,9,Character Event,,1071,2024-04-02 18:39:01,bloodtainted_greatsword,Bloodtainted Greatsword,weapon,3,1,,,True,2024-04-02,2024-04,False,False,True
main,887284572,60,9,Character Event,,1072,2024-04-02 18:39:01,cool_steel,Cool Steel,weapon,3,1,,,True,2024-04-02,2024-04,False,False,True
main,887284572,60,9,Character Event,,1073,2024-04-02 18:39:01,slingshot,Slingshot,weapon,3,1,,,True,2024-04-02,2024-04,False,False,True
main,887284572,60,9,Character Event,,1074,2024-04-02 18:39:01,bloodtainted_greatsword,Bloodtainted Greatsword,weapon,3,1,,,True,2024-04-02,2024-04,False,False,True
main,887284572,60,9,Character Event,,1075,2024-04-02 18:39:01,magic_guide,Magic Guide,weapon,3,1,,,True,2024-04-02,2024-04,False,False,True
main,887284572,60,9,Character Event,,1076,2024-04-02 18:39:01,raven_bow,Raven Bow,weapon,3,1,,,True,2024-04-02,2024-04,False,False,True
main,887284572,60,9,Character Event,,1077,2024-04-02 18:39:01,sharpshooters_oath,Sharpshooter's Oath,weapon,3,1,,,True,2024-04-02,2024-04,False,False,True
main,887284572,60,9,Character Event,,1078,2024-04-02 18:39:01,gorou,Gorou,character,4,10,0.0,Lose,True,2024-04-02,2024-04,False,True,False
main,887284572,60,9,Character Event,,1079,2024-04-02 18:39:01,ferrous_shadow,Ferrous Shadow,weapon,3,1,,,True,2024-04-02,2024-04,False,False,True
main,887284572,60,9,Character Event,,1080,2024-04-02 18:39:01,ferrous_shadow,Ferrous Shadow,weapon,3,1,,,True,2024-04-02,2024-04,False,False,True
main,887284572,60,9,Character Event,,1081,2024-04-02 18:39:10,slingshot,Slingshot,weapon,3,1,,,True,2024-04-02,2024-04,False,False,True
main,887284572,60,9,Character Event,,1082,2024-04-02 18:39:10,sharpshooters_oath,Sharpshooter's Oath,weapon,3,1,,,True,2024-04-02,2024-04,False,False,True
main,887284572,60,9,Character Event,,1083,2024-04-02 18:39:10,barbara,Barbara,character,4,5,2.0,Guaranteed,True,2024-04-02,2024-04,False,True,False
main,887284572,60,9,Character Event,,1084,2024-04-02 18:39:10,thrilling_tales_of_dragon_slayers,Thrilling Tales of Dragon Slayers,weapon,3,1,,,True,2024-04-02,2024-04,False,False,True
main,887284572,60,9,Character Event,,1085,2024-04-02 18:39:10,slingshot,Slingshot,weapon,3,1,,,True,2024-04-02,2024-04,False,False,True
main,887284572,60,9,Character Event,,1086,2024-04-02 18:39:10,cool_steel,Cool Steel,weapon,3,1,,,True,2024-04-02,2024-04,False,False,True
main,887284572,60,9,Character Event,,1087,2024-04-02 18:39:10,thrilling_tales_of_dragon_slayers,Thrilling Tales of Dragon Slayers,weapon,3,1,,,True,2024-04-02,2024-04,False,False,True
main,887284572,60,9,Character Event,,1088,2024-04-02 18:39:10,bloodtainted_greatsword,Bloodtainted Greatsword,weapon,3,1,,,True,2024-04-02,2024-04,False,False,True
main,887284572,60,9,Character Event,,1089,2024-04-02 18:39:10,bloodtainted_greatsword,Bloodtainted Greatsword,weapon,3,1,,,True,2024-04-02,2024-04,False,False,True
main,887284572,60,9,Character Event,,1090,2024-04-02 18:39:10,slingshot,Slingshot,weapon,3,1,,,True,2024-04-02,2024-04,False,False,True
main,887284572,60,9,Character Event,,1091,2024-04-02 18:39:17,magic_guide,Magic Guide,weapon,3,1,,,True,2024-04-02,2024-04,False,False,True
main,887284572,60,9,Character Event,,1092,2024-04-02 18:39:17,xingqiu,Xingqiu,character,4,9,1.0,Win,True,2024-04-02,2024-04,False,True,False
main,887284572,60,9,Character Event,,1093,2024-04-02 18:39:17,thrilling_tales_of_dragon_slayers,Thrilling Tales of Dragon Slayers,weapon,3,1,,,True,2024-04-02,2024-04,False,False,True
main,887284572,60,9,Character Event,,1094,2024-04-02 18:39:17,sharpshooters_oath,Sharpshooter's Oath,weapon,3,1,,,True,2024-04-02,2024-04,False,False,True
main,887284572,60,9,Character Event,,1095,2024-04-02 18:39:17,thrilling_tales_of_dragon_slayers,Thrilling Tales of Dragon Slayers,weapon,3,1,,,True,2024-04-02,2024-04,False,False,True
main,887284572,60,9,Character Event,,1096,2024-04-02 18:39:17,debate_club,Debate Club,weapon,3,1,,,True,2024-04-02,2024-04,False,False,True
main,887284572,60,9,Character Event,,1097,2024-04-02 18:39:17,emerald_orb,Emerald Orb,weapon,3,1,,,True,2024-04-02,2024-04,False,False,True
main,887284572,60,9,Character Event,,1098,2024-04-02 18:39:17,black_tassel,Black Tassel,weapon,3,1,,,True,2024-04-02,2024-04,False,False,True
main,887284572,60,9,Character Event,,1099,2024-04-02 18:39:17,thrilling_tales_of_dragon_slayers,Thrilling Tales of Dragon Slayers,weapon,3,1,,,True,2024-04-02,2024-04,False,False,True
main,887284572,60,9,Character Event,,1100,2024-04-02 18:39:17,harbinger_of_dawn,Harbinger of Dawn,weapon,3,1,,,True,2024-04-02,2024-04,False,False,True
main,887284572,60,9,Character Event,,1101,2024-04-02 18:39:26,yanfei,Yanfei,character,4,9,1.0,Win,True,2024-04-02,2024-04,False,True,False
main,887284572,60,9,Character Event,,1102,2024-04-02 18:39:26,ferrous_shadow,Ferrous Shadow,weapon,3,1,,,True,2024-04-02,2024-04,False,False,True
main,887284572,60,9,Character Event,,1103,2024-04-02 18:39:26,black_tassel,Black Tassel,weapon,3,1,,,True,2024-04-02,2024-04,False,False,True
main,887284572,60,9,Character Event,,1104,2024-04-02 18:39:26,black_tassel,Black Tassel,weapon,3,1,,,True,2024-04-02,2024-04,False,False,True
main,887284572,60,9,Character Event,,1105,2024-04-02 18:39:26,black_tassel,Black Tassel,weapon,3,1,,,True,2024-04-02,2024-04,False,False,True
main,887284572,60,9,Character Event,,1106,2024-04-02 18:39:26,sharpshooters_oath,Sharpshooter's Oath,weapon,3,1,,,True,2024-04-02,2024-04,False,False,True
main,887284572,60,9,Character Event,,1107,2024-04-02 18:39:26,slingshot,Slingshot,weapon,3,1,,,True,2024-04-02,2024-04,False,False,True
main,887284572,60,9,Character Event,,1108,2024-04-02 18:39:26,ferrous_shadow,Ferrous Shadow,weapon,3,1,,,True,2024-04-02,2024-04,False,False,True
main,887284572,60,9,Character Event,,1109,2024-04-02 18:39:26,cool_steel,Cool Steel,weapon,3,1,,,True,2024-04-02,2024-04,False,False,True
main,887284572,60,9,Character Event,,1110,2024-04-02 18:39:26,skyrider_sword,Skyrider Sword,weapon,3,1,,,True,2024-04-02,2024-04,False,False,True
main,887284572,60,9,Character Event,,1111,2024-04-02 18:39:58,sacrificial_fragments,Sacrificial Fragments,weapon,4,10,0.0,Lose,True,2024-04-02,2024-04,False,True,False
main,887284572,60,9,Character Event,,1112,2024-04-02 18:40:04,debate_club,Debate Club,weapon,3,1,,,True,2024-04-02,2024-04,False,False,True
main,887284572,60,9,Character Event,,1113,2024-04-02 18:40:10,debate_club,Debate Club,weapon,3,1,,,True,2024-04-02,2024-04,False,False,True
main,887284572,60,9,Character Event,,1114,2024-04-02 18:40:15,cool_steel,Cool Steel,weapon,3,1,,,True,2024-04-02,2024-04,False,False,True
main,887284572,60,9,Character Event,,1115,2024-04-02 18:40:21,thrilling_tales_of_dragon_slayers,Thrilling Tales of Dragon Slayers,weapon,3,1,,,True,2024-04-02,2024-04,False,False,True
main,887284572,60,9,Character Event,,1116,2024-04-02 18:40:27,cool_steel,Cool Steel,weapon,3,1,,,True,2024-04-02,2024-04,False,False,True
main,887284572,60,9,Character Event,,1117,2024-04-02 18:47:07,ferrous_shadow,Ferrous Shadow,weapon,3,1,,,True,2024-04-02,2024-04,False,False,True
main,887284572,60,9,Character Event,,1118,2024-04-02 18:47:13,sharpshooters_oath,Sharpshooter's Oath,weapon,3,1,,,True,2024-04-02,2024-04,False,False,True
main,887284572,60,9,Character Event,,1119,2024-04-02 18:47:19,slingshot,Slingshot,weapon,3,1,,,True,2024-04-02,2024-04,False,False,True
main,887284572,60,9,Character Event,,1120,2024-04-02 18:47:24,debate_club,Debate Club,weapon,3,1,,,True,2024-04-02,2024-04,False,False,True
main,887284572,60,9,Character Event,,1121,2024-04-03 04:47:17,barbara,Barbara,character,4,10,2.0,Guaranteed,True,2024-04-03,2024-04,False,True,False
main,887284572,60,9,Character Event,,1122,2024-04-03 04:47:46,skyrider_sword,Skyrider Sword,weapon,3,1,,,True,2024-04-03,2024-04,False,False,True
main,887284572,60,9,Character Event,,1123,2024-04-04 04:27:21,slingshot,Slingshot,weapon,3,1,,,True,2024-04-04,2024-04,False,False,True
main,887284572,60,9,Character Event,,1124,2024-04-04 04:27:29,neuvillette,Neuvillette,character,5,78,1.0,Win,True,2024-04-04,2024-04,True,False,False
main,887284572,60,9,Character Event,400,1125,2024-04-04 22:54:17,magic_guide,Magic Guide,weapon,3,1,,,True,2024-04-04,2024-04,False,False,True
main,887284572,60,9,Character Event,400,1126,2024-04-04 22:54:25,favonius_warbow,Favonius Warbow,weapon,4,5,0.0,Lose,True,2024-04-04,2024-04,False,True,False
main,887284572,60,9,Character Event,400,1127,2024-04-04 22:54:33,magic_guide,Magic Guide,weapon,3,1,,,True,2024-04-04,2024-04,False,False,True
main,887284572,60,9,Character Event,,1128,2024-04-04 22:54:44,slingshot,Slingshot,weapon,3,1,,,True,2024-04-04,2024-04,False,False,True
main,887284572,60,9,Character Event,400,1129,2024-04-05 04:38:08,emerald_orb,Emerald Orb,weapon,3,1,,,True,2024-04-05,2024-04,False,False,True
main,887284572,60,9,Character Event,,1130,2024-04-05 04:38:17,debate_club,Debate Club,weapon,3,1,,,True,2024-04-05,2024-04,False,False,True
main,887284572,60,9,Character Event,,1131,2024-04-11 11:15:27,debate_club,Debate Club,weapon,3,1,,,True,2024-04-11,2024-04,False,False,True
main,887284572,60,9,Character Event,,1132,2024-04-11 11:15:39,sharpshooters_oath,Sharpshooter's Oath,weapon,3,1,,,True,2024-04-11,2024-04,False,False,True
main,887284572,60,9,Character Event,,1133,2024-04-18 08:03:47,thrilling_tales_of_dragon_slayers,Thrilling Tales of Dragon Slayers,weapon,3,1,,,True,2024-04-18,2024-04,False,False,True
main,887284572,60,9,Character Event,,1134,2024-04-18 08:03:55,neuvillette,Neuvillette,character,5,10,1.0,Win,True,2024-04-18,2024-04,True,False,False
main,887284572,60,9,Character Event,,1135,2024-04-18 08:04:05,barbara,Barbara,character,4,9,2.0,Guaranteed,True,2024-04-18,2024-04,False,True,False
main,887284572,60,9,Character Event,,1136,2024-04-24 21:28:06,emerald_orb,Emerald Orb,weapon,3,1,,,True,2024-04-24,2024-04,False,False,True
main,887284572,60,9,Character Event,,1137,2024-04-24 23:11:08,harbinger_of_dawn,Harbinger of Dawn,weapon,3,1,,,True,2024-04-24,2024-04,False,False,True
main,887284572,60,9,Character Event,,1138,2024-04-25 00:19:25,ferrous_shadow,Ferrous Shadow,weapon,3,1,,,True,2024-04-25,2024-04,False,False,True
main,887284572,60,9,Character Event,,1139,2024-04-25 00:19:33,skyrider_sword,Skyrider Sword,weapon,3,1,,,True,2024-04-25,2024-04,False,False,True
main,887284572,60,9,Character Event,,1140,2024-04-25 00:19:38,raven_bow,Raven Bow,weapon,3,1,,,True,2024-04-25,2024-04,False,False,True
main,887284572,60,9,Character Event,,1141,2024-04-25 00:19:43,ferrous_shadow,Ferrous Shadow,weapon,3,1,,,True,2024-04-25,2024-04,False,False,True
main,887284572,60,9,Character Event,,1142,2024-04-25 00:19:54,sharpshooters_oath,Sharpshooter's Oath,weapon,3,1,,,True,2024-04-25,2024-04,False,False,True
main,887284572,60,9,Character Event,,1143,2024-04-25 11:39:29,cool_steel,Cool Steel,weapon,3,1,,,True,2024-04-25,2024-04,False,False,True
main,887284572,60,9,Character Event,,1144,2024-04-25 13:40:52,raven_bow,Raven Bow,weapon,3,1,,,True,2024-04-25,2024-04,False,False,True
main,887284572,60,9,Character Event,,1145,2024-04-26 05:08:03,freminet,Freminet,character,4,10,1.0,Win,True,2024-04-26,2024-04,False,True,False
main,887284572,60,9,Character Event,,1146,2024-04-26 05:08:11,magic_guide,Magic Guide,weapon,3,1,,,True,2024-04-26,2024-04,False,False,True
main,887284572,60,9,Character Event,,1147,2024-04-27 10:35:48,magic_guide,Magic Guide,weapon,3,1,,,True,2024-04-27,2024-04,False,False,True
main,887284572,60,9,Character Event,,1148,2024-04-27 10:35:58,magic_guide,Magic Guide,weapon,3,1,,,True,2024-04-27,2024-04,False,False,True
main,887284572,60,9,Character Event,,1149,2024-04-28 03:22:45,thrilling_tales_of_dragon_slayers,Thrilling Tales of Dragon Slayers,weapon,3,1,,,True,2024-04-28,2024-04,False,False,True
main,887284572,60,9,Character Event,,1150,2024-04-28 03:22:58,skyrider_sword,Skyrider Sword,weapon,3,1,,,True,2024-04-28,2024-04,False,False,True
main,887284572,60,9,Character Event,,1151,2024-04-28 03:23:04,cool_steel,Cool Steel,weapon,3,1,,,True,2024-04-28,2024-04,False,False,True
main,887284572,60,9,Character Event,,1152,2024-04-28 04:03:54,lynette,Lynette,character,4,7,1.0,Win,True,2024-04-28,2024-04,False,True,False
main,887284572,60,9,Character Event,,1153,2024-04-28 04:04:11,emerald_orb,Emerald Orb,weapon,3,1,,,True,2024-04-28,2024-04,False,False,True
main,887284572,60,9,Character Event,,1154,2024-04-28 05:22:22,raven_bow,Raven Bow,weapon,3,1,,,True,2024-04-28,2024-04,False,False,True
main,887284572,60,9,Character Event,,1155,2024-04-28 05:22:31,lynette,Lynette,character,4,3,1.0,Win,True,2024-04-28,2024-04,False,True,False
main,887284572,60,9,Character Event,,1156,2024-04-28 05:22:44,cool_steel,Cool Steel,weapon,3,1,,,True,2024-04-28,2024-04,False,False,True
main,887284572,60,9,Character Event,,1157,2024-04-29 08:52:14,slingshot,Slingshot,weapon,3,1,,,True,2024-04-29,2024-04,False,False,True
main,887284572,60,9,Character Event,,1158,2024-04-29 10:13:04,bloodtainted_greatsword,Bloodtainted Greatsword,weapon,3,1,,,True,2024-04-29,2024-04,False,False,True
main,887284572,60,9,Character Event,,1159,2024-04-30 04:19:03,debate_club,Debate Club,weapon,3,1,,,True,2024-04-30,2024-04,False,False,True
main,887284572,60,9,Character Event,,1160,2024-05-01 08:22:50,sacrificial_greatsword,Sacrificial Greatsword,weapon,4,5,0.0,Lose,True,2024-05-01,2024-05,False,True,False
main,887284572,60,9,Character Event,,1161,2024-05-01 08:22:50,cool_steel,Cool Steel,weapon,3,1,,,True,2024-05-01,2024-05,False,False,True
main,887284572,60,9,Character Event,,1162,2024-05-01 08:22:50,thrilling_tales_of_dragon_slayers,Thrilling Tales of Dragon Slayers,weapon,3,1,,,True,2024-05-01,2024-05,False,False,True
main,887284572,60,9,Character Event,,1163,2024-05-01 08:22:50,bloodtainted_greatsword,Bloodtainted Greatsword,weapon,3,1,,,True,2024-05-01,2024-05,False,False,True
main,887284572,60,9,Character Event,,1164,2024-05-01 08:22:50,ferrous_shadow,Ferrous Shadow,weapon,3,1,,,True,2024-05-01,2024-05,False,False,True
main,887284572,60,9,Character Event,,1165,2024-05-01 08:22:50,black_tassel,Black Tassel,weapon,3,1,,,True,2024-05-01,2024-05,False,False,True
main,887284572,60,9,Character Event,,1166,2024-05-01 08:22:50,harbinger_of_dawn,Harbinger of Dawn,weapon,3,1,,,True,2024-05-01,2024-05,False,False,True
main,887284572,60,9,Character Event,,1167,2024-05-01 08:22:50,debate_club,Debate Club,weapon,3,1,,,True,2024-05-01,2024-05,False,False,True
main,887284572,60,9,Character Event,,1168,2024-05-01 08:22:50,emerald_orb,Emerald Orb,weapon,3,1,,,True,2024-05-01,2024-05,False,False,True
main,887284572,60,9,Character Event,,1169,2024-05-01 08:22:50,cool_steel,Cool Steel,weapon,3,1,,,True,2024-05-01,2024-05,False,False,True
main,887284572,60,9,Character Event,,1170,2024-05-01 09:15:38,lynette,Lynette,character,4,10,2.0,Guaranteed,True,2024-05-01,2024-05,False,True,False
main,887284572,60,9,Character Event,,1171,2024-05-01 09:15:57,debate_club,Debate Club,weapon,3,1,,,True,2024-05-01,2024-05,False,False,True
main,887284572,60,9,Character Event,,1172,2024-05-02 00:49:02,magic_guide,Magic Guide,weapon,3,1,,,True,2024-05-02,2024-05,False,False,True
main,887284572,60,9,Character Event,,1173,2024-05-02 12:24:14,bloodtainted_greatsword,Bloodtainted Greatsword,weapon,3,1,,,True,2024-05-02,2024-05,False,False,True
main,887284572,60,9,Character Event,,1174,2024-05-03 04:47:36,black_tassel,Black Tassel,weapon,3,1,,,True,2024-05-03,2024-05,False,False,True
main,887284572,60,9,Character Event,,1175,2024-05-04 11:31:37,thrilling_tales_of_dragon_slayers,Thrilling Tales of Dragon Slayers,weapon,3,1,,,True,2024-05-04,2024-05,False,False,True
main,887284572,60,9,Character Event,,1176,2024-05-05 08:11:23,debate_club,Debate Club,weapon,3,1,,,True,2024-05-05,2024-05,False,False,True
main,887284572,60,9,Character Event,,1177,2024-05-06 12:32:04,raven_bow,Raven Bow,weapon,3,1,,,True,2024-05-06,2024-05,False,False,True
main,887284572,60,9,Character Event,,1178,2024-05-07 10:09:13,emerald_orb,Emerald Orb,weapon,3,1,,,True,2024-05-07,2024-05,False,False,True
main,887284572,60,9,Character Event,,1179,2024-05-08 04:52:05,the_stringless,The Stringless,weapon,4,9,0.0,Lose,True,2024-05-08,2024-05,False,True,False
main,887284572,60,9,Character Event,,1180,2024-05-08 04:52:14,raven_bow,Raven Bow,weapon,3,1,,,True,2024-05-08,2024-05,False,False,True
main,887284572,60,9,Character Event,,1181,2024-05-08 05:19:14,debate_club,Debate Club,weapon,3,1,,,True,2024-05-08,2024-05,False,False,True
main,887284572,60,9,Character Event,,1182,2024-05-08 05:32:00,ferrous_shadow,Ferrous Shadow,weapon,3,1,,,True,2024-05-08,2024-05,False,False,True
main,887284572,60,9,Character Event,,1183,2024-05-09 04:17:18,bloodtainted_greatsword,Bloodtainted Greatsword,weapon,3,1,,,True,2024-05-09,2024-05,False,False,True
main,887284572,60,9,Character Event,,1184,2024-05-10 06:03:16,sharpshooters_oath,Sharpshooter's Oath,weapon,3,1,,,True,2024-05-10,2024-05,False,False,True
main,887284572,60,9,Character Event,,1185,2024-05-10 06:28:52,debate_club,Debate Club,weapon,3,1,,,True,2024-05-10,2024-05,False,False,True
main,887284572,60,9,Character Event,,1186,2024-05-10 06:29:12,emerald_orb,Emerald Orb,weapon,3,1,,,True,2024-05-10,2024-05,False,False,True
main,887284572,60,9,Character Event,,1187,2024-05-10 07:04:22,thrilling_tales_of_dragon_slayers,Thrilling Tales of Dragon Slayers,weapon,3,1,,,True,2024-05-10,2024-05,False,False,True
main,887284572,60,9,Character Event,,1188,2024-05-11 05:55:14,xiangling,Xiangling,character,4,9,2.0,Guaranteed,True,2024-05-11,2024-05,False,True,False
main,887284572,60,9,Character Event,,1189,2024-05-11 05:55:47,ferrous_shadow,Ferrous Shadow,weapon,3,1,,,True,2024-05-11,2024-05,False,False,True
main,887284572,60,9,Character Event,,1190,2024-05-12 04:23:59,magic_guide,Magic Guide,weapon,3,1,,,True,2024-05-12,2024-05,False,False,True
main,887284572,60,9,Character Event,,1191,2024-05-13 08:14:15,sharpshooters_oath,Sharpshooter's Oath,weapon,3,1,,,True,2024-05-13,2024-05,False,False,True
main,887284572,60,9,Character Event,,1192,2024-05-14 05:13:33,black_tassel,Black Tassel,weapon,3,1,,,True,2024-05-14,2024-05,False,False,True
main,887284572,60,9,Character Event,,1193,2024-05-14 12:19:18,debate_club,Debate Club,weapon,3,1,,,True,2024-05-14,2024-05,False,False,True
main,887284572,60,9,Character Event,,1194,2024-05-14 12:19:25,bloodtainted_greatsword,Bloodtainted Greatsword,weapon,3,1,,,True,2024-05-14,2024-05,False,False,True
main,887284572,60,9,Character Event,,1195,2024-05-14 12:19:30,magic_guide,Magic Guide,weapon,3,1,,,True,2024-05-14,2024-05,False,False,True
main,887284572,60,9,Character Event,,1196,2024-05-14 12:19:36,thrilling_tales_of_dragon_slayers,Thrilling Tales of Dragon Slayers,weapon,3,1,,,True,2024-05-14,2024-05,False,False,True
main,887284572,60,9,Character Event,,1197,2024-05-14 12:36:15,lynette,Lynette,character,4,9,1.0,Win,True,2024-05-14,2024-05,False,True,False
main,887284572,60,9,Character Event,,1198,2024-05-14 12:36:34,harbinger_of_dawn,Harbinger of Dawn,weapon,3,1,,,True,2024-05-14,2024-05,False,False,True
main,887284572,60,9,Character Event,400,1199,2024-06-01 06:42:21,skyrider_sword,Skyrider Sword,weapon,3,1,,,True,2024-06-01,2024-06,False,False,True
main,887284572,60,9,Character Event,400,1200,2024-06-01 06:42:48,magic_guide,Magic Guide,weapon,3,1,,,True,2024-06-01,2024-06,False,False,True
main,887284572,60,9,Character Event,400,1201,2024-06-01 06:43:11,emerald_orb,Emerald Orb,weapon,3,1,,,True,2024-06-01,2024-06,False,False,True
main,887284572,60,9,Character Event,,1202,2024-06-05 11:20:08,ferrous_shadow,Ferrous Shadow,weapon,3,1,,,True,2024-06-05,2024-06,False,False,True
main,887284572,60,9,Character Event,,1203,2024-06-05 11:20:13,bloodtainted_greatsword,Bloodtainted Greatsword,weapon,3,1,,,True,2024-06-05,2024-06,False,False,True
main,887284572,60,9,Character Event,,1204,2024-06-05 11:20:49,skyrider_sword,Skyrider Sword,weapon,3,1,,,True,2024-06-05,2024-06,False,False,True
main,887284572,60,9,Character Event,,1205,2024-06-05 11:20:55,ferrous_shadow,Ferrous Shadow,weapon,3,1,,,True,2024-06-05,2024-06,False,False,True
main,887284572,60,9,Character Event,,1206,2024-06-05 11:21:00,thoma,Thoma,character,4,9,1.0,Win,True,2024-06-05,2024-06,False,True,False
main,887284572,60,9,Character Event,,1207,2024-06-05 11:21:07,ferrous_shadow,Ferrous Shadow,weapon,3,1,,,True,2024-06-05,2024-06,False,False,True
main,887284572,60,9,Character Event,,1208,2024-06-05 11:21:13,harbinger_of_dawn,Harbinger of Dawn,weapon,3,1,,,True,2024-06-05,2024-06,False,False,True
main,887284572,60,9,Character Event,,1209,2024-06-05 11:21:29,clorinde,Clorinde,character,5,75,1.0,Win,True,2024-06-05,2024-06,True,False,False
main,887284572,60,9,Character Event,,1210,2024-06-17 04:43:05,raven_bow,Raven Bow,weapon,3,1,,,True,2024-06-17,2024-06,False,False,True
main,887284572,60,9,Character Event,,1211,2024-06-17 04:43:11,slingshot,Slingshot,weapon,3,1,,,True,2024-06-17,2024-06,False,False,True
main,887284572,60,9,Character Event,,1212,2024-06-20 11:55:22,thrilling_tales_of_dragon_slayers,Thrilling Tales of Dragon Slayers,weapon,3,1,,,True,2024-06-20,2024-06,False,False,True
main,887284572,60,9,Character Event,,1213,2024-06-20 11:55:29,slingshot,Slingshot,weapon,3,1,,,True,2024-06-20,2024-06,False,False,True
main,887284572,60,9,Character Event,,1214,2024-06-20 11:55:35,thrilling_tales_of_dragon_slayers,Thrilling Tales of Dragon Slayers,weapon,3,1,,,True,2024-06-20,2024-06,False,False,True
main,887284572,60,9,Character Event,,1215,2024-06-20 11:55:41,bennett,Bennett,character,4,9,1.0,Win,True,2024-06-20,2024-06,False,True,False
main,887284572,60,9,Character Event,,1216,2024-06-20 11:55:48,tighnari,Tighnari,character,5,7,0.0,Lose,True,2024-06-20,2024-06,True,False,False
main,887284572,60,9,Character Event,,1217,2024-06-20 11:55:56,emerald_orb,Emerald Orb,weapon,3,1,,,True,2024-06-20,2024-06,False,False,True
main,887284572,60,9,Character Event,,1218,2024-06-21 12:39:09,debate_club,Debate Club,weapon,3,1,,,True,2024-06-21,2024-06,False,False,True
main,887284572,60,9,Character Event,,1219,2024-06-21 23:42:48,ferrous_shadow,Ferrous Shadow,weapon,3,1,,,True,2024-06-21,2024-06,False,False,True
main,887284572,60,9,Character Event,400,1220,2024-06-26 10:50:12,rosaria,Rosaria,character,4,5,1.0,Win,True,2024-06-26,2024-06,False,True,False
main,887284572,60,9,Character Event,400,1221,2024-06-26 10:50:23,skyrider_sword,Skyrider Sword,weapon,3,1,,,True,2024-06-26,2024-06,False,False,True
main,887284572,60,9,Character Event,400,1222,2024-06-27 05:10:50,raven_bow,Raven Bow,weapon,3,1,,,True,2024-06-27,2024-06,False,False,True
main,887284572,60,9,Character Event,400,1223,2024-06-27 05:10:59,raven_bow,Raven Bow,weapon,3,1,,,True,2024-06-27,2024-06,False,False,True
main,887284572,60,9,Character Event,400,1224,2024-06-28 14:31:24,cool_steel,Cool Steel,weapon,3,1,,,True,2024-06-28,2024-06,False,False,True
main,887284572,60,9,Character Event,400,1225,2024-06-28 14:31:30,slingshot,Slingshot,weapon,3,1,,,True,2024-06-28,2024-06,False,False,True
main,887284572,60,9,Character Event,400,1226,2024-06-28 14:31:39,thrilling_tales_of_dragon_slayers,Thrilling Tales of Dragon Slayers,weapon,3,1,,,True,2024-06-28,2024-06,False,False,True
main,887284572,60,9,Character Event,400,1227,2024-06-28 14:31:51,slingshot,Slingshot,weapon,3,1,,,True,2024-06-28,2024-06,False,False,True
main,887284572,60,9,Character Event,400,1228,2024-06-28 14:31:59,magic_guide,Magic Guide,weapon,3,1,,,True,2024-06-28,2024-06,False,False,True
main,887284572,60,9,Character Event,400,1229,2024-06-29 04:20:28,favonius_codex,Favonius Codex,weapon,4,9,0.0,Lose,True,2024-06-29,2024-06,False,True,False
main,887284572,60,9,Character Event,400,1230,2024-06-30 04:44:15,ferrous_shadow,Ferrous Shadow,weapon,3,1,,,True,2024-06-30,2024-06,False,False,True
main,887284572,60,9,Character Event,400,1231,2024-07-01 05:39:51,black_tassel,Black Tassel,weapon,3,1,,,True,2024-07-01,2024-07,False,False,True
main,887284572,60,9,Character Event,400,1232,2024-07-01 05:39:57,ferrous_shadow,Ferrous Shadow,weapon,3,1,,,True,2024-07-01,2024-07,False,False,True
main,887284572,60,9,Character Event,400,1233,2024-07-01 05:40:06,emerald_orb,Emerald Orb,weapon,3,1,,,True,2024-07-01,2024-07,False,False,True
main,887284572,60,9,Character Event,400,1234,2024-07-01 05:40:13,ferrous_shadow,Ferrous Shadow,weapon,3,1,,,True,2024-07-01,2024-07,False,False,True
main,887284572,60,9,Character Event,400,1235,2024-07-01 05:40:19,raven_bow,Raven Bow,weapon,3,1,,,True,2024-07-01,2024-07,False,False,True
main,887284572,60,9,Character Event,400,1236,2024-07-01 05:40:25,rosaria,Rosaria,character,4,7,2.0,Guaranteed,True,2024-07-01,2024-07,False,True,False
main,887284572,60,9,Character Event,400,1237,2024-07-01 05:40:34,cool_steel,Cool Steel,weapon,3,1,,,True,2024-07-01,2024-07,False,False,True
main,887284572,60,9,Character Event,400,1238,2024-07-01 05:40:47,bloodtainted_greatsword,Bloodtainted Greatsword,weapon,3,1,,,True,2024-07-01,2024-07,False,False,True
main,887284572,60,9,Character Event,400,1239,2024-07-01 12:03:09,debate_club,Debate Club,weapon,3,1,,,True,2024-07-01,2024-07,False,False,True
main,887284572,60,9,Character Event,400,1240,2024-07-01 12:03:09,thrilling_tales_of_dragon_slayers,Thrilling Tales of Dragon Slayers,weapon,3,1,,,True,2024-07-01,2024-07,False,False,True
main,887284572,60,9,Character Event,400,1241,2024-07-01 12:03:09,debate_club,Debate Club,weapon,3,1,,,True,2024-07-01,2024-07,False,False,True
main,887284572,60,9,Character Event,400,1242,2024-07-01 12:03:09,bloodtainted_greatsword,Bloodtainted Greatsword,weapon,3,1,,,True,2024-07-01,2024-07,False,False,True
main,887284572,60,9,Character Event,400,1243,2024-07-01 12:03:09,thrilling_tales_of_dragon_slayers,Thrilling Tales of Dragon Slayers,weapon,3,1,,,True,2024-07-01,2024-07,False,False,True
main,887284572,60,9,Character Event,400,1244,2024-07-01 12:03:09,bloodtainted_greatsword,Bloodtainted Greatsword,weapon,3,1,,,True,2024-07-01,2024-07,False,False,True
main,887284572,60,9,Character Event,400,1245,2024-07-01 12:03:09,gaming,Gaming,character,4,9,1.0,Win,True,2024-07-01,2024-07,False,True,False
main,887284572,60,9,Character Event,400,1246,2024-07-01 12:03:09,thrilling_tales_of_dragon_slayers,Thrilling Tales of Dragon Slayers,weapon,3,1,,,True,2024-07-01,2024-07,False,False,True
main,887284572,60,9,Character Event,400,1247,2024-07-01 12:03:09,emerald_orb,Emerald Orb,weapon,3,1,,,True,2024-07-01,2024-07,False,False,True
main,887284572,60,9,Character Event,400,1248,2024-07-01 12:03:09,thrilling_tales_of_dragon_slayers,Thrilling Tales of Dragon Slayers,weapon,3,1,,,True,2024-07-01,2024-07,False,False,True
main,887284572,60,9,Character Event,400,1249,2024-07-01 18:05:11,emerald_orb,Emerald Orb,weapon,3,1,,,True,2024-07-01,2024-07,False,False,True
main,887284572,60,9,Character Event,400,1250,2024-07-01 18:07:21,debate_club,Debate Club,weapon,3,1,,,True,2024-07-01,2024-07,False,False,True
main,887284572,60,9,Character Event,400,1251,2024-07-02 12:50:42,slingshot,Slingshot,weapon,3,1,,,True,2024-07-02,2024-07,False,False,True
main,887284572,60,9,Character Event,400,1252,2024-07-03 14:06:12,thrilling_tales_of_dragon_slayers,Thrilling Tales of Dragon Slayers,weapon,3,1,,,True,2024-07-03,2024-07,False,False,True
main,887284572,60,9,Character Event,400,1253,2024-07-04 04:36:00,black_tassel,Black Tassel,weapon,3,1,,,True,2024-07-04,2024-07,False,False,True
main,887284572,60,9,Character Event,400,1254,2024-07-04 04:36:09,bloodtainted_greatsword,Bloodtainted Greatsword,weapon,3,1,,,True,2024-07-04,2024-07,False,False,True
main,887284572,60,9,Character Event,400,1255,2024-07-04 04:36:15,sacrificial_greatsword,Sacrificial Greatsword,weapon,4,10,0.0,Lose,True,2024-07-04,2024-07,False,True,False
main,887284572,60,9,Character Event,400,1256,2024-07-05 05:00:19,magic_guide,Magic Guide,weapon,3,1,,,True,2024-07-05,2024-07,False,False,True
main,887284572,60,9,Character Event,400,1257,2024-07-17 20:30:36,harbinger_of_dawn,Harbinger of Dawn,weapon,3,1,,,True,2024-07-17,2024-07,False,False,True
main,887284572,60,9,Character Event,400,1258,2024-07-17 20:30:36,emerald_orb,Emerald Orb,weapon,3,1,,,True,2024-07-17,2024-07,False,False,True
main,887284572,60,9,Character Event,400,1259,2024-07-17 20:30:36,thrilling_tales_of_dragon_slayers,Thrilling Tales of Dragon Slayers,weapon,3,1,,,True,2024-07-17,2024-07,False,False,True
main,887284572,60,9,Character Event,400,1260,2024-07-17 20:30:36,skyrider_sword,Skyrider Sword,weapon,3,1,,,True,2024-07-17,2024-07,False,False,True
main,887284572,60,9,Character Event,400,1261,2024-07-17 20:30:36,slingshot,Slingshot,weapon,3,1,,,True,2024-07-17,2024-07,False,False,True
main,887284572,60,9,Character Event,400,1262,2024-07-17 20:30:36,skyrider_sword,Skyrider Sword,weapon,3,1,,,True,2024-07-17,2024-07,False,False,True
main,887284572,60,9,Character Event,400,1263,2024-07-17 20:30:36,sharpshooters_oath,Sharpshooter's Oath,weapon,3,1,,,True,2024-07-17,2024-07,False,False,True
main,887284572,60,9,Character Event,400,1264,2024-07-17 20:30:36,kirara,Kirara,character,4,9,2.0,Guaranteed,True,2024-07-17,2024-07,False,True,False
main,887284572,60,9,Character Event,400,1265,2024-07-17 20:30:36,cool_steel,Cool Steel,weapon,3,1,,,True,2024-07-17,2024-07,False,False,True
main,887284572,60,9,Character Event,400,1266,2024-07-17 20:30:36,skyrider_sword,Skyrider Sword,weapon,3,1,,,True,2024-07-17,2024-07,False,False,True
main,887284572,60,9,Character Event,400,1267,2024-07-17 20:31:17,thrilling_tales_of_dragon_slayers,Thrilling Tales of Dragon Slayers,weapon,3,1,,,True,2024-07-17,2024-07,False,False,True
main,887284572,60,9,Character Event,400,1268,2024-07-18 23:20:51,slingshot,Slingshot,weapon,3,1,,,True,2024-07-18,2024-07,False,False,True
main,887284572,60,9,Character Event,400,1269,2024-07-18 23:20:51,skyrider_sword,Skyrider Sword,weapon,3,1,,,True,2024-07-18,2024-07,False,False,True
main,887284572,60,9,Character Event,400,1270,2024-07-18 23:20:51,slingshot,Slingshot,weapon,3,1,,,True,2024-07-18,2024-07,False,False,True
main,887284572,60,9,Character Event,400,1271,2024-07-18 23:20:51,ferrous_shadow,Ferrous Shadow,weapon,3,1,,,True,2024-07-18,2024-07,False,False,True
main,887284572,60,9,Character Event,400,1272,2024-07-18 23:20:51,cool_steel,Cool Steel,weapon,3,1,,,True,2024-07-18,2024-07,False,False,True
main,887284572,60,9,Character Event,400,1273,2024-07-18 23:20:51,magic_guide,Magic Guide,weapon,3,1,,,True,2024-07-18,2024-07,False,False,True
main,887284572,60,9,Character Event,400,1274,2024-07-18 23:20:51,ningguang,Ningguang,character,4,10,1.0,Win,True,2024-07-18,2024-07,False,True,False
main,887284572,60,9,Character Event,400,1275,2024-07-18 23:20:51,harbinger_of_dawn,Harbinger of Dawn,weapon,3,1,,,True,2024-07-18,2024-07,False,False,True
main,887284572,60,9,Character Event,400,1276,2024-07-18 23:20:51,skyrider_sword,Skyrider Sword,weapon,3,1,,,True,2024-07-18,2024-07,False,False,True
main,887284572,60,9,Character Event,400,1277,2024-07-18 23:20:51,magic_guide,Magic Guide,weapon,3,1,,,True,2024-07-18,2024-07,False,False,True
main,887284572,60,9,Character Event,400,1278,2024-07-18 23:21:52,sharpshooters_oath,Sharpshooter's Oath,weapon,3,1,,,True,2024-07-18,2024-07,False,False,True
main,887284572,60,9,Character Event,400,1279,2024-07-18 23:39:49,skyrider_sword,Skyrider Sword,weapon,3,1,,,True,2024-07-18,2024-07,False,False,True
main,887284572,60,9,Character Event,400,1280,2024-07-19 12:43:37,emerald_orb,Emerald Orb,weapon,3,1,,,True,2024-07-19,2024-07,False,False,True
main,887284572,60,9,Character Event,400,1281,2024-07-19 19:49:09,raven_bow,Raven Bow,weapon,3,1,,,True,2024-07-19,2024-07,False,False,True
main,887284572,60,9,Character Event,400,1282,2024-07-19 19:49:18,slingshot,Slingshot,weapon,3,1,,,True,2024-07-19,2024-07,False,False,True
main,887284572,60,9,Character Event,400,1283,2024-07-19 20:13:23,kaveh,Kaveh,character,4,9,1.0,Win,True,2024-07-19,2024-07,False,True,False
main,887284572,60,9,Character Event,400,1284,2024-07-19 22:33:33,magic_guide,Magic Guide,weapon,3,1,,,True,2024-07-19,2024-07,False,False,True
main,887284572,60,9,Character Event,400,1285,2024-07-19 22:43:43,sharpshooters_oath,Sharpshooter's Oath,weapon,3,1,,,True,2024-07-19,2024-07,False,False,True
main,887284572,60,9,Character Event,400,1286,2024-07-20 04:56:50,favonius_greatsword,Favonius Greatsword,weapon,4,3,0.0,Lose,True,2024-07-20,2024-07,False,True,False
main,887284572,60,9,Character Event,400,1287,2024-07-21 14:10:11,bloodtainted_greatsword,Bloodtainted Greatsword,weapon,3,1,,,True,2024-07-21,2024-07,False,False,True
main,887284572,60,9,Character Event,400,1288,2024-07-21 15:32:03,magic_guide,Magic Guide,weapon,3,1,,,True,2024-07-21,2024-07,False,False,True
main,887284572,60,9,Character Event,400,1289,2024-07-21 16:07:49,raven_bow,Raven Bow,weapon,3,1,,,True,2024-07-21,2024-07,False,False,True
main,887284572,60,9,Character Event,400,1290,2024-07-21 16:54:15,cool_steel,Cool Steel,weapon,3,1,,,True,2024-07-21,2024-07,False,False,True
main,887284572,60,9,Character Event,400,1291,2024-07-21 16:54:31,black_tassel,Black Tassel,weapon,3,1,,,True,2024-07-21,2024-07,False,False,True
main,887284572,60,9,Character Event,400,1292,2024-07-22 08:49:42,emerald_orb,Emerald Orb,weapon,3,1,,,True,2024-07-22,2024-07,False,False,True
main,887284572,60,9,Character Event,400,1293,2024-07-22 20:01:22,nilou,Nilou,character,5,77,2.0,Guaranteed,True,2024-07-22,2024-07,True,False,False
main,887284572,60,9,Character Event,400,1294,2024-07-30 13:40:42,cool_steel,Cool Steel,weapon,3,1,,,True,2024-07-30,2024-07,False,False,True
main,887284572,60,9,Character Event,,1295,2024-07-30 19:59:56,sharpshooters_oath,Sharpshooter's Oath,weapon,3,1,,,True,2024-07-30,2024-07,False,False,True
main,887284572,60,9,Character Event,,1296,2024-07-31 09:24:30,ningguang,Ningguang,character,4,10,2.0,Guaranteed,True,2024-07-31,2024-07,False,True,False
main,887284572,60,9,Character Event,,1297,2024-08-28 11:55:43,raven_bow,Raven Bow,weapon,3,1,,,True,2024-08-28,2024-08,False,False,True
main,887284572,60,9,Character Event,,1298,2024-08-28 11:55:51,harbinger_of_dawn,Harbinger of Dawn,weapon,3,1,,,True,2024-08-28,2024-08,False,False,True
main,887284572,60,9,Character Event,,1299,2024-08-28 11:55:58,black_tassel,Black Tassel,weapon,3,1,,,True,2024-08-28,2024-08,False,False,True
main,887284572,60,9,Character Event,,1300,2024-08-28 11:56:07,magic_guide,Magic Guide,weapon,3,1,,,True,2024-08-28,2024-08,False,False,True
main,887284572,60,9,Character Event,,1301,2024-08-28 11:56:14,bennett,Bennett,character,4,5,1.0,Win,True,2024-08-28,2024-08,False,True,False
main,887284572,60,9,Character Event,,1302,2024-08-28 11:56:23,debate_club,Debate Club,weapon,3,1,,,True,2024-08-28,2024-08,False,False,True
main,887284572,60,9,Character Event,,1303,2024-08-28 11:56:32,harbinger_of_dawn,Harbinger of Dawn,weapon,3,1,,,True,2024-08-28,2024-08,False,False,True
main,887284572,60,9,Character Event,,1304,2024-08-28 11:56:39,sacrificial_fragments,Sacrificial Fragments,weapon,4,3,0.0,Lose,True,2024-08-28,2024-08,False,True,False
main,887284572,60,9,Character Event,,1305,2024-08-29 11:10:47,sharpshooters_oath,Sharpshooter's Oath,weapon,3,1,,,True,2024-08-29,2024-08,False,False,True
main,887284572,60,9,Character Event,,1306,2024-08-29 11:10:55,black_tassel,Black Tassel,weapon,3,1,,,True,2024-08-29,2024-08,False,False,True
main,887284572,60,9,Character Event,,1307,2024-08-29 11:11:06,ferrous_shadow,Ferrous Shadow,weapon,3,1,,,True,2024-08-29,2024-08,False,False,True
main,887284572,60,9,Character Event,,1308,2024-08-29 18:10:09,bennett,Bennett,character,4,4,2.0,Guaranteed,True,2024-08-29,2024-08,False,True,False
main,887284572,60,9,Character Event,,1309,2024-08-29 18:10:36,debate_club,Debate Club,weapon,3,1,,,True,2024-08-29,2024-08,False,False,True
main,887284572,60,9,Character Event,,1310,2024-08-29 19:37:55,thrilling_tales_of_dragon_slayers,Thrilling Tales of Dragon Slayers,weapon,3,1,,,True,2024-08-29,2024-08,False,False,True
main,887284572,60,9,Character Event,,1311,2024-08-29 19:49:27,ferrous_shadow,Ferrous Shadow,weapon,3,1,,,True,2024-08-29,2024-08,False,False,True
main,887284572,60,9,Character Event,,1312,2024-08-30 01:58:56,debate_club,Debate Club,weapon,3,1,,,True,2024-08-30,2024-08,False,False,True
main,887284572,60,9,Character Event,,1313,2024-08-30 01:59:04,black_tassel,Black Tassel,weapon,3,1,,,True,2024-08-30,2024-08,False,False,True
main,887284572,60,9,Character Event,,1314,2024-08-30 02:00:07,skyrider_sword,Skyrider Sword,weapon,3,1,,,True,2024-08-30,2024-08,False,False,True
main,887284572,60,9,Character Event,,1315,2024-08-30 12:54:30,skyrider_sword,Skyrider Sword,weapon,3,1,,,True,2024-08-30,2024-08,False,False,True
main,887284572,60,9,Character Event,,1316,2024-08-30 12:54:58,bennett,Bennett,character,4,8,1.0,Win,True,2024-08-30,2024-08,False,True,False
main,887284572,60,9,Character Event,,1317,2024-08-30 12:55:07,magic_guide,Magic Guide,weapon,3,1,,,True,2024-08-30,2024-08,False,False,True
main,887284572,60,9,Character Event,,1318,2024-08-30 12:55:13,cool_steel,Cool Steel,weapon,3,1,,,True,2024-08-30,2024-08,False,False,True
main,887284572,60,9,Character Event,,1319,2024-08-30 19:15:40,debate_club,Debate Club,weapon,3,1,,,True,2024-08-30,2024-08,False,False,True
main,887284572,60,9,Character Event,,1320,2024-08-30 19:15:49,cool_steel,Cool Steel,weapon,3,1,,,True,2024-08-30,2024-08,False,False,True
main,887284572,60,9,Character Event,,1321,2024-08-31 05:48:10,sharpshooters_oath,Sharpshooter's Oath,weapon,3,1,,,True,2024-08-31,2024-08,False,False,True
main,887284572,60,9,Character Event,,1322,2024-09-01 04:43:50,thrilling_tales_of_dragon_slayers,Thrilling Tales of Dragon Slayers,weapon,3,1,,,True,2024-09-01,2024-09,False,False,True
main,887284572,60,9,Character Event,,1323,2024-09-01 04:43:56,favonius_lance,Favonius Lance,weapon,4,7,0.0,Lose,True,2024-09-01,2024-09,False,True,False
main,887284572,60,9,Character Event,,1324,2024-09-01 04:44:04,raven_bow,Raven Bow,weapon,3,1,,,True,2024-09-01,2024-09,False,False,True
main,887284572,60,9,Character Event,,1325,2024-09-01 04:44:12,skyrider_sword,Skyrider Sword,weapon,3,1,,,True,2024-09-01,2024-09,False,False,True
main,887284572,60,9,Character Event,,1326,2024-09-01 04:44:18,slingshot,Slingshot,weapon,3,1,,,True,2024-09-01,2024-09,False,False,True
main,887284572,60,9,Character Event,,1327,2024-09-01 04:44:26,debate_club,Debate Club,weapon,3,1,,,True,2024-09-01,2024-09,False,False,True
main,887284572,60,9,Character Event,,1328,2024-09-01 04:44:32,magic_guide,Magic Guide,weapon,3,1,,,True,2024-09-01,2024-09,False,False,True
main,887284572,60,9,Character Event,,1329,2024-09-01 04:44:40,sharpshooters_oath,Sharpshooter's Oath,weapon,3,1,,,True,2024-09-01,2024-09,False,False,True
main,887284572,60,9,Character Event,,1330,2024-09-01 04:44:49,emerald_orb,Emerald Orb,weapon,3,1,,,True,2024-09-01,2024-09,False,False,True
main,887284572,60,9,Character Event,,1331,2024-09-01 06:11:29,skyrider_sword,Skyrider Sword,weapon,3,1,,,True,2024-09-01,2024-09,False,False,True
main,887284572,60,9,Character Event,,1332,2024-09-01 06:11:35,kachina,Kachina,character,4,9,2.0,Guaranteed,True,2024-09-01,2024-09,False,True,False
main,887284572,60,9,Character Event,,1333,2024-09-01 06:11:43,diluc,Diluc,character,5,40,0.0,Lose,True,2024-09-01,2024-09,True,False,False
main,887284572,60,9,Character Event,,1334,2024-09-01 06:12:27,thrilling_tales_of_dragon_slayers,Thrilling Tales of Dragon Slayers,weapon,3,1,,,True,2024-09-01,2024-09,False,False,True
main,887284572,60,9,Character Event,,1335,2024-09-01 06:12:33,harbinger_of_dawn,Harbinger of Dawn,weapon,3,1,,,True,2024-09-01,2024-09,False,False,True
main,887284572,60,9,Character Event,,1336,2024-09-01 06:12:40,ferrous_shadow,Ferrous Shadow,weapon,3,1,,,True,2024-09-01,2024-09,False,False,True
main,887284572,60,9,Character Event,,1337,2024-09-01 06:12:46,ferrous_shadow,Ferrous Shadow,weapon,3,1,,,True,2024-09-01,2024-09,False,False,True
main,887284572,60,9,Character Event,,1338,2024-09-01 06:24:01,the_flute,The Flute,weapon,4,6,0.0,Lose,True,2024-09-01,2024-09,False,True,False
main,887284572,60,9,Character Event,,1339,2024-09-01 22:12:26,black_tassel,Black Tassel,weapon,3,1,,,True,2024-09-01,2024-09,False,False,True
main,887284572,60,9,Character Event,,1340,2024-09-01 22:12:33,bloodtainted_greatsword,Bloodtainted Greatsword,weapon,3,1,,,True,2024-09-01,2024-09,False,False,True
main,887284572,60,9,Character Event,,1341,2024-09-01 22:12:39,thrilling_tales_of_dragon_slayers,Thrilling Tales of Dragon Slayers,weapon,3,1,,,True,2024-09-01,2024-09,False,False,True
main,887284572,60,9,Character Event,,1342,2024-09-01 22:13:22,bloodtainted_greatsword,Bloodtainted Greatsword,weapon,3,1,,,True,2024-09-01,2024-09,False,False,True
main,887284572,60,9,Character Event,,1343,2024-09-01 22:13:28,xinyan,Xinyan,character,4,5,2.0,Guaranteed,True,2024-09-01,2024-09,False,True,False
main,887284572,60,9,Character Event,,1344,2024-09-01 22:13:35,debate_club,Debate Club,weapon,3,1,,,True,2024-09-01,2024-09,False,False,True
main,887284572,60,9,Character Event,,1345,2024-09-01 22:13:40,emerald_orb,Emerald Orb,weapon,3,1,,,True,2024-09-01,2024-09,False,False,True
main,887284572,60,9,Character Event,,1346,2024-09-11 05:09:37,debate_club,Debate Club,weapon,3,1,,,True,2024-09-11,2024-09,False,False,True
main,887284572,60,9,Character Event,,1347,2024-09-11 05:09:46,magic_guide,Magic Guide,weapon,3,1,,,True,2024-09-11,2024-09,False,False,True
main,887284572,60,9,Character Event,,1348,2024-09-11 05:09:53,black_tassel,Black Tassel,weapon,3,1,,,True,2024-09-11,2024-09,False,False,True
main,887284572,60,9,Character Event,400,1349,2024-09-17 18:27:17,black_tassel,Black Tassel,weapon,3,1,,,True,2024-09-17,2024-09,False,False,True
main,887284572,60,9,Character Event,400,1350,2024-09-17 18:27:17,slingshot,Slingshot,weapon,3,1,,,True,2024-09-17,2024-09,False,False,True
main,887284572,60,9,Character Event,400,1351,2024-09-17 18:27:17,magic_guide,Magic Guide,weapon,3,1,,,True,2024-09-17,2024-09,False,False,True
main,887284572,60,9,Character Event,400,1352,2024-09-17 18:27:17,bloodtainted_greatsword,Bloodtainted Greatsword,weapon,3,1,,,True,2024-09-17,2024-09,False,False,True
main,887284572,60,9,Character Event,400,1353,2024-09-17 18:27:17,favonius_greatsword,Favonius Greatsword,weapon,4,10,0.0,Lose,True,2024-09-17,2024-09,False,True,False
main,887284572,60,9,Character Event,400,1354,2024-09-17 18:27:17,debate_club,Debate Club,weapon,3,1,,,True,2024-09-17,2024-09,False,False,True
main,887284572,60,9,Character Event,400,1355,2024-09-17 18:27:17,raven_bow,Raven Bow,weapon,3,1,,,True,2024-09-17,2024-09,False,False,True
main,887284572,60,9,Character Event,400,1356,2024-09-17 18:27:17,cool_steel,Cool Steel,weapon,3,1,,,True,2024-09-17,2024-09,False,False,True
main,887284572,60,9,Character Event,400,1357,2024-09-17 18:27:17,emerald_orb,Emerald Orb,weapon,3,1,,,True,2024-09-17,2024-09,False,False,True
main,887284572,60,9,Character Event,400,1358,2024-09-17 18:27:17,sharpshooters_oath,Sharpshooter's Oath,weapon,3,1,,,True,2024-09-17,2024-09,False,False,True
main,887284572,60,9,Character Event,400,1359,2024-09-17 18:27:42,bloodtainted_greatsword,Bloodtainted Greatsword,weapon,3,1,,,True,2024-09-17,2024-09,False,False,True
main,887284572,60,9,Character Event,400,1360,2024-09-17 18:27:42,black_tassel,Black Tassel,weapon,3,1,,,True,2024-09-17,2024-09,False,False,True
main,887284572,60,9,Character Event,400,1361,2024-09-17 18:27:42,skyrider_sword,Skyrider Sword,weapon,3,1,,,True,2024-09-17,2024-09,False,False,True
main,887284572,60,9,Character Event,400,1362,2024-09-17 18:27:42,slingshot,Slingshot,weapon,3,1,,,True,2024-09-17,2024-09,False,False,True
main,887284572,60,9,Character Event,400,1363,2024-09-17 18:27:42,kujou_sara,Kujou Sara,character,4,10,2.0,Guaranteed,True,2024-09-17,2024-09,False,True,False
main,887284572,60,9,Character Event,400,1364,2024-09-17 18:27:42,skyrider_sword,Skyrider Sword,weapon,3,1,,,True,2024-09-17,2024-09,False,False,True
main,887284572,60,9,Character Event,400,1365,2024-09-17 18:27:42,harbinger_of_dawn,Harbinger of Dawn,weapon,3,1,,,True,2024-09-17,2024-09,False,False,True
main,887284572,60,9,Character Event,400,1366,2024-09-17 18:27:42,slingshot,Slingshot,weapon,3,1,,,True,2024-09-17,2024-09,False,False,True
main,887284572,60,9,Character Event,400,1367,2024-09-17 18:27:42,ferrous_shadow,Ferrous Shadow,weapon,3,1,,,True,2024-09-17,2024-09,False,False,True
main,887284572,60,9,Character Event,400,1368,2024-09-17 18:27:42,debate_club,Debate Club,weapon,3,1,,,True,2024-09-17,2024-09,False,False,True
main,887284572,60,9,Character Event,400,1369,2024-09-22 05:21:42,emerald_orb,Emerald Orb,weapon,3,1,,,True,2024-09-22,2024-09,False,False,True
main,887284572,60,9,Character Event,400,1370,2024-09-25 05:15:25,sharpshooters_oath,Sharpshooter's Oath,weapon,3,1,,,True,2024-09-25,2024-09,False,False,True
main,887284572,60,9,Character Event,400,1371,2024-09-26 08:19:25,ferrous_shadow,Ferrous Shadow,weapon,3,1,,,True,2024-09-26,2024-09,False,False,True
main,887284572,60,9,Character Event,400,1372,2024-09-26 23:28:47,skyrider_sword,Skyrider Sword,weapon,3,1,,,True,2024-09-26,2024-09,False,False,True
main,887284572,60,9,Character Event,400,1373,2024-09-26 23:28:56,chevreuse,Chevreuse,character,4,10,1.0,Win,True,2024-09-26,2024-09,False,True,False
main,887284572,60,9,Character Event,400,1374,2024-09-26 23:40:42,sacrificial_sword,Sacrificial Sword,weapon,4,1,0.0,Lose,True,2024-09-26,2024-09,False,True,False
main,887284572,60,9,Character Event,400,1375,2024-09-29 05:05:14,emerald_orb,Emerald Orb,weapon,3,1,,,True,2024-09-29,2024-09,False,False,True
main,887284572,60,9,Character Event,400,1376,2024-09-29 05:51:17,sharpshooters_oath,Sharpshooter's Oath,weapon,3,1,,,True,2024-09-29,2024-09,False,False,True
main,887284572,60,9,Character Event,400,1377,2024-10-04 18:28:42,black_tassel,Black Tassel,weapon,3,1,,,True,2024-10-04,2024-10,False,False,True
main,887284572,60,9,Character Event,400,1378,2024-10-04 18:28:50,skyrider_sword,Skyrider Sword,weapon,3,1,,,True,2024-10-04,2024-10,False,False,True
main,887284572,60,9,Character Event,400,1379,2024-10-07 22:17:56,thrilling_tales_of_dragon_slayers,Thrilling Tales of Dragon Slayers,weapon,3,1,,,True,2024-10-07,2024-10,False,False,True
main,887284572,60,9,Character Event,400,1380,2024-10-07 22:18:03,debate_club,Debate Club,weapon,3,1,,,True,2024-10-07,2024-10,False,False,True
main,887284572,60,9,Character Event,400,1381,2024-10-07 22:18:10,bloodtainted_greatsword,Bloodtainted Greatsword,weapon,3,1,,,True,2024-10-07,2024-10,False,False,True
main,887284572,60,9,Character Event,400,1382,2024-10-07 22:18:16,thrilling_tales_of_dragon_slayers,Thrilling Tales of Dragon Slayers,weapon,3,1,,,True,2024-10-07,2024-10,False,False,True
main,887284572,60,9,Character Event,400,1383,2024-10-07 22:18:23,thoma,Thoma,character,4,9,2.0,Guaranteed,True,2024-10-07,2024-10,False,True,False
main,887284572,60,9,Character Event,,1384,2024-10-09 10:11:14,raven_bow,Raven Bow,weapon,3,1,,,True,2024-10-09,2024-10,False,False,True
main,887284572,60,9,Character Event,,1385,2024-10-09 10:11:14,emerald_orb,Emerald Orb,weapon,3,1,,,True,2024-10-09,2024-10,False,False,True
main,887284572,60,9,Character Event,,1386,2024-10-09 10:11:14,black_tassel,Black Tassel,weapon,3,1,,,True,2024-10-09,2024-10,False,False,True
main,887284572,60,9,Character Event,,1387,2024-10-09 10:11:14,harbinger_of_dawn,Harbinger of Dawn,weapon,3,1,,,True,2024-10-09,2024-10,False,False,True
main,887284572,60,9,Character Event,,1388,2024-10-09 10:11:14,emerald_orb,Emerald Orb,weapon,3,1,,,True,2024-10-09,2024-10,False,False,True
main,887284572,60,9,Character Event,,1389,2024-10-09 10:11:14,magic_guide,Magic Guide,weapon,3,1,,,True,2024-10-09,2024-10,False,False,True
main,887284572,60,9,Character Event,,1390,2024-10-09 10:11:14,sharpshooters_oath,Sharpshooter's Oath,weapon,3,1,,,True,2024-10-09,2024-10,False,False,True
main,887284572,60,9,Character Event,,1391,2024-10-09 10:11:14,skyrider_sword,Skyrider Sword,weapon,3,1,,,True,2024-10-09,2024-10,False,False,True
main,887284572,60,9,Character Event,,1392,2024-10-09 10:11:14,dori,Dori,character,4,9,1.0,Win,True,2024-10-09,2024-10,False,True,False
main,887284572,60,9,Character Event,,1393,2024-10-09 10:11:14,sharpshooters_oath,Sharpshooter's Oath,weapon,3,1,,,True,2024-10-09,2024-10,False,False,True
main,887284572,60,9,Character Event,,1394,2024-10-09 10:11:35,sharpshooters_oath,Sharpshooter's Oath,weapon,3,1,,,True,2024-10-09,2024-10,False,False,True
main,887284572,60,9,Character Event,,1395,2024-10-09 10:11:42,black_tassel,Black Tassel,weapon,3,1,,,True,2024-10-09,2024-10,False,False,True
main,887284572,60,9,Character Event,,1396,2024-10-09 10:11:49,black_tassel,Black Tassel,weapon,3,1,,,True,2024-10-09,2024-10,False,False,True
main,887284572,60,9,Character Event,,1397,2024-10-09 10:11:57,harbinger_of_dawn,Harbinger of Dawn,weapon,3,1,,,True,2024-10-09,2024-10,False,False,True
main,887284572,60,9,Character Event,,1398,2024-10-09 10:12:04,bloodtainted_greatsword,Bloodtainted Greatsword,weapon,3,1,,,True,2024-10-09,2024-10,False,False,True
main,887284572,60,9,Character Event,,1399,2024-10-09 10:12:11,slingshot,Slingshot,weapon,3,1,,,True,2024-10-09,2024-10,False,False,True
main,887284572,60,9,Character Event,,1400,2024-10-09 10:12:17,skyrider_sword,Skyrider Sword,weapon,3,1,,,True,2024-10-09,2024-10,False,False,True
main,887284572,60,9,Character Event,,1401,2024-10-09 10:18:13,thrilling_tales_of_dragon_slayers,Thrilling Tales of Dragon Slayers,weapon,3,1,,,True,2024-10-09,2024-10,False,False,True
main,887284572,60,9,Character Event,,1402,2024-10-09 10:18:28,collei,Collei,character,4,10,1.0,Win,True,2024-10-09,2024-10,False,True,False
main,887284572,60,9,Character Event,,1403,2024-10-09 20:15:20,ferrous_shadow,Ferrous Shadow,weapon,3,1,,,True,2024-10-09,2024-10,False,False,True
main,887284572,60,9,Character Event,,1404,2024-10-10 05:06:18,bloodtainted_greatsword,Bloodtainted Greatsword,weapon,3,1,,,True,2024-10-10,2024-10,False,False,True
main,887284572,60,9,Character Event,,1405,2024-10-10 11:28:33,thrilling_tales_of_dragon_slayers,Thrilling Tales of Dragon Slayers,weapon,3,1,,,True,2024-10-10,2024-10,False,False,True
main,887284572,60,9,Character Event,,1406,2024-10-10 15:13:13,bloodtainted_greatsword,Bloodtainted Greatsword,weapon,3,1,,,True,2024-10-10,2024-10,False,False,True
main,887284572,60,9,Character Event,,1407,2024-10-10 15:13:25,slingshot,Slingshot,weapon,3,1,,,True,2024-10-10,2024-10,False,False,True
main,887284572,60,9,Character Event,,1408,2024-10-10 15:13:32,xilonen,Xilonen,character,5,75,2.0,Guaranteed,True,2024-10-10,2024-10,True,False,False
main,887284572,60,9,Character Event,400,1409,2024-10-10 15:13:47,debate_club,Debate Club,weapon,3,1,,,True,2024-10-10,2024-10,False,False,True
main,887284572,60,9,Character Event,400,1410,2024-10-10 20:28:14,black_tassel,Black Tassel,weapon,3,1,,,True,2024-10-10,2024-10,False,False,True
main,887284572,60,9,Character Event,400,1411,2024-10-11 07:59:39,favonius_codex,Favonius Codex,weapon,4,9,0.0,Lose,True,2024-10-11,2024-10,False,True,False
main,887284572,60,9,Character Event,400,1412,2024-10-12 07:31:59,sharpshooters_oath,Sharpshooter's Oath,weapon,3,1,,,True,2024-10-12,2024-10,False,False,True
main,887284572,60,9,Character Event,400,1413,2024-10-12 20:32:04,bloodtainted_greatsword,Bloodtainted Greatsword,weapon,3,1,,,True,2024-10-12,2024-10,False,False,True
main,887284572,60,9,Character Event,400,1414,2024-10-13 08:11:30,skyrider_sword,Skyrider Sword,weapon,3,1,,,True,2024-10-13,2024-10,False,False,True
main,887284572,60,9,Character Event,400,1415,2024-10-14 07:37:41,cool_steel,Cool Steel,weapon,3,1,,,True,2024-10-14,2024-10,False,False,True
main,887284572,60,9,Character Event,400,1416,2024-10-15 10:07:56,thrilling_tales_of_dragon_slayers,Thrilling Tales of Dragon Slayers,weapon,3,1,,,True,2024-10-15,2024-10,False,False,True
main,887284572,60,9,Character Event,400,1417,2024-10-16 09:20:46,debate_club,Debate Club,weapon,3,1,,,True,2024-10-16,2024-10,False,False,True
main,887284572,60,9,Character Event,400,1418,2024-10-16 09:20:54,bloodtainted_greatsword,Bloodtainted Greatsword,weapon,3,1,,,True,2024-10-16,2024-10,False,False,True
main,887284572,60,9,Character Event,400,1419,2024-10-16 09:21:29,sharpshooters_oath,Sharpshooter's Oath,weapon,3,1,,,True,2024-10-16,2024-10,False,False,True
main,887284572,60,9,Character Event,400,1420,2024-10-16 09:21:35,collei,Collei,character,4,9,2.0,Guaranteed,True,2024-10-16,2024-10,False,True,False
main,887284572,60,9,Character Event,400,1421,2024-10-16 09:21:44,slingshot,Slingshot,weapon,3,1,,,True,2024-10-16,2024-10,False,False,True
main,887284572,60,9,Character Event,400,1422,2024-10-16 09:21:57,slingshot,Slingshot,weapon,3,1,,,True,2024-10-16,2024-10,False,False,True
main,887284572,60,9,Character Event,400,1423,2024-10-16 12:00:40,bloodtainted_greatsword,Bloodtainted Greatsword,weapon,3,1,,,True,2024-10-16,2024-10,False,False,True
main,887284572,60,9,Character Event,400,1424,2024-10-16 12:13:08,sharpshooters_oath,Sharpshooter's Oath,weapon,3,1,,,True,2024-10-16,2024-10,False,False,True
main,887284572,60,9,Character Event,400,1425,2024-10-17 07:43:06,magic_guide,Magic Guide,weapon,3,1,,,True,2024-10-17,2024-10,False,False,True
main,887284572,60,9,Character Event,400,1426,2024-10-18 08:37:16,thrilling_tales_of_dragon_slayers,Thrilling Tales of Dragon Slayers,weapon,3,1,,,True,2024-10-18,2024-10,False,False,True
main,887284572,60,9,Character Event,400,1427,2024-10-19 18:44:07,skyrider_sword,Skyrider Sword,weapon,3,1,,,True,2024-10-19,2024-10,False,False,True
main,887284572,60,9,Character Event,400,1428,2024-10-19 18:44:15,magic_guide,Magic Guide,weapon,3,1,,,True,2024-10-19,2024-10,False,False,True
main,887284572,60,9,Character Event,400,1429,2024-10-19 18:44:24,collei,Collei,character,4,9,1.0,Win,True,2024-10-19,2024-10,False,True,False
main,887284572,60,9,Character Event,400,1430,2024-10-19 18:46:09,sharpshooters_oath,Sharpshooter's Oath,weapon,3,1,,,True,2024-10-19,2024-10,False,False,True
main,887284572,60,9,Character Event,400,1431,2024-10-20 08:18:53,black_tassel,Black Tassel,weapon,3,1,,,True,2024-10-20,2024-10,False,False,True
main,887284572,60,9,Character Event,400,1432,2024-10-21 08:39:32,thrilling_tales_of_dragon_slayers,Thrilling Tales of Dragon Slayers,weapon,3,1,,,True,2024-10-21,2024-10,False,False,True
main,887284572,60,9,Character Event,400,1433,2024-10-22 07:53:13,skyrider_sword,Skyrider Sword,weapon,3,1,,,True,2024-10-22,2024-10,False,False,True
main,887284572,60,9,Character Event,400,1434,2024-10-23 04:53:08,emerald_orb,Emerald Orb,weapon,3,1,,,True,2024-10-23,2024-10,False,False,True
main,887284572,60,9,Character Event,,1435,2024-11-17 04:18:36,sharpshooters_oath,Sharpshooter's Oath,weapon,3,1,,,True,2024-11-17,2024-11,False,False,True
main,887284572,60,9,Character Event,,1436,2024-11-18 05:48:51,slingshot,Slingshot,weapon,3,1,,,True,2024-11-18,2024-11,False,False,True
main,887284572,60,9,Character Event,400,1437,2024-11-19 04:35:36,cool_steel,Cool Steel,weapon,3,1,,,True,2024-11-19,2024-11,False,False,True
main,887284572,60,9,Character Event,,1438,2024-11-20 12:43:23,black_tassel,Black Tassel,weapon,3,1,,,True,2024-11-20,2024-11,False,False,True
main,887284572,60,9,Character Event,,1439,2024-11-20 12:43:32,barbara,Barbara,character,4,10,1.0,Win,True,2024-11-20,2024-11,False,True,False
main,887284572,60,9,Character Event,,1440,2024-11-20 12:43:41,skyrider_sword,Skyrider Sword,weapon,3,1,,,True,2024-11-20,2024-11,False,False,True
main,887284572,60,9,Character Event,,1441,2024-11-20 12:43:49,emerald_orb,Emerald Orb,weapon,3,1,,,True,2024-11-20,2024-11,False,False,True
main,887284572,60,9,Character Event,,1442,2024-11-20 12:43:57,black_tassel,Black Tassel,weapon,3,1,,,True,2024-11-20,2024-11,False,False,True
main,887284572,60,9,Character Event,,1443,2024-11-20 12:44:12,emerald_orb,Emerald Orb,weapon,3,1,,,True,2024-11-20,2024-11,False,False,True
main,887284572,60,9,Character Event,,1444,2024-11-20 15:16:20,ferrous_shadow,Ferrous Shadow,weapon,3,1,,,True,2024-11-20,2024-11,False,False,True
main,887284572,60,9,Character Event,,1445,2024-11-21 01:30:18,bloodtainted_greatsword,Bloodtainted Greatsword,weapon,3,1,,,True,2024-11-21,2024-11,False,False,True
main,887284572,60,9,Character Event,,1446,2024-11-21 03:00:27,skyrider_sword,Skyrider Sword,weapon,3,1,,,True,2024-11-21,2024-11,False,False,True
main,887284572,60,9,Character Event,,1447,2024-11-21 03:40:08,bloodtainted_greatsword,Bloodtainted Greatsword,weapon,3,1,,,True,2024-11-21,2024-11,False,False,True
main,887284572,60,9,Character Event,,1448,2024-11-21 03:40:18,ororon,Ororon,character,4,9,1.0,Win,True,2024-11-21,2024-11,False,True,False
main,887284572,60,9,Character Event,,1449,2024-11-21 03:42:33,skyrider_sword,Skyrider Sword,weapon,3,1,,,True,2024-11-21,2024-11,False,False,True
main,887284572,60,9,Character Event,,1450,2024-11-21 04:02:50,slingshot,Slingshot,weapon,3,1,,,True,2024-11-21,2024-11,False,False,True
main,887284572,60,9,Character Event,,1451,2024-11-21 04:56:59,sharpshooters_oath,Sharpshooter's Oath,weapon,3,1,,,True,2024-11-21,2024-11,False,False,True
main,887284572,60,9,Character Event,,1452,2024-11-22 04:36:22,emerald_orb,Emerald Orb,weapon,3,1,,,True,2024-11-22,2024-11,False,False,True
main,887284572,60,9,Character Event,,1453,2024-11-22 04:36:31,sharpshooters_oath,Sharpshooter's Oath,weapon,3,1,,,True,2024-11-22,2024-11,False,False,True
main,887284572,60,9,Character Event,,1454,2024-11-22 08:19:08,emerald_orb,Emerald Orb,weapon,3,1,,,True,2024-11-22,2024-11,False,False,True
main,887284572,60,9,Character Event,,1455,2024-11-22 08:56:33,sharpshooters_oath,Sharpshooter's Oath,weapon,3,1,,,True,2024-11-22,2024-11,False,False,True
main,887284572,60,9,Character Event,,1456,2024-11-23 04:38:28,debate_club,Debate Club,weapon,3,1,,,True,2024-11-23,2024-11,False,False,True
main,887284572,60,9,Character Event,,1457,2024-11-23 07:42:10,bloodtainted_greatsword,Bloodtainted Greatsword,weapon,3,1,,,True,2024-11-23,2024-11,False,False,True
main,887284572,60,9,Character Event,,1458,2024-11-24 04:55:16,favonius_greatsword,Favonius Greatsword,weapon,4,10,0.0,Lose,True,2024-11-24,2024-11,False,True,False
main,887284572,60,9,Character Event,,1459,2024-11-24 04:55:26,raven_bow,Raven Bow,weapon,3,1,,,True,2024-11-24,2024-11,False,False,True
main,887284572,60,9,Character Event,,1460,2024-11-24 05:52:55,emerald_orb,Emerald Orb,weapon,3,1,,,True,2024-11-24,2024-11,False,False,True
main,887284572,60,9,Character Event,,1461,2024-11-24 10:45:13,emerald_orb,Emerald Orb,weapon,3,1,,,True,2024-11-24,2024-11,False,False,True
main,887284572,60,9,Character Event,,1462,2024-11-24 22:33:21,black_tassel,Black Tassel,weapon,3,1,,,True,2024-11-24,2024-11,False,False,True
main,887284572,60,9,Character Event,301,1463,2024-11-25 08:22:10,sharpshooters_oath,Sharpshooter's Oath,weapon,3,1,,,,2024-11-25,2024-11,False,False,True
main,887284572,60,9,Character Event,301,1464,2024-11-25 10:28:22,magic_guide,Magic Guide,weapon,3,1,,,,2024-11-25,2024-11,False,False,True
main,887284572,60,9,Character Event,301,1465,2024-11-26 04:34:54,skyrider_sword,Skyrider Sword,weapon,3,1,,,,2024-11-26,2024-11,False,False,True
main,887284572,60,9,Character Event,301,1466,2024-11-27 05:33:51,slingshot,Slingshot,weapon,3,1,,,,2024-11-27,2024-11,False,False,True
main,887284572,60,9,Character Event,301,1467,2024-11-27 05:33:59,barbara,Barbara,character,4,9,2.0,Guaranteed,,2024-11-27,2024-11,False,True,False
main,887284572,60,9,Character Event,301,1468,2024-11-27 05:34:06,sharpshooters_oath,Sharpshooter's Oath,weapon,3,1,,,,2024-11-27,2024-11,False,False,True
main,887284572,60,9,Character Event,301,1469,2024-11-27 05:34:21,skyrider_sword,Skyrider Sword,weapon,3,1,,,,2024-11-27,2024-11,False,False,True
main,887284572,60,9,Character Event,301,1470,2024-12-07 08:31:17,raven_bow,Raven Bow,weapon,3,1,,,,2024-12-07,2024-12,False,False,True
main,887284572,60,9,Character Event,301,1471,2024-12-07 08:31:26,slingshot,Slingshot,weapon,3,1,,,,2024-12-07,2024-12,False,False,True
main,887284572,60,9,Character Event,301,1472,2024-12-07 09:48:56,black_tassel,Black Tassel,weapon,3,1,,,,2024-12-07,2024-12,False,False,True
main,887284572,60,9,Character Event,301,1473,2024-12-07 09:49:03,sharpshooters_oath,Sharpshooter's Oath,weapon,3,1,,,,2024-12-07,2024-12,False,False,True
main,887284572,60,9,Character Event,301,1474,2024-12-08 05:59:28,emerald_orb,Emerald Orb,weapon,3,1,,,,2024-12-08,2024-12,False,False,True
main,887284572,60,9,Character Event,301,1475,2024-12-08 05:59:35,bloodtainted_greatsword,Bloodtainted Greatsword,weapon,3,1,,,,2024-12-08,2024-12,False,False,True
main,887284572,60,9,Character Event,301,1476,2024-12-08 05:59:42,sacrificial_fragments,Sacrificial Fragments,weapon,4,9,0.0,Lose,,2024-12-08,2024-12,False,True,False
main,887284572,60,9,Character Event,301,1477,2024-12-08 05:59:52,raven_bow,Raven Bow,weapon,3,1,,,,2024-12-08,2024-12,False,False,True
main,887284572,60,9,Character Event,301,1478,2024-12-08 05:59:58,bloodtainted_greatsword,Bloodtainted Greatsword,weapon,3,1,,,,2024-12-08,2024-12,False,False,True
main,887284572,60,9,Character Event,400,1479,2024-12-10 19:40:19,sharpshooters_oath,Sharpshooter's Oath,weapon,3,1,,,,2024-12-10,2024-12,False,False,True
main,887284572,60,9,Character Event,400,1480,2024-12-10 19:40:19,sharpshooters_oath,Sharpshooter's Oath,weapon,3,1,,,,2024-12-10,2024-12,False,False,True
main,887284572,60,9,Character Event,400,1481,2024-12-10 19:40:19,magic_guide,Magic Guide,weapon,3,1,,,,2024-12-10,2024-12,False,False,True
main,887284572,60,9,Character Event,400,1482,2024-12-10 19:40:19,emerald_orb,Emerald Orb,weapon,3,1,,,,2024-12-10,2024-12,False,False,True
main,887284572,60,9,Character Event,400,1483,2024-12-10 19:40:19,debate_club,Debate Club,weapon,3,1,,,,2024-12-10,2024-12,False,False,True
main,887284572,60,9,Character Event,400,1484,2024-12-10 19:40:19,bloodtainted_greatsword,Bloodtainted Greatsword,weapon,3,1,,,,2024-12-10,2024-12,False,False,True
main,887284572,60,9,Character Event,400,1485,2024-12-10 19:40:19,jean,Jean,character,5,77,0.0,Lose,,2024-12-10,2024-12,True,False,False
main,887284572,60,9,Character Event,400,1486,2024-12-10 19:40:19,shikanoin_heizou,Shikanoin Heizou,character,4,10,2.0,Guaranteed,,2024-12-10,2024-12,False,True,False
main,887284572,60,9,Character Event,400,1487,2024-12-10 19:40:19,ferrous_shadow,Ferrous Shadow,weapon,3,1,,,,2024-12-10,2024-12,False,False,True
main,887284572,60,9,Character Event,400,1488,2024-12-10 19:40:19,cool_steel,Cool Steel,weapon,3,1,,,,2024-12-10,2024-12,False,False,True
main,887284572,60,9,Character Event,400,1489,2024-12-10 19:40:47,thrilling_tales_of_dragon_slayers,Thrilling Tales of Dragon Slayers,weapon,3,1,,,,2024-12-10,2024-12,False,False,True
main,887284572,60,9,Character Event,400,1490,2024-12-10 19:40:47,emerald_orb,Emerald Orb,weapon,3,1,,,,2024-12-10,2024-12,False,False,True
main,887284572,60,9,Character Event,400,1491,2024-12-10 19:40:47,skyrider_sword,Skyrider Sword,weapon,3,1,,,,2024-12-10,2024-12,False,False,True
main,887284572,60,9,Character Event,400,1492,2024-12-10 19:40:47,cool_steel,Cool Steel,weapon,3,1,,,,2024-12-10,2024-12,False,False,True
main,887284572,60,9,Character Event,400,1493,2024-12-10 19:40:47,raven_bow,Raven Bow,weapon,3,1,,,,2024-12-10,2024-12,False,False,True
main,887284572,60,9,Character Event,400,1494,2024-12-10 19:40:47,cool_steel,Cool Steel,weapon,3,1,,,,2024-12-10,2024-12,False,False,True
main,887284572,60,9,Character Event,400,1495,2024-12-10 19:40:47,shikanoin_heizou,Shikanoin Heizou,character,4,9,1.0,Win,,2024-12-10,2024-12,False,True,False
main,887284572,60,9,Character Event,400,1496,2024-12-10 19:40:47,cool_steel,Cool Steel,weapon,3,1,,,,2024-12-10,2024-12,False,False,True
main,887284572,60,9,Character Event,400,1497,2024-12-10 19:40:47,skyrider_sword,Skyrider Sword,weapon,3,1,,,,2024-12-10,2024-12,False,False,True
main,887284572,60,9,Character Event,400,1498,2024-12-10 19:40:47,emerald_orb,Emerald Orb,weapon,3,1,,,,2024-12-10,2024-12,False,False,True
main,887284572,60,9,Character Event,400,1499,2024-12-10 19:40:59,emerald_orb,Emerald Orb,weapon,3,1,,,,2024-12-10,2024-12,False,False,True
main,887284572,60,9,Character Event,400,1500,2024-12-10 19:40:59,emerald_orb,Emerald Orb,weapon,3,1,,,,2024-12-10,2024-12,False,False,True
main,887284572,60,9,Character Event,400,1501,2024-12-10 19:40:59,emerald_orb,Emerald Orb,weapon,3,1,,,,2024-12-10,2024-12,False,False,True
main,887284572,60,9,Character Event,400,1502,2024-12-10 19:40:59,eye_of_perception,Eye of Perception,weapon,4,7,0.0,Lose,,2024-12-10,2024-12,False,True,False
main,887284572,60,9,Character Event,400,1503,2024-12-10 19:40:59,shikanoin_heizou,Shikanoin Heizou,character,4,1,2.0,Guaranteed,,2024-12-10,2024-12,False,True,False
main,887284572,60,9,Character Event,400,1504,2024-12-10 19:40:59,sharpshooters_oath,Sharpshooter's Oath,weapon,3,1,,,,2024-12-10,2024-12,False,False,True
main,887284572,60,9,Character Event,400,1505,2024-12-10 19:40:59,debate_club,Debate Club,weapon,3,1,,,,2024-12-10,2024-12,False,False,True
main,887284572,60,9,Character Event,400,1506,2024-12-10 19:40:59,thrilling_tales_of_dragon_slayers,Thrilling Tales of Dragon Slayers,weapon,3,1,,,,2024-12-10,2024-12,False,False,True
main,887284572,60,9,Character Event,400,1507,2024-12-10 19:40:59,bloodtainted_greatsword,Bloodtainted Greatsword,weapon,3,1,,,,2024-12-10,2024-12,False,False,True
main,887284572,60,9,Character Event,400,1508,2024-12-10 19:40:59,skyrider_sword,Skyrider Sword,weapon,3,1,,,,2024-12-10,2024-12,False,False,True
main,887284572,60,9,Character Event,400,1509,2024-12-10 19:41:13,skyrider_sword,Skyrider Sword,weapon,3,1,,,,2024-12-10,2024-12,False,False,True
main,887284572,60,9,Character Event,400,1510,2024-12-10 19:41:13,slingshot,Slingshot,weapon,3,1,,,,2024-12-10,2024-12,False,False,True
main,887284572,60,9,Character Event,400,1511,2024-12-10 19:41:13,harbinger_of_dawn,Harbinger of Dawn,weapon,3,1,,,,2024-12-10,2024-12,False,False,True
main,887284572,60,9,Character Event,400,1512,2024-12-10 19:41:13,yaoyao,Yaoyao,character,4,9,1.0,Win,,2024-12-10,2024-12,False,True,False
main,887284572,60,9,Character Event,400,1513,2024-12-10 19:41:13,bloodtainted_greatsword,Bloodtainted Greatsword,weapon,3,1,,,,2024-12-10,2024-12,False,False,True
main,887284572,60,9,Character Event,400,1514,2024-12-10 19:41:13,sharpshooters_oath,Sharpshooter's Oath,weapon,3,1,,,,2024-12-10,2024-12,False,False,True
main,887284572,60,9,Character Event,400,1515,2024-12-10 19:41:13,ferrous_shadow,Ferrous Shadow,weapon,3,1,,,,2024-12-10,2024-12,False,False,True
main,887284572,60,9,Character Event,400,1516,2024-12-10 19:41:13,harbinger_of_dawn,Harbinger of Dawn,weapon,3,1,,,,2024-12-10,2024-12,False,False,True
main,887284572,60,9,Character Event,400,1517,2024-12-10 19:41:13,skyrider_sword,Skyrider Sword,weapon,3,1,,,,2024-12-10,2024-12,False,False,True
main,887284572,60,9,Character Event,400,1518,2024-12-10 19:41:13,slingshot,Slingshot,weapon,3,1,,,,2024-12-10,2024-12,False,False,True
main,887284572,60,9,Character Event,400,1519,2024-12-10 19:41:35,thrilling_tales_of_dragon_slayers,Thrilling Tales of Dragon Slayers,weapon,3,1,,,,2024-12-10,2024-12,False,False,True
main,887284572,60,9,Character Event,400,1520,2024-12-10 19:41:40,thrilling_tales_of_dragon_slayers,Thrilling Tales of Dragon Slayers,weapon,3,1,,,,2024-12-10,2024-12,False,False,True
main,887284572,60,9,Character Event,400,1521,2024-12-10 19:41:47,thrilling_tales_of_dragon_slayers,Thrilling Tales of Dragon Slayers,weapon,3,1,,,,2024-12-10,2024-12,False,False,True
main,887284572,60,9,Character Event,400,1522,2024-12-10 19:41:52,charlotte,Charlotte,character,4,10,0.0,Lose,,2024-12-10,2024-12,False,True,False
main,887284572,60,9,Character Event,400,1523,2024-12-10 19:42:00,ferrous_shadow,Ferrous Shadow,weapon,3,1,,,,2024-12-10,2024-12,False,False,True
main,887284572,60,9,Character Event,400,1524,2024-12-10 19:42:05,cool_steel,Cool Steel,weapon,3,1,,,,2024-12-10,2024-12,False,False,True
main,887284572,60,9,Character Event,400,1525,2024-12-10 19:42:10,black_tassel,Black Tassel,weapon,3,1,,,,2024-12-10,2024-12,False,False,True
main,887284572,60,9,Character Event,400,1526,2024-12-10 19:42:17,bloodtainted_greatsword,Bloodtainted Greatsword,weapon,3,1,,,,2024-12-10,2024-12,False,False,True
main,887284572,60,9,Character Event,400,1527,2024-12-10 19:43:32,slingshot,Slingshot,weapon,3,1,,,,2024-12-10,2024-12,False,False,True
main,887284572,60,9,Character Event,400,1528,2024-12-10 19:43:38,cool_steel,Cool Steel,weapon,3,1,,,,2024-12-10,2024-12,False,False,True
main,887284572,60,9,Character Event,400,1529,2024-12-10 19:43:44,sharpshooters_oath,Sharpshooter's Oath,weapon,3,1,,,,2024-12-10,2024-12,False,False,True
main,887284572,60,9,Character Event,400,1530,2024-12-10 19:43:49,slingshot,Slingshot,weapon,3,1,,,,2024-12-10,2024-12,False,False,True
main,887284572,60,9,Character Event,400,1531,2024-12-10 19:43:55,fischl,Fischl,character,4,9,2.0,Guaranteed,,2024-12-10,2024-12,False,True,False
main,887284572,60,9,Character Event,400,1532,2024-12-10 19:44:12,slingshot,Slingshot,weapon,3,1,,,,2024-12-10,2024-12,False,False,True
main,887284572,60,9,Character Event,400,1533,2024-12-10 21:32:16,black_tassel,Black Tassel,weapon,3,1,,,,2024-12-10,2024-12,False,False,True
main,887284572,60,9,Character Event,400,1534,2024-12-11 07:28:43,cool_steel,Cool Steel,weapon,3,1,,,,2024-12-11,2024-12,False,False,True
main,887284572,60,9,Character Event,400,1535,2024-12-12 07:52:45,black_tassel,Black Tassel,weapon,3,1,,,,2024-12-12,2024-12,False,False,True
main,887284572,60,9,Character Event,400,1536,2024-12-13 06:08:38,slingshot,Slingshot,weapon,3,1,,,,2024-12-13,2024-12,False,False,True
main,887284572,60,9,Character Event,400,1537,2024-12-13 06:08:45,black_tassel,Black Tassel,weapon,3,1,,,,2024-12-13,2024-12,False,False,True
main,887284572,60,9,Character Event,400,1538,2024-12-14 07:08:24,cool_steel,Cool Steel,weapon,3,1,,,,2024-12-14,2024-12,False,False,True
main,887284572,60,9,Character Event,400,1539,2024-12-14 07:08:34,thrilling_tales_of_dragon_slayers,Thrilling Tales of Dragon Slayers,weapon,3,1,,,,2024-12-14,2024-12,False,False,True
main,887284572,60,9,Character Event,400,1540,2024-12-15 07:29:05,the_bell,The Bell,weapon,4,9,0.0,Lose,,2024-12-15,2024-12,False,True,False
main,887284572,60,9,Character Event,400,1541,2024-12-16 09:12:57,debate_club,Debate Club,weapon,3,1,,,,2024-12-16,2024-12,False,False,True
main,887284572,60,9,Character Event,400,1542,2024-12-16 09:13:05,black_tassel,Black Tassel,weapon,3,1,,,,2024-12-16,2024-12,False,False,True
main,887284572,60,9,Character Event,400,1543,2024-12-16 09:13:11,bloodtainted_greatsword,Bloodtainted Greatsword,weapon,3,1,,,,2024-12-16,2024-12,False,False,True
main,887284572,60,9,Character Event,400,1544,2024-12-16 09:13:18,skyrider_sword,Skyrider Sword,weapon,3,1,,,,2024-12-16,2024-12,False,False,True
main,887284572,60,9,Character Event,400,1545,2024-12-16 09:13:37,raven_bow,Raven Bow,weapon,3,1,,,,2024-12-16,2024-12,False,False,True
main,887284572,60,9,Character Event,400,1546,2024-12-16 09:14:29,debate_club,Debate Club,weapon,3,1,,,,2024-12-16,2024-12,False,False,True
main,887284572,60,9,Character Event,400,1547,2024-12-17 08:21:11,thrilling_tales_of_dragon_slayers,Thrilling Tales of Dragon Slayers,weapon,3,1,,,,2024-12-17,2024-12,False,False,True
main,887284572,60,9,Character Event,400,1548,2024-12-17 08:21:19,bloodtainted_greatsword,Bloodtainted Greatsword,weapon,3,1,,,,2024-12-17,2024-12,False,False,True
main,887284572,60,9,Character Event,400,1549,2024-12-18 07:30:02,shikanoin_heizou,Shikanoin Heizou,character,4,9,2.0,Guaranteed,,2024-12-18,2024-12,False,True,False
main,887284572,60,9,Character Event,400,1550,2024-12-18 07:30:25,raven_bow,Raven Bow,weapon,3,1,,,,2024-12-18,2024-12,False,False,True
main,887284572,60,9,Character Event,301,1551,2025-01-01 11:38:12,cool_steel,Cool Steel,weapon,3,1,,,,2025-01-01,2025-01,False,False,True
main,887284572,60,9,Character Event,301,1552,2025-01-01 11:38:12,magic_guide,Magic Guide,weapon,3,1,,,,2025-01-01,2025-01,False,False,True
main,887284572,60,9,Character Event,301,1553,2025-01-01 11:38:12,ferrous_shadow,Ferrous Shadow,weapon,3,1,,,,2025-01-01,2025-01,False,False,True
main,887284572,60,9,Character Event,301,1554,2025-01-01 11:38:12,thrilling_tales_of_dragon_slayers,Thrilling Tales of Dragon Slayers,weapon,3,1,,,,2025-01-01,2025-01,False,False,True
main,887284572,60,9,Character Event,301,1555,2025-01-01 11:38:12,skyrider_sword,Skyrider Sword,weapon,3,1,,,,2025-01-01,2025-01,False,False,True
main,887284572,60,9,Character Event,301,1556,2025-01-01 11:38:12,skyrider_sword,Skyrider Sword,weapon,3,1,,,,2025-01-01,2025-01,False,False,True
main,887284572,60,9,Character Event,301,1557,2025-01-01 11:38:12,bloodtainted_greatsword,Bloodtainted Greatsword,weapon,3,1,,,,2025-01-01,2025-01,False,False,True
main,887284572,60,9,Character Event,301,1558,2025-01-01 11:38:12,bennett,Bennett,character,4,9,1.0,Win,,2025-01-01,2025-01,False,True,False
main,887284572,60,9,Character Event,301,1559,2025-01-01 11:38:12,ferrous_shadow,Ferrous Shadow,weapon,3,1,,,,2025-01-01,2025-01,False,False,True
main,887284572,60,9,Character Event,301,1560,2025-01-01 11:38:12,cool_steel,Cool Steel,weapon,3,1,,,,2025-01-01,2025-01,False,False,True
main,887284572,60,9,Character Event,301,1561,2025-01-01 11:38:30,magic_guide,Magic Guide,weapon,3,1,,,,2025-01-01,2025-01,False,False,True
main,887284572,60,9,Character Event,301,1562,2025-01-01 11:38:36,mavuika,Mavuika,character,5,77,2.0,Guaranteed,,2025-01-01,2025-01,True,False,False
main,887284572,60,9,Character Event,400,1563,2025-01-01 11:38:55,kachina,Kachina,character,4,5,1.0,Win,,2025-01-01,2025-01,False,True,False
main,887284572,60,9,Character Event,400,1564,2025-01-01 11:38:55,cool_steel,Cool Steel,weapon,3,1,,,,2025-01-01,2025-01,False,False,True
main,887284572,60,9,Character Event,400,1565,2025-01-01 11:38:55,black_tassel,Black Tassel,weapon,3,1,,,,2025-01-01,2025-01,False,False,True
main,887284572,60,9,Character Event,400,1566,2025-01-01 11:38:55,bloodtainted_greatsword,Bloodtainted Greatsword,weapon,3,1,,,,2025-01-01,2025-01,False,False,True
main,887284572,60,9,Character Event,400,1567,2025-01-01 11:38:55,magic_guide,Magic Guide,weapon,3,1,,,,2025-01-01,2025-01,False,False,True
main,887284572,60,9,Character Event,400,1568,2025-01-01 11:38:55,slingshot,Slingshot,weapon,3,1,,,,2025-01-01,2025-01,False,False,True
main,887284572,60,9,Character Event,400,1569,2025-01-01 11:38:55,debate_club,Debate Club,weapon,3,1,,,,2025-01-01,2025-01,False,False,True
main,887284572,60,9,Character Event,400,1570,2025-01-01 11:38:55,emerald_orb,Emerald Orb,weapon,3,1,,,,2025-01-01,2025-01,False,False,True
main,887284572,60,9,Character Event,400,1571,2025-01-01 11:38:55,ferrous_shadow,Ferrous Shadow,weapon,3,1,,,,2025-01-01,2025-01,False,False,True
main,887284572,60,9,Character Event,400,1572,2025-01-01 11:38:55,sharpshooters_oath,Sharpshooter's Oath,weapon,3,1,,,,2025-01-01,2025-01,False,False,True
main,887284572,60,9,Character Event,400,1573,2025-01-01 11:39:05,kachina,Kachina,character,4,10,1.0,Win,,2025-01-01,2025-01,False,True,False
main,887284572,60,9,Character Event,400,1574,2025-01-01 11:39:05,sharpshooters_oath,Sharpshooter's Oath,weapon,3,1,,,,2025-01-01,2025-01,False,False,True
main,887284572,60,9,Character Event,400,1575,2025-01-01 11:39:05,sharpshooters_oath,Sharpshooter's Oath,weapon,3,1,,,,2025-01-01,2025-01,False,False,True
main,887284572,60,9,Character Event,400,1576,2025-01-01 11:39:05,sharpshooters_oath,Sharpshooter's Oath,weapon,3,1,,,,2025-01-01,2025-01,False,False,True
main,887284572,60,9,Character Event,400,1577,2025-01-01 11:39:05,bloodtainted_greatsword,Bloodtainted Greatsword,weapon,3,1,,,,2025-01-01,2025-01,False,False,True
main,887284572,60,9,Character Event,400,1578,2025-01-01 11:39:05,harbinger_of_dawn,Harbinger of Dawn,weapon,3,1,,,,2025-01-01,2025-01,False,False,True
main,887284572,60,9,Character Event,400,1579,2025-01-01 11:39:05,kachina,Kachina,character,4,6,1.0,Win,,2025-01-01,2025-01,False,True,False
main,887284572,60,9,Character Event,400,1580,2025-01-01 11:39:05,the_flute,The Flute,weapon,4,1,0.0,Lose,,2025-01-01,2025-01,False,True,False
main,887284572,60,9,Character Event,400,1581,2025-01-01 11:39:05,ferrous_shadow,Ferrous Shadow,weapon,3,1,,,,2025-01-01,2025-01,False,False,True
main,887284572,60,9,Character Event,400,1582,2025-01-01 11:39:05,bloodtainted_greatsword,Bloodtainted Greatsword,weapon,3,1,,,,2025-01-01,2025-01,False,False,True
main,887284572,60,9,Character Event,400,1583,2025-01-01 11:39:30,cool_steel,Cool Steel,weapon,3,1,,,,2025-01-01,2025-01,False,False,True
main,887284572,60,9,Character Event,400,1584,2025-01-01 11:39:36,debate_club,Debate Club,weapon,3,1,,,,2025-01-01,2025-01,False,False,True
main,887284572,60,9,Character Event,400,1585,2025-01-01 11:39:43,ferrous_shadow,Ferrous Shadow,weapon,3,1,,,,2025-01-01,2025-01,False,False,True
main,887284572,60,9,Character Event,400,1586,2025-01-01 13:23:47,magic_guide,Magic Guide,weapon,3,1,,,,2025-01-01,2025-01,False,False,True
main,887284572,60,9,Character Event,400,1587,2025-01-01 21:26:46,harbinger_of_dawn,Harbinger of Dawn,weapon,3,1,,,,2025-01-01,2025-01,False,False,True
main,887284572,60,9,Character Event,400,1588,2025-01-02 04:53:34,cool_steel,Cool Steel,weapon,3,1,,,,2025-01-02,2025-01,False,False,True
main,887284572,60,9,Character Event,400,1589,2025-01-02 05:22:56,bennett,Bennett,character,4,9,2.0,Guaranteed,,2025-01-02,2025-01,False,True,False
main,887284572,60,9,Character Event,400,1590,2025-01-02 05:23:04,ferrous_shadow,Ferrous Shadow,weapon,3,1,,,,2025-01-02,2025-01,False,False,True
main,887284572,60,9,Character Event,400,1591,2025-01-02 05:23:18,slingshot,Slingshot,weapon,3,1,,,,2025-01-02,2025-01,False,False,True
main,887284572,60,9,Character Event,400,1592,2025-01-02 05:28:41,black_tassel,Black Tassel,weapon,3,1,,,,2025-01-02,2025-01,False,False,True
main,887284572,60,9,Character Event,400,1593,2025-01-02 05:28:49,harbinger_of_dawn,Harbinger of Dawn,weapon,3,1,,,,2025-01-02,2025-01,False,False,True
main,887284572,60,9,Character Event,400,1594,2025-01-02 05:28:56,emerald_orb,Emerald Orb,weapon,3,1,,,,2025-01-02,2025-01,False,False,True
main,887284572,60,9,Character Event,400,1595,2025-01-02 16:48:57,thrilling_tales_of_dragon_slayers,Thrilling Tales of Dragon Slayers,weapon,3,1,,,,2025-01-02,2025-01,False,False,True
main,887284572,60,9,Character Event,400,1596,2025-01-02 22:52:44,raven_bow,Raven Bow,weapon,3,1,,,,2025-01-02,2025-01,False,False,True
main,887284572,60,9,Character Event,400,1597,2025-01-03 17:58:54,cool_steel,Cool Steel,weapon,3,1,,,,2025-01-03,2025-01,False,False,True
main,887284572,60,9,Character Event,400,1598,2025-01-04 04:46:20,kachina,Kachina,character,4,9,1.0,Win,,2025-01-04,2025-01,False,True,False
main,887284572,60,9,Character Event,400,1599,2025-01-04 04:47:06,sacrificial_sword,Sacrificial Sword,weapon,4,1,0.0,Lose,,2025-01-04,2025-01,False,True,False
main,887284572,60,9,Character Event,400,1600,2025-01-04 04:47:20,emerald_orb,Emerald Orb,weapon,3,1,,,,2025-01-04,2025-01,False,False,True
main,887284572,60,9,Character Event,400,1601,2025-01-04 04:47:33,raven_bow,Raven Bow,weapon,3,1,,,,2025-01-04,2025-01,False,False,True
main,887284572,60,9,Character Event,400,1602,2025-01-05 05:07:49,slingshot,Slingshot,weapon,3,1,,,,2025-01-05,2025-01,False,False,True
main,887284572,60,9,Character Event,400,1603,2025-01-06 08:13:16,thrilling_tales_of_dragon_slayers,Thrilling Tales of Dragon Slayers,weapon,3,1,,,,2025-01-06,2025-01,False,False,True
main,887284572,60,9,Character Event,400,1604,2025-01-06 08:13:23,raven_bow,Raven Bow,weapon,3,1,,,,2025-01-06,2025-01,False,False,True
main,887284572,60,9,Character Event,400,1605,2025-01-06 09:15:01,thrilling_tales_of_dragon_slayers,Thrilling Tales of Dragon Slayers,weapon,3,1,,,,2025-01-06,2025-01,False,False,True
main,887284572,60,9,Character Event,400,1606,2025-01-06 09:15:09,harbinger_of_dawn,Harbinger of Dawn,weapon,3,1,,,,2025-01-06,2025-01,False,False,True
main,887284572,60,9,Character Event,400,1607,2025-01-07 04:55:26,debate_club,Debate Club,weapon,3,1,,,,2025-01-07,2025-01,False,False,True
main,887284572,60,9,Character Event,400,1608,2025-01-07 04:55:34,emerald_orb,Emerald Orb,weapon,3,1,,,,2025-01-07,2025-01,False,False,True
main,887284572,60,9,Character Event,400,1609,2025-01-08 07:02:35,bennett,Bennett,character,4,10,2.0,Guaranteed,,2025-01-08,2025-01,False,True,False
main,887284572,60,9,Character Event,400,1610,2025-01-08 07:02:52,emerald_orb,Emerald Orb,weapon,3,1,,,,2025-01-08,2025-01,False,False,True
main,887284572,60,9,Character Event,400,1611,2025-01-09 06:21:13,sharpshooters_oath,Sharpshooter's Oath,weapon,3,1,,,,2025-01-09,2025-01,False,False,True
main,887284572,60,9,Character Event,400,1612,2025-01-13 03:37:41,bloodtainted_greatsword,Bloodtainted Greatsword,weapon,3,1,,,,2025-01-13,2025-01,False,False,True
main,887284572,60,9,Character Event,400,1613,2025-01-13 03:37:50,emerald_orb,Emerald Orb,weapon,3,1,,,,2025-01-13,2025-01,False,False,True
main,887284572,60,9,Character Event,400,1614,2025-01-13 03:37:56,ferrous_shadow,Ferrous Shadow,weapon,3,1,,,,2025-01-13,2025-01,False,False,True
main,887284572,60,9,Character Event,400,1615,2025-01-13 03:38:01,harbinger_of_dawn,Harbinger of Dawn,weapon,3,1,,,,2025-01-13,2025-01,False,False,True
main,887284572,60,9,Character Event,400,1616,2025-01-13 04:17:42,thrilling_tales_of_dragon_slayers,Thrilling Tales of Dragon Slayers,weapon,3,1,,,,2025-01-13,2025-01,False,False,True
main,887284572,60,9,Character Event,400,1617,2025-01-13 04:17:51,black_tassel,Black Tassel,weapon,3,1,,,,2025-01-13,2025-01,False,False,True
main,887284572,60,9,Character Event,400,1618,2025-01-13 16:33:26,bennett,Bennett,character,4,9,1.0,Win,,2025-01-13,2025-01,False,True,False
main,887284572,60,9,Character Event,400,1619,2025-01-13 16:33:45,bloodtainted_greatsword,Bloodtainted Greatsword,weapon,3,1,,,,2025-01-13,2025-01,False,False,True
main,887284572,60,9,Character Event,400,1620,2025-01-14 16:44:53,magic_guide,Magic Guide,weapon,3,1,,,,2025-01-14,2025-01,False,False,True
main,887284572,60,9,Character Event,400,1621,2025-01-14 16:45:04,harbinger_of_dawn,Harbinger of Dawn,weapon,3,1,,,,2025-01-14,2025-01,False,False,True
main,887284572,60,9,Character Event,400,1622,2025-01-15 19:59:43,black_tassel,Black Tassel,weapon,3,1,,,,2025-01-15,2025-01,False,False,True
main,887284572,60,9,Character Event,400,1623,2025-01-16 16:44:55,skyrider_sword,Skyrider Sword,weapon,3,1,,,,2025-01-16,2025-01,False,False,True
main,887284572,60,9,Character Event,400,1624,2025-01-16 16:45:03,black_tassel,Black Tassel,weapon,3,1,,,,2025-01-16,2025-01,False,False,True
main,887284572,60,9,Character Event,400,1625,2025-01-16 16:45:09,kachina,Kachina,character,4,7,1.0,Win,,2025-01-16,2025-01,False,True,False
main,887284572,60,9,Character Event,400,1626,2025-01-16 16:45:15,cool_steel,Cool Steel,weapon,3,1,,,,2025-01-16,2025-01,False,False,True
main,887284572,60,9,Character Event,400,1627,2025-01-16 16:45:35,debate_club,Debate Club,weapon,3,1,,,,2025-01-16,2025-01,False,False,True
main,887284572,60,9,Character Event,400,1628,2025-01-16 17:08:27,skyrider_sword,Skyrider Sword,weapon,3,1,,,,2025-01-16,2025-01,False,False,True
main,887284572,60,9,Character Event,400,1629,2025-01-16 17:08:37,skyrider_sword,Skyrider Sword,weapon,3,1,,,,2025-01-16,2025-01,False,False,True
main,887284572,60,9,Character Event,400,1630,2025-01-16 17:09:03,cool_steel,Cool Steel,weapon,3,1,,,,2025-01-16,2025-01,False,False,True
main,887284572,60,9,Character Event,400,1631,2025-01-17 09:49:25,skyrider_sword,Skyrider Sword,weapon,3,1,,,,2025-01-17,2025-01,False,False,True
main,887284572,60,9,Character Event,400,1632,2025-01-17 09:49:32,emerald_orb,Emerald Orb,weapon,3,1,,,,2025-01-17,2025-01,False,False,True
main,887284572,60,9,Character Event,400,1633,2025-01-18 05:55:51,raven_bow,Raven Bow,weapon,3,1,,,,2025-01-18,2025-01,False,False,True
main,887284572,60,9,Character Event,400,1634,2025-01-19 06:39:40,bennett,Bennett,character,4,9,1.0,Win,,2025-01-19,2025-01,False,True,False
main,887284572,60,9,Character Event,400,1635,2025-01-19 06:39:55,sharpshooters_oath,Sharpshooter's Oath,weapon,3,1,,,,2025-01-19,2025-01,False,False,True
main,887284572,60,9,Character Event,400,1636,2025-01-20 05:07:12,citlali,Citlali,character,5,74,1.0,Win,,2025-01-20,2025-01,True,False,False
main,887284572,60,9,Character Event,400,1637,2025-01-20 05:07:39,bloodtainted_greatsword,Bloodtainted Greatsword,weapon,3,1,,,,2025-01-20,2025-01,False,False,True
main,887284572,60,9,Character Event,301,1638,2025-01-22 05:43:50,black_tassel,Black Tassel,weapon,3,1,,,,2025-01-22,2025-01,False,False,True
main,887284572,60,9,Character Event,301,1639,2025-01-22 05:44:59,lan_yan,Lan Yan,character,4,5,1.0,Win,,2025-01-22,2025-01,False,True,False
main,887284572,60,9,Character Event,301,1640,2025-01-23 07:01:37,sharpshooters_oath,Sharpshooter's Oath,weapon,3,1,,,,2025-01-23,2025-01,False,False,True
main,887284572,60,9,Character Event,301,1641,2025-01-24 05:46:07,slingshot,Slingshot,weapon,3,1,,,,2025-01-24,2025-01,False,False,True
main,887284572,60,9,Character Event,301,1642,2025-01-24 05:46:14,lan_yan,Lan Yan,character,4,3,1.0,Win,,2025-01-24,2025-01,False,True,False
main,887284572,60,9,Character Event,301,1643,2025-01-24 05:46:25,skyrider_sword,Skyrider Sword,weapon,3,1,,,,2025-01-24,2025-01,False,False,True
main,887284572,60,9,Character Event,301,1644,2025-01-24 05:47:04,bloodtainted_greatsword,Bloodtainted Greatsword,weapon,3,1,,,,2025-01-24,2025-01,False,False,True
main,887284572,60,9,Character Event,301,1645,2025-01-24 20:30:45,sharpshooters_oath,Sharpshooter's Oath,weapon,3,1,,,,2025-01-24,2025-01,False,False,True
main,887284572,60,9,Character Event,301,1646,2025-01-24 20:30:56,sharpshooters_oath,Sharpshooter's Oath,weapon,3,1,,,,2025-01-24,2025-01,False,False,True
main,887284572,60,9,Character Event,301,1647,2025-01-25 07:08:09,bloodtainted_greatsword,Bloodtainted Greatsword,weapon,3,1,,,,2025-01-25,2025-01,False,False,True
main,887284572,60,9,Character Event,301,1648,2025-01-26 05:50:55,thrilling_tales_of_dragon_slayers,Thrilling Tales of Dragon Slayers,weapon,3,1,,,,2025-01-26,2025-01,False,False,True
main,887284572,60,9,Character Event,301,1649,2025-01-26 05:51:03,harbinger_of_dawn,Harbinger of Dawn,weapon,3,1,,,,2025-01-26,2025-01,False,False,True
main,887284572,60,9,Character Event,301,1650,2025-01-26 06:18:00,slingshot,Slingshot,weapon,3,1,,,,2025-01-26,2025-01,False,False,True
main,887284572,60,9,Character Event,301,1651,2025-01-26 07:59:00,lan_yan,Lan Yan,character,4,9,1.0,Win,,2025-01-26,2025-01,False,True,False
main,887284572,60,9,Character Event,301,1652,2025-01-26 08:27:13,magic_guide,Magic Guide,weapon,3,1,,,,2025-01-26,2025-01,False,False,True
main,887284572,60,9,Character Event,301,1653,2025-01-26 10:07:54,sharpshooters_oath,Sharpshooter's Oath,weapon,3,1,,,,2025-01-26,2025-01,False,False,True
main,887284572,60,9,Character Event,301,1654,2025-01-26 10:15:47,raven_bow,Raven Bow,weapon,3,1,,,,2025-01-26,2025-01,False,False,True
main,887284572,60,9,Character Event,301,1655,2025-01-27 06:06:14,chevreuse,Chevreuse,character,4,4,1.0,Win,,2025-01-27,2025-01,False,True,False
main,887284572,60,9,Character Event,301,1656,2025-01-27 06:06:50,debate_club,Debate Club,weapon,3,1,,,,2025-01-27,2025-01,False,False,True
main,887284572,60,9,Character Event,301,1657,2025-01-28 07:16:44,raven_bow,Raven Bow,weapon,3,1,,,,2025-01-28,2025-01,False,False,True
main,887284572,60,9,Character Event,301,1658,2025-01-28 07:16:53,sharpshooters_oath,Sharpshooter's Oath,weapon,3,1,,,,2025-01-28,2025-01,False,False,True
main,887284572,60,9,Character Event,301,1659,2025-01-28 07:16:58,the_bell,The Bell,weapon,4,4,0.0,Lose,,2025-01-28,2025-01,False,True,False
main,887284572,60,9,Character Event,301,1660,2025-01-28 07:17:05,magic_guide,Magic Guide,weapon,3,1,,,,2025-01-28,2025-01,False,False,True
main,887284572,60,9,Character Event,301,1661,2025-01-28 07:17:11,raven_bow,Raven Bow,weapon,3,1,,,,2025-01-28,2025-01,False,False,True
main,887284572,60,9,Character Event,301,1662,2025-01-28 07:17:19,raven_bow,Raven Bow,weapon,3,1,,,,2025-01-28,2025-01,False,False,True
main,887284572,60,9,Character Event,301,1663,2025-01-28 07:17:28,emerald_orb,Emerald Orb,weapon,3,1,,,,2025-01-28,2025-01,False,False,True
main,887284572,60,9,Character Event,301,1664,2025-01-28 07:28:04,bloodtainted_greatsword,Bloodtainted Greatsword,weapon,3,1,,,,2025-01-28,2025-01,False,False,True
main,887284572,60,9,Character Event,301,1665,2025-01-29 05:14:32,black_tassel,Black Tassel,weapon,3,1,,,,2025-01-29,2025-01,False,False,True
main,887284572,60,9,Character Event,301,1666,2025-01-30 05:26:59,magic_guide,Magic Guide,weapon,3,1,,,,2025-01-30,2025-01,False,False,True
main,887284572,60,9,Character Event,301,1667,2025-01-31 06:59:17,debate_club,Debate Club,weapon,3,1,,,,2025-01-31,2025-01,False,False,True
main,887284572,60,9,Character Event,301,1668,2025-02-01 07:40:41,lan_yan,Lan Yan,character,4,9,2.0,Guaranteed,,2025-02-01,2025-02,False,True,False
main,887284572,60,9,Character Event,301,1669,2025-02-01 07:40:51,slingshot,Slingshot,weapon,3,1,,,,2025-02-01,2025-02,False,False,True
main,887284572,60,9,Character Event,301,1670,2025-02-01 07:40:57,harbinger_of_dawn,Harbinger of Dawn,weapon,3,1,,,,2025-02-01,2025-02,False,False,True
main,887284572,60,9,Character Event,301,1671,2025-02-01 07:41:03,thrilling_tales_of_dragon_slayers,Thrilling Tales of Dragon Slayers,weapon,3,1,,,,2025-02-01,2025-02,False,False,True
main,887284572,60,9,Character Event,301,1672,2025-02-01 07:41:09,cool_steel,Cool Steel,weapon,3,1,,,,2025-02-01,2025-02,False,False,True
main,887284572,60,9,Character Event,301,1673,2025-02-01 07:41:18,raven_bow,Raven Bow,weapon,3,1,,,,2025-02-01,2025-02,False,False,True
main,887284572,60,9,Character Event,301,1674,2025-02-01 07:41:26,ferrous_shadow,Ferrous Shadow,weapon,3,1,,,,2025-02-01,2025-02,False,False,True
main,887284572,60,9,Character Event,301,1675,2025-02-01 07:41:32,black_tassel,Black Tassel,weapon,3,1,,,,2025-02-01,2025-02,False,False,True
main,887284572,60,9,Character Event,301,1676,2025-02-01 22:18:51,sharpshooters_oath,Sharpshooter's Oath,weapon,3,1,,,,2025-02-01,2025-02,False,False,True
main,887284572,60,9,Character Event,301,1677,2025-02-01 22:19:00,lan_yan,Lan Yan,character,4,9,1.0,Win,,2025-02-01,2025-02,False,True,False
main,887284572,60,9,Character Event,301,1678,2025-02-01 22:19:10,thrilling_tales_of_dragon_slayers,Thrilling Tales of Dragon Slayers,weapon,3,1,,,,2025-02-01,2025-02,False,False,True
main,887284572,60,9,Character Event,301,1679,2025-02-01 22:19:16,magic_guide,Magic Guide,weapon,3,1,,,,2025-02-01,2025-02,False,False,True
main,887284572,60,9,Character Event,301,1680,2025-02-01 22:19:26,black_tassel,Black Tassel,weapon,3,1,,,,2025-02-01,2025-02,False,False,True
main,887284572,60,9,Character Event,301,1681,2025-02-01 22:19:47,sharpshooters_oath,Sharpshooter's Oath,weapon,3,1,,,,2025-02-01,2025-02,False,False,True
main,887284572,60,9,Character Event,301,1682,2025-02-02 00:02:50,cool_steel,Cool Steel,weapon,3,1,,,,2025-02-02,2025-02,False,False,True
main,887284572,60,9,Character Event,301,1683,2025-02-02 00:02:59,bloodtainted_greatsword,Bloodtainted Greatsword,weapon,3,1,,,,2025-02-02,2025-02,False,False,True
main,887284572,60,9,Character Event,301,1684,2025-02-02 09:14:32,cool_steel,Cool Steel,weapon,3,1,,,,2025-02-02,2025-02,False,False,True
main,887284572,60,9,Character Event,301,1685,2025-02-03 07:36:43,harbinger_of_dawn,Harbinger of Dawn,weapon,3,1,,,,2025-02-03,2025-02,False,False,True
main,887284572,60,9,Character Event,301,1686,2025-02-03 07:36:51,ferrous_shadow,Ferrous Shadow,weapon,3,1,,,,2025-02-03,2025-02,False,False,True
main,887284572,60,9,Character Event,301,1687,2025-02-03 08:43:17,the_bell,The Bell,weapon,4,10,0.0,Lose,,2025-02-03,2025-02,False,True,False
main,887284572,60,9,Character Event,301,1688,2025-02-03 08:44:02,cool_steel,Cool Steel,weapon,3,1,,,,2025-02-03,2025-02,False,False,True
main,887284572,60,9,Character Event,301,1689,2025-02-03 08:44:14,ferrous_shadow,Ferrous Shadow,weapon,3,1,,,,2025-02-03,2025-02,False,False,True
main,887284572,60,9,Character Event,301,1690,2025-02-03 08:44:23,ferrous_shadow,Ferrous Shadow,weapon,3,1,,,,2025-02-03,2025-02,False,False,True
main,887284572,60,9,Character Event,301,1691,2025-02-03 08:44:32,slingshot,Slingshot,weapon,3,1,,,,2025-02-03,2025-02,False,False,True
main,887284572,60,9,Character Event,301,1692,2025-02-04 07:29:19,black_tassel,Black Tassel,weapon,3,1,,,,2025-02-04,2025-02,False,False,True
main,887284572,60,9,Character Event,301,1693,2025-02-04 07:29:28,cool_steel,Cool Steel,weapon,3,1,,,,2025-02-04,2025-02,False,False,True
main,887284572,60,9,Character Event,301,1694,2025-02-04 07:29:42,qiqi,Qiqi,character,5,58,0.0,Lose,,2025-02-04,2025-02,True,False,False
main,887284572,60,9,Character Event,301,1695,2025-02-04 07:30:17,magic_guide,Magic Guide,weapon,3,1,,,,2025-02-04,2025-02,False,False,True
main,887284572,60,9,Character Event,301,1696,2025-02-04 07:30:23,rosaria,Rosaria,character,4,9,2.0,Guaranteed,,2025-02-04,2025-02,False,True,False
main,887284572,60,9,Character Event,301,1697,2025-02-04 07:30:40,bloodtainted_greatsword,Bloodtainted Greatsword,weapon,3,1,,,,2025-02-04,2025-02,False,False,True
main,887284572,60,9,Character Event,301,1698,2025-02-05 00:02:00,thrilling_tales_of_dragon_slayers,Thrilling Tales of Dragon Slayers,weapon,3,1,,,,2025-02-05,2025-02,False,False,True
main,887284572,60,9,Character Event,301,1699,2025-02-05 00:02:13,emerald_orb,Emerald Orb,weapon,3,1,,,,2025-02-05,2025-02,False,False,True
main,887284572,60,9,Character Event,301,1700,2025-02-05 00:02:26,black_tassel,Black Tassel,weapon,3,1,,,,2025-02-05,2025-02,False,False,True
main,887284572,60,9,Character Event,301,1701,2025-02-05 08:02:43,bloodtainted_greatsword,Bloodtainted Greatsword,weapon,3,1,,,,2025-02-05,2025-02,False,False,True
main,887284572,60,9,Character Event,301,1702,2025-02-06 07:54:46,harbinger_of_dawn,Harbinger of Dawn,weapon,3,1,,,,2025-02-06,2025-02,False,False,True
main,887284572,60,9,Character Event,301,1703,2025-02-08 07:01:09,ferrous_shadow,Ferrous Shadow,weapon,3,1,,,,2025-02-08,2025-02,False,False,True
main,887284572,60,9,Character Event,301,1704,2025-02-08 20:09:39,slingshot,Slingshot,weapon,3,1,,,,2025-02-08,2025-02,False,False,True
main,887284572,60,9,Character Event,301,1705,2025-02-09 05:12:22,chevreuse,Chevreuse,character,4,9,1.0,Win,,2025-02-09,2025-02,False,True,False
main,887284572,60,9,Character Event,301,1706,2025-02-10 07:05:40,slingshot,Slingshot,weapon,3,1,,,,2025-02-10,2025-02,False,False,True
main,887284572,60,9,Character Event,301,1707,2025-02-11 06:48:56,skyrider_sword,Skyrider Sword,weapon,3,1,,,,2025-02-11,2025-02,False,False,True
main,887284572,60,9,Character Event,301,1708,2025-03-04 19:59:34,ferrous_shadow,Ferrous Shadow,weapon,3,1,,,,2025-03-04,2025-03,False,False,True
main,887284572,60,9,Character Event,301,1709,2025-03-04 19:59:34,black_tassel,Black Tassel,weapon,3,1,,,,2025-03-04,2025-03,False,False,True
main,887284572,60,9,Character Event,301,1710,2025-03-04 19:59:34,harbinger_of_dawn,Harbinger of Dawn,weapon,3,1,,,,2025-03-04,2025-03,False,False,True
main,887284572,60,9,Character Event,301,1711,2025-03-04 19:59:34,cool_steel,Cool Steel,weapon,3,1,,,,2025-03-04,2025-03,False,False,True
main,887284572,60,9,Character Event,301,1712,2025-03-04 19:59:34,black_tassel,Black Tassel,weapon,3,1,,,,2025-03-04,2025-03,False,False,True
main,887284572,60,9,Character Event,301,1713,2025-03-04 19:59:34,debate_club,Debate Club,weapon,3,1,,,,2025-03-04,2025-03,False,False,True
main,887284572,60,9,Character Event,301,1714,2025-03-04 19:59:34,ferrous_shadow,Ferrous Shadow,weapon,3,1,,,,2025-03-04,2025-03,False,False,True
main,887284572,60,9,Character Event,301,1715,2025-03-04 19:59:34,sacrificial_sword,Sacrificial Sword,weapon,4,10,0.0,Lose,,2025-03-04,2025-03,False,True,False
main,887284572,60,9,Character Event,301,1716,2025-03-04 19:59:34,debate_club,Debate Club,weapon,3,1,,,,2025-03-04,2025-03,False,False,True
main,887284572,60,9,Character Event,301,1717,2025-03-04 19:59:34,black_tassel,Black Tassel,weapon,3,1,,,,2025-03-04,2025-03,False,False,True
main,887284572,60,9,Character Event,301,1718,2025-03-04 20:10:46,harbinger_of_dawn,Harbinger of Dawn,weapon,3,1,,,,2025-03-04,2025-03,False,False,True
main,887284572,60,9,Character Event,301,1719,2025-03-04 20:10:46,debate_club,Debate Club,weapon,3,1,,,,2025-03-04,2025-03,False,False,True
main,887284572,60,9,Character Event,301,1720,2025-03-04 20:10:46,raven_bow,Raven Bow,weapon,3,1,,,,2025-03-04,2025-03,False,False,True
main,887284572,60,9,Character Event,301,1721,2025-03-04 20:10:46,black_tassel,Black Tassel,weapon,3,1,,,,2025-03-04,2025-03,False,False,True
main,887284572,60,9,Character Event,301,1722,2025-03-04 20:10:46,magic_guide,Magic Guide,weapon,3,1,,,,2025-03-04,2025-03,False,False,True
main,887284572,60,9,Character Event,301,1723,2025-03-04 20:10:46,cool_steel,Cool Steel,weapon,3,1,,,,2025-03-04,2025-03,False,False,True
main,887284572,60,9,Character Event,301,1724,2025-03-04 20:10:46,mika,Mika,character,4,9,2.0,Guaranteed,,2025-03-04,2025-03,False,True,False
main,887284572,60,9,Character Event,301,1725,2025-03-04 20:10:46,ferrous_shadow,Ferrous Shadow,weapon,3,1,,,,2025-03-04,2025-03,False,False,True
main,887284572,60,9,Character Event,301,1726,2025-03-04 20:10:46,cool_steel,Cool Steel,weapon,3,1,,,,2025-03-04,2025-03,False,False,True
main,887284572,60,9,Character Event,301,1727,2025-03-04 20:10:46,slingshot,Slingshot,weapon,3,1,,,,2025-03-04,2025-03,False,False,True
main,887284572,60,9,Character Event,301,1728,2025-03-04 20:11:32,skyrider_sword,Skyrider Sword,weapon,3,1,,,,2025-03-04,2025-03,False,False,True
main,887284572,60,9,Character Event,301,1729,2025-03-04 20:11:32,raven_bow,Raven Bow,weapon,3,1,,,,2025-03-04,2025-03,False,False,True
main,887284572,60,9,Character Event,301,1730,2025-03-04 20:11:32,magic_guide,Magic Guide,weapon,3,1,,,,2025-03-04,2025-03,False,False,True
main,887284572,60,9,Character Event,301,1731,2025-03-04 20:11:32,magic_guide,Magic Guide,weapon,3,1,,,,2025-03-04,2025-03,False,False,True
main,887284572,60,9,Character Event,301,1732,2025-03-04 20:11:32,mika,Mika,character,4,8,1.0,Win,,2025-03-04,2025-03,False,True,False
main,887284572,60,9,Character Event,301,1733,2025-03-04 20:11:32,harbinger_of_dawn,Harbinger of Dawn,weapon,3,1,,,,2025-03-04,2025-03,False,False,True
main,887284572,60,9,Character Event,301,1734,2025-03-04 20:11:32,skyrider_sword,Skyrider Sword,weapon,3,1,,,,2025-03-04,2025-03,False,False,True
main,887284572,60,9,Character Event,301,1735,2025-03-04 20:11:32,bloodtainted_greatsword,Bloodtainted Greatsword,weapon,3,1,,,,2025-03-04,2025-03,False,False,True
main,887284572,60,9,Character Event,301,1736,2025-03-04 20:11:32,black_tassel,Black Tassel,weapon,3,1,,,,2025-03-04,2025-03,False,False,True
main,887284572,60,9,Character Event,301,1737,2025-03-04 20:11:32,magic_guide,Magic Guide,weapon,3,1,,,,2025-03-04,2025-03,False,False,True
main,887284572,60,9,Character Event,301,1738,2025-03-04 21:55:34,ferrous_shadow,Ferrous Shadow,weapon,3,1,,,,2025-03-04,2025-03,False,False,True
main,887284572,60,9,Character Event,301,1739,2025-03-04 21:55:42,harbinger_of_dawn,Harbinger of Dawn,weapon,3,1,,,,2025-03-04,2025-03,False,False,True
main,887284572,60,9,Character Event,301,1740,2025-03-04 22:00:25,harbinger_of_dawn,Harbinger of Dawn,weapon,3,1,,,,2025-03-04,2025-03,False,False,True
main,887284572,60,9,Character Event,301,1741,2025-03-04 22:00:25,magic_guide,Magic Guide,weapon,3,1,,,,2025-03-04,2025-03,False,False,True
main,887284572,60,9,Character Event,301,1742,2025-03-04 22:00:25,the_bell,The Bell,weapon,4,10,0.0,Lose,,2025-03-04,2025-03,False,True,False
main,887284572,60,9,Character Event,301,1743,2025-03-04 22:00:25,emerald_orb,Emerald Orb,weapon,3,1,,,,2025-03-04,2025-03,False,False,True
main,887284572,60,9,Character Event,301,1744,2025-03-04 22:00:25,black_tassel,Black Tassel,weapon,3,1,,,,2025-03-04,2025-03,False,False,True
main,887284572,60,9,Character Event,301,1745,2025-03-04 22:00:25,harbinger_of_dawn,Harbinger of Dawn,weapon,3,1,,,,2025-03-04,2025-03,False,False,True
main,887284572,60,9,Character Event,301,1746,2025-03-04 22:00:25,sharpshooters_oath,Sharpshooter's Oath,weapon,3,1,,,,2025-03-04,2025-03,False,False,True
main,887284572,60,9,Character Event,301,1747,2025-03-04 22:00:25,harbinger_of_dawn,Harbinger of Dawn,weapon,3,1,,,,2025-03-04,2025-03,False,False,True
main,887284572,60,9,Character Event,301,1748,2025-03-04 22:00:25,thrilling_tales_of_dragon_slayers,Thrilling Tales of Dragon Slayers,weapon,3,1,,,,2025-03-04,2025-03,False,False,True
main,887284572,60,9,Character Event,301,1749,2025-03-04 22:00:25,ferrous_shadow,Ferrous Shadow,weapon,3,1,,,,2025-03-04,2025-03,False,False,True
main,887284572,60,9,Character Event,301,1750,2025-03-05 01:55:08,skyrider_sword,Skyrider Sword,weapon,3,1,,,,2025-03-05,2025-03,False,False,True
main,887284572,60,9,Character Event,301,1751,2025-03-05 01:55:08,chongyun,Chongyun,character,4,9,2.0,Guaranteed,,2025-03-05,2025-03,False,True,False
main,887284572,60,9,Character Event,301,1752,2025-03-05 01:55:08,emerald_orb,Emerald Orb,weapon,3,1,,,,2025-03-05,2025-03,False,False,True
main,887284572,60,9,Character Event,301,1753,2025-03-05 01:55:08,debate_club,Debate Club,weapon,3,1,,,,2025-03-05,2025-03,False,False,True
main,887284572,60,9,Character Event,301,1754,2025-03-05 01:55:08,magic_guide,Magic Guide,weapon,3,1,,,,2025-03-05,2025-03,False,False,True
main,887284572,60,9,Character Event,301,1755,2025-03-05 01:55:08,skyrider_sword,Skyrider Sword,weapon,3,1,,,,2025-03-05,2025-03,False,False,True
main,887284572,60,9,Character Event,301,1756,2025-03-05 01:55:08,ferrous_shadow,Ferrous Shadow,weapon,3,1,,,,2025-03-05,2025-03,False,False,True
main,887284572,60,9,Character Event,301,1757,2025-03-05 01:55:08,emerald_orb,Emerald Orb,weapon,3,1,,,,2025-03-05,2025-03,False,False,True
main,887284572,60,9,Character Event,301,1758,2025-03-05 01:55:08,slingshot,Slingshot,weapon,3,1,,,,2025-03-05,2025-03,False,False,True
main,887284572,60,9,Character Event,301,1759,2025-03-05 01:55:08,raven_bow,Raven Bow,weapon,3,1,,,,2025-03-05,2025-03,False,False,True
main,887284572,60,9,Character Event,301,1760,2025-03-05 01:55:53,the_stringless,The Stringless,weapon,4,9,0.0,Lose,,2025-03-05,2025-03,False,True,False
main,887284572,60,9,Character Event,301,1761,2025-03-05 01:57:38,bloodtainted_greatsword,Bloodtainted Greatsword,weapon,3,1,,,,2025-03-05,2025-03,False,False,True
main,887284572,60,9,Character Event,301,1762,2025-03-05 01:57:47,ferrous_shadow,Ferrous Shadow,weapon,3,1,,,,2025-03-05,2025-03,False,False,True
main,887284572,60,9,Character Event,301,1763,2025-03-05 01:58:06,slingshot,Slingshot,weapon,3,1,,,,2025-03-05,2025-03,False,False,True
main,887284572,60,9,Character Event,301,1764,2025-03-05 01:58:11,harbinger_of_dawn,Harbinger of Dawn,weapon,3,1,,,,2025-03-05,2025-03,False,False,True
main,887284572,60,9,Character Event,301,1765,2025-03-05 01:58:17,black_tassel,Black Tassel,weapon,3,1,,,,2025-03-05,2025-03,False,False,True
main,887284572,60,9,Character Event,301,1766,2025-03-05 01:58:34,emerald_orb,Emerald Orb,weapon,3,1,,,,2025-03-05,2025-03,False,False,True
main,887284572,60,9,Character Event,301,1767,2025-03-05 01:58:40,debate_club,Debate Club,weapon,3,1,,,,2025-03-05,2025-03,False,False,True
main,887284572,60,9,Character Event,301,1768,2025-03-05 04:15:48,skyrider_sword,Skyrider Sword,weapon,3,1,,,,2025-03-05,2025-03,False,False,True
main,887284572,60,9,Character Event,301,1769,2025-03-05 16:17:01,mika,Mika,character,4,9,2.0,Guaranteed,,2025-03-05,2025-03,False,True,False
main,887284572,60,9,Character Event,301,1770,2025-03-05 16:17:16,bloodtainted_greatsword,Bloodtainted Greatsword,weapon,3,1,,,,2025-03-05,2025-03,False,False,True
main,887284572,60,9,Character Event,301,1771,2025-03-05 16:17:50,sharpshooters_oath,Sharpshooter's Oath,weapon,3,1,,,,2025-03-05,2025-03,False,False,True
main,887284572,60,9,Character Event,301,1772,2025-03-05 16:18:03,furina,Furina,character,5,78,2.0,Guaranteed,,2025-03-05,2025-03,True,False,False
main,887284572,60,9,Character Event,301,1773,2025-03-05 16:18:20,raven_bow,Raven Bow,weapon,3,1,,,,2025-03-05,2025-03,False,False,True
main,887284572,60,9,Character Event,301,1774,2025-03-05 16:18:32,slingshot,Slingshot,weapon,3,1,,,,2025-03-05,2025-03,False,False,True
main,887284572,60,9,Character Event,301,1775,2025-03-17 08:32:45,thrilling_tales_of_dragon_slayers,Thrilling Tales of Dragon Slayers,weapon,3,1,,,,2025-03-17,2025-03,False,False,True
main,887284572,60,9,Character Event,301,1776,2025-03-26 09:54:44,magic_guide,Magic Guide,weapon,3,1,,,,2025-03-26,2025-03,False,False,True
main,887284572,60,9,Character Event,301,1777,2025-03-26 09:54:44,ferrous_shadow,Ferrous Shadow,weapon,3,1,,,,2025-03-26,2025-03,False,False,True
main,887284572,60,9,Character Event,301,1778,2025-03-26 09:54:44,favonius_greatsword,Favonius Greatsword,weapon,4,9,0.0,Lose,,2025-03-26,2025-03,False,True,False
main,887284572,60,9,Character Event,301,1779,2025-03-26 09:54:44,slingshot,Slingshot,weapon,3,1,,,,2025-03-26,2025-03,False,False,True
main,887284572,60,9,Character Event,301,1780,2025-03-26 09:54:44,raven_bow,Raven Bow,weapon,3,1,,,,2025-03-26,2025-03,False,False,True
main,887284572,60,9,Character Event,301,1781,2025-03-26 09:54:44,skyrider_sword,Skyrider Sword,weapon,3,1,,,,2025-03-26,2025-03,False,False,True
main,887284572,60,9,Character Event,301,1782,2025-03-26 09:54:44,bloodtainted_greatsword,Bloodtainted Greatsword,weapon,3,1,,,,2025-03-26,2025-03,False,False,True
main,887284572,60,9,Character Event,301,1783,2025-03-26 09:54:44,emerald_orb,Emerald Orb,weapon,3,1,,,,2025-03-26,2025-03,False,False,True
main,887284572,60,9,Character Event,301,1784,2025-03-26 09:54:44,skyrider_sword,Skyrider Sword,weapon,3,1,,,,2025-03-26,2025-03,False,False,True
main,887284572,60,9,Character Event,301,1785,2025-03-26 09:54:44,bloodtainted_greatsword,Bloodtainted Greatsword,weapon,3,1,,,,2025-03-26,2025-03,False,False,True
main,887284572,60,9,Character Event,301,1786,2025-03-26 09:55:02,sharpshooters_oath,Sharpshooter's Oath,weapon,3,1,,,,2025-03-26,2025-03,False,False,True
main,887284572,60,9,Character Event,301,1787,2025-03-26 09:57:34,cool_steel,Cool Steel,weapon,3,1,,,,2025-03-26,2025-03,False,False,True
main,887284572,60,9,Character Event,301,1788,2025-03-26 09:57:42,gaming,Gaming,character,4,10,2.0,Guaranteed,,2025-03-26,2025-03,False,True,False
main,887284572,60,9,Character Event,301,1789,2025-03-26 09:57:50,slingshot,Slingshot,weapon,3,1,,,,2025-03-26,2025-03,False,False,True
main,887284572,60,9,Character Event,301,1790,2025-03-26 10:00:31,ferrous_shadow,Ferrous Shadow,weapon,3,1,,,,2025-03-26,2025-03,False,False,True
main,887284572,60,9,Character Event,301,1791,2025-03-26 11:30:53,debate_club,Debate Club,weapon,3,1,,,,2025-03-26,2025-03,False,False,True
main,887284572,60,9,Character Event,301,1792,2025-03-26 17:31:01,raven_bow,Raven Bow,weapon,3,1,,,,2025-03-26,2025-03,False,False,True
main,887284572,60,9,Character Event,301,1793,2025-03-28 05:14:15,sharpshooters_oath,Sharpshooter's Oath,weapon,3,1,,,,2025-03-28,2025-03,False,False,True
main,887284572,60,9,Character Event,301,1794,2025-03-28 05:14:23,bloodtainted_greatsword,Bloodtainted Greatsword,weapon,3,1,,,,2025-03-28,2025-03,False,False,True
main,887284572,60,9,Character Event,301,1795,2025-03-28 05:14:30,magic_guide,Magic Guide,weapon,3,1,,,,2025-03-28,2025-03,False,False,True
main,887284572,60,9,Character Event,301,1796,2025-03-28 05:14:45,ferrous_shadow,Ferrous Shadow,weapon,3,1,,,,2025-03-28,2025-03,False,False,True
main,887284572,60,9,Character Event,301,1797,2025-03-28 05:22:01,chevreuse,Chevreuse,character,4,9,1.0,Win,,2025-03-28,2025-03,False,True,False
main,887284572,60,9,Character Event,301,1798,2025-03-28 05:22:35,iansan,Iansan,character,4,1,1.0,Win,,2025-03-28,2025-03,False,True,False
main,887284572,60,9,Character Event,301,1799,2025-03-28 05:22:47,raven_bow,Raven Bow,weapon,3,1,,,,2025-03-28,2025-03,False,False,True
main,887284572,60,9,Character Event,301,1800,2025-03-28 05:22:59,bloodtainted_greatsword,Bloodtainted Greatsword,weapon,3,1,,,,2025-03-28,2025-03,False,False,True
main,887284572,60,9,Character Event,301,1801,2025-03-28 05:23:13,slingshot,Slingshot,weapon,3,1,,,,2025-03-28,2025-03,False,False,True
main,887284572,60,9,Character Event,301,1802,2025-03-28 05:23:24,emerald_orb,Emerald Orb,weapon,3,1,,,,2025-03-28,2025-03,False,False,True
main,887284572,60,9,Character Event,301,1803,2025-04-01 17:45:21,harbinger_of_dawn,Harbinger of Dawn,weapon,3,1,,,,2025-04-01,2025-04,False,False,True
main,887284572,60,9,Character Event,301,1804,2025-04-01 17:45:21,black_tassel,Black Tassel,weapon,3,1,,,,2025-04-01,2025-04,False,False,True
main,887284572,60,9,Character Event,301,1805,2025-04-01 17:45:21,eye_of_perception,Eye of Perception,weapon,4,7,0.0,Lose,,2025-04-01,2025-04,False,True,False
main,887284572,60,9,Character Event,301,1806,2025-04-01 17:45:21,cool_steel,Cool Steel,weapon,3,1,,,,2025-04-01,2025-04,False,False,True
main,887284572,60,9,Character Event,301,1807,2025-04-01 17:45:21,chevreuse,Chevreuse,character,4,2,2.0,Guaranteed,,2025-04-01,2025-04,False,True,False
main,887284572,60,9,Character Event,301,1808,2025-04-01 17:45:21,sharpshooters_oath,Sharpshooter's Oath,weapon,3,1,,,,2025-04-01,2025-04,False,False,True
main,887284572,60,9,Character Event,301,1809,2025-04-01 17:45:21,bloodtainted_greatsword,Bloodtainted Greatsword,weapon,3,1,,,,2025-04-01,2025-04,False,False,True
main,887284572,60,9,Character Event,301,1810,2025-04-01 17:45:21,thrilling_tales_of_dragon_slayers,Thrilling Tales of Dragon Slayers,weapon,3,1,,,,2025-04-01,2025-04,False,False,True
main,887284572,60,9,Character Event,301,1811,2025-04-01 17:45:21,cool_steel,Cool Steel,weapon,3,1,,,,2025-04-01,2025-04,False,False,True
main,887284572,60,9,Character Event,301,1812,2025-04-01 17:45:21,magic_guide,Magic Guide,weapon,3,1,,,,2025-04-01,2025-04,False,False,True
main,887284572,60,9,Character Event,400,1813,2025-04-04 16:59:33,cool_steel,Cool Steel,weapon,3,1,,,,2025-04-04,2025-04,False,False,True
main,887284572,60,9,Character Event,400,1814,2025-04-04 16:59:33,sucrose,Sucrose,character,4,7,0.0,Lose,,2025-04-04,2025-04,False,True,False
main,887284572,60,9,Character Event,400,1815,2025-04-04 16:59:33,emerald_orb,Emerald Orb,weapon,3,1,,,,2025-04-04,2025-04,False,False,True
main,887284572,60,9,Character Event,400,1816,2025-04-04 16:59:33,raven_bow,Raven Bow,weapon,3,1,,,,2025-04-04,2025-04,False,False,True
main,887284572,60,9,Character Event,400,1817,2025-04-04 16:59:33,raven_bow,Raven Bow,weapon,3,1,,,,2025-04-04,2025-04,False,False,True
main,887284572,60,9,Character Event,400,1818,2025-04-04 16:59:33,debate_club,Debate Club,weapon,3,1,,,,2025-04-04,2025-04,False,False,True
main,887284572,60,9,Character Event,400,1819,2025-04-04 16:59:33,gaming,Gaming,character,4,5,2.0,Guaranteed,,2025-04-04,2025-04,False,True,False
main,887284572,60,9,Character Event,400,1820,2025-04-04 16:59:33,sharpshooters_oath,Sharpshooter's Oath,weapon,3,1,,,,2025-04-04,2025-04,False,False,True
main,887284572,60,9,Character Event,400,1821,2025-04-04 16:59:33,skyrider_sword,Skyrider Sword,weapon,3,1,,,,2025-04-04,2025-04,False,False,True
main,887284572,60,9,Character Event,400,1822,2025-04-04 16:59:33,slingshot,Slingshot,weapon,3,1,,,,2025-04-04,2025-04,False,False,True
main,887284572,60,9,Character Event,400,1823,2025-04-04 17:01:08,bloodtainted_greatsword,Bloodtainted Greatsword,weapon,3,1,,,,2025-04-04,2025-04,False,False,True
main,887284572,60,9,Character Event,400,1824,2025-04-04 17:01:21,emerald_orb,Emerald Orb,weapon,3,1,,,,2025-04-04,2025-04,False,False,True
main,887284572,60,9,Character Event,400,1825,2025-04-04 17:01:32,skyrider_sword,Skyrider Sword,weapon,3,1,,,,2025-04-04,2025-04,False,False,True
main,887284572,60,9,Character Event,400,1826,2025-04-04 17:01:46,debate_club,Debate Club,weapon,3,1,,,,2025-04-04,2025-04,False,False,True
main,887284572,60,9,Character Event,400,1827,2025-04-04 17:01:58,bloodtainted_greatsword,Bloodtainted Greatsword,weapon,3,1,,,,2025-04-04,2025-04,False,False,True
main,887284572,60,9,Character Event,301,1828,2025-05-07 12:56:02,magic_guide,Magic Guide,weapon,3,1,,,,2025-05-07,2025-05,False,False,True
main,887284572,60,9,Character Event,301,1829,2025-05-07 12:56:02,layla,Layla,character,4,10,1.0,Win,,2025-05-07,2025-05,False,True,False
main,887284572,60,9,Character Event,301,1830,2025-05-07 12:56:02,emerald_orb,Emerald Orb,weapon,3,1,,,,2025-05-07,2025-05,False,False,True
main,887284572,60,9,Character Event,301,1831,2025-05-07 12:56:02,skyrider_sword,Skyrider Sword,weapon,3,1,,,,2025-05-07,2025-05,False,False,True
main,887284572,60,9,Character Event,301,1832,2025-05-07 12:56:02,black_tassel,Black Tassel,weapon,3,1,,,,2025-05-07,2025-05,False,False,True
main,887284572,60,9,Character Event,301,1833,2025-05-07 12:56:02,debate_club,Debate Club,weapon,3,1,,,,2025-05-07,2025-05,False,False,True
main,887284572,60,9,Character Event,301,1834,2025-05-07 12:56:02,harbinger_of_dawn,Harbinger of Dawn,weapon,3,1,,,,2025-05-07,2025-05,False,False,True
main,887284572,60,9,Character Event,301,1835,2025-05-07 12:56:02,cool_steel,Cool Steel,weapon,3,1,,,,2025-05-07,2025-05,False,False,True
main,887284572,60,9,Character Event,301,1836,2025-05-07 12:56:02,ferrous_shadow,Ferrous Shadow,weapon,3,1,,,,2025-05-07,2025-05,False,False,True
main,887284572,60,9,Character Event,301,1837,2025-05-07 12:56:02,harbinger_of_dawn,Harbinger of Dawn,weapon,3,1,,,,2025-05-07,2025-05,False,False,True
main,887284572,60,9,Character Event,301,1838,2025-05-07 12:56:44,rainslasher,Rainslasher,weapon,4,9,0.0,Lose,,2025-05-07,2025-05,False,True,False
main,887284572,60,9,Character Event,301,1839,2025-05-07 12:56:58,magic_guide,Magic Guide,weapon,3,1,,,,2025-05-07,2025-05,False,False,True
main,887284572,60,9,Character Event,301,1840,2025-05-07 12:57:16,raven_bow,Raven Bow,weapon,3,1,,,,2025-05-07,2025-05,False,False,True
main,887284572,60,9,Character Event,301,1841,2025-05-07 12:57:22,ferrous_shadow,Ferrous Shadow,weapon,3,1,,,,2025-05-07,2025-05,False,False,True
main,887284572,60,9,Character Event,301,1842,2025-05-07 12:59:01,slingshot,Slingshot,weapon,3,1,,,,2025-05-07,2025-05,False,False,True
main,887284572,60,9,Character Event,301,1843,2025-05-08 07:16:35,thrilling_tales_of_dragon_slayers,Thrilling Tales of Dragon Slayers,weapon,3,1,,,,2025-05-08,2025-05,False,False,True
main,887284572,60,9,Character Event,301,1844,2025-05-08 11:46:54,slingshot,Slingshot,weapon,3,1,,,,2025-05-08,2025-05,False,False,True
main,887284572,60,9,Character Event,301,1845,2025-05-08 11:47:04,ferrous_shadow,Ferrous Shadow,weapon,3,1,,,,2025-05-08,2025-05,False,False,True
main,887284572,60,9,Character Event,301,1846,2025-05-08 12:24:09,raven_bow,Raven Bow,weapon,3,1,,,,2025-05-08,2025-05,False,False,True
main,887284572,60,9,Character Event,301,1847,2025-05-08 13:10:18,ororon,Ororon,character,4,9,2.0,Guaranteed,,2025-05-08,2025-05,False,True,False
main,887284572,60,9,Character Event,301,1848,2025-05-09 06:54:08,raven_bow,Raven Bow,weapon,3,1,,,,2025-05-09,2025-05,False,False,True
main,887284572,60,9,Character Event,301,1849,2025-05-09 12:32:08,harbinger_of_dawn,Harbinger of Dawn,weapon,3,1,,,,2025-05-09,2025-05,False,False,True
main,887284572,60,9,Character Event,301,1850,2025-05-10 00:54:08,debate_club,Debate Club,weapon,3,1,,,,2025-05-10,2025-05,False,False,True
main,887284572,60,9,Character Event,301,1851,2025-05-10 04:51:01,cool_steel,Cool Steel,weapon,3,1,,,,2025-05-10,2025-05,False,False,True
main,887284572,60,9,Character Event,301,1852,2025-05-10 05:56:45,escoffier,Escoffier,character,5,80,1.0,Win,,2025-05-10,2025-05,True,False,False
main,887284572,60,9,Character Event,301,1853,2025-05-11 06:14:55,raven_bow,Raven Bow,weapon,3,1,,,,2025-05-11,2025-05,False,False,True
main,887284572,60,9,Character Event,400,1854,2025-05-12 07:10:17,sharpshooters_oath,Sharpshooter's Oath,weapon,3,1,,,,2025-05-12,2025-05,False,False,True
main,887284572,60,9,Character Event,400,1855,2025-05-13 07:47:54,bloodtainted_greatsword,Bloodtainted Greatsword,weapon,3,1,,,,2025-05-13,2025-05,False,False,True
main,887284572,60,9,Character Event,400,1856,2025-05-13 07:48:02,emerald_orb,Emerald Orb,weapon,3,1,,,,2025-05-13,2025-05,False,False,True
main,887284572,60,9,Character Event,400,1857,2025-05-13 07:48:08,ororon,Ororon,character,4,10,1.0,Win,,2025-05-13,2025-05,False,True,False
main,887284572,60,9,Character Event,400,1858,2025-05-14 04:55:43,magic_guide,Magic Guide,weapon,3,1,,,,2025-05-14,2025-05,False,False,True
main,887284572,60,9,Character Event,400,1859,2025-05-14 04:55:54,magic_guide,Magic Guide,weapon,3,1,,,,2025-05-14,2025-05,False,False,True
main,887284572,60,9,Character Event,400,1860,2025-05-15 05:41:48,harbinger_of_dawn,Harbinger of Dawn,weapon,3,1,,,,2025-05-15,2025-05,False,False,True
main,887284572,60,9,Character Event,400,1861,2025-05-15 06:08:33,skyrider_sword,Skyrider Sword,weapon,3,1,,,,2025-05-15,2025-05,False,False,True
main,887284572,60,9,Character Event,400,1862,2025-05-16 04:58:15,black_tassel,Black Tassel,weapon,3,1,,,,2025-05-16,2025-05,False,False,True
main,887284572,60,9,Character Event,400,1863,2025-05-16 04:58:23,debate_club,Debate Club,weapon,3,1,,,,2025-05-16,2025-05,False,False,True
main,887284572,60,9,Character Event,400,1864,2025-05-16 04:58:30,raven_bow,Raven Bow,weapon,3,1,,,,2025-05-16,2025-05,False,False,True
main,887284572,60,9,Character Event,400,1865,2025-05-16 04:58:37,cool_steel,Cool Steel,weapon,3,1,,,,2025-05-16,2025-05,False,False,True
main,887284572,60,9,Character Event,400,1866,2025-05-16 08:40:32,the_flute,The Flute,weapon,4,9,0.0,Lose,,2025-05-16,2025-05,False,True,False
main,887284572,60,9,Character Event,400,1867,2025-05-16 08:40:43,harbinger_of_dawn,Harbinger of Dawn,weapon,3,1,,,,2025-05-16,2025-05,False,False,True
main,887284572,60,9,Character Event,400,1868,2025-05-16 08:40:58,bloodtainted_greatsword,Bloodtainted Greatsword,weapon,3,1,,,,2025-05-16,2025-05,False,False,True
main,887284572,60,9,Character Event,400,1869,2025-05-18 05:49:39,black_tassel,Black Tassel,weapon,3,1,,,,2025-05-18,2025-05,False,False,True
main,887284572,60,9,Character Event,400,1870,2025-05-18 05:49:48,thrilling_tales_of_dragon_slayers,Thrilling Tales of Dragon Slayers,weapon,3,1,,,,2025-05-18,2025-05,False,False,True
main,887284572,60,9,Character Event,400,1871,2025-05-19 06:19:25,cool_steel,Cool Steel,weapon,3,1,,,,2025-05-19,2025-05,False,False,True
main,887284572,60,9,Character Event,400,1872,2025-05-21 04:16:20,raven_bow,Raven Bow,weapon,3,1,,,,2025-05-21,2025-05,False,False,True
main,887284572,60,9,Character Event,400,1873,2025-05-21 04:16:28,slingshot,Slingshot,weapon,3,1,,,,2025-05-21,2025-05,False,False,True
main,887284572,60,9,Character Event,400,1874,2025-05-21 04:22:07,magic_guide,Magic Guide,weapon,3,1,,,,2025-05-21,2025-05,False,False,True
main,887284572,60,9,Character Event,400,1875,2025-05-22 05:16:13,ororon,Ororon,character,4,9,2.0,Guaranteed,,2025-05-22,2025-05,False,True,False
main,887284572,60,9,Character Event,400,1876,2025-05-22 08:33:53,skyrider_sword,Skyrider Sword,weapon,3,1,,,,2025-05-22,2025-05,False,False,True
main,887284572,60,9,Character Event,400,1877,2025-05-22 09:11:48,bloodtainted_greatsword,Bloodtainted Greatsword,weapon,3,1,,,,2025-05-22,2025-05,False,False,True
main,887284572,60,9,Character Event,400,1878,2025-05-23 07:31:38,black_tassel,Black Tassel,weapon,3,1,,,,2025-05-23,2025-05,False,False,True
main,887284572,60,9,Character Event,400,1879,2025-05-23 08:02:31,cool_steel,Cool Steel,weapon,3,1,,,,2025-05-23,2025-05,False,False,True
main,887284572,60,9,Character Event,400,1880,2025-05-24 05:36:41,cool_steel,Cool Steel,weapon,3,1,,,,2025-05-24,2025-05,False,False,True
main,887284572,60,9,Character Event,400,1881,2025-05-25 06:35:29,sharpshooters_oath,Sharpshooter's Oath,weapon,3,1,,,,2025-05-25,2025-05,False,False,True
main,887284572,60,9,Character Event,400,1882,2025-05-27 04:32:43,cool_steel,Cool Steel,weapon,3,1,,,,2025-05-27,2025-05,False,False,True
main,887284572,60,9,Character Event,400,1883,2025-05-27 04:32:52,ferrous_shadow,Ferrous Shadow,weapon,3,1,,,,2025-05-27,2025-05,False,False,True
main,887284572,60,9,Character Event,400,1884,2025-05-27 05:05:23,black_tassel,Black Tassel,weapon,3,1,,,,2025-05-27,2025-05,False,False,True
main,887284572,60,9,Character Event,400,1885,2025-05-27 05:05:33,ifa,Ifa,character,4,10,1.0,Win,,2025-05-27,2025-05,False,True,False
main,887284572,60,9,Character Event,400,1886,2025-05-27 05:05:43,thrilling_tales_of_dragon_slayers,Thrilling Tales of Dragon Slayers,weapon,3,1,,,,2025-05-27,2025-05,False,False,True
main,887284572,60,9,Character Event,400,1887,2025-05-27 05:05:49,cool_steel,Cool Steel,weapon,3,1,,,,2025-05-27,2025-05,False,False,True
main,887284572,60,9,Character Event,400,1888,2025-05-27 10:14:25,magic_guide,Magic Guide,weapon,3,1,,,,2025-05-27,2025-05,False,False,True
main,887284572,60,9,Character Event,400,1889,2025-06-05 10:11:49,bloodtainted_greatsword,Bloodtainted Greatsword,weapon,3,1,,,,2025-06-05,2025-06,False,False,True
main,887284572,60,9,Character Event,400,1890,2025-06-05 10:11:49,slingshot,Slingshot,weapon,3,1,,,,2025-06-05,2025-06,False,False,True
main,887284572,60,9,Character Event,400,1891,2025-06-05 10:11:49,sharpshooters_oath,Sharpshooter's Oath,weapon,3,1,,,,2025-06-05,2025-06,False,False,True
main,887284572,60,9,Character Event,400,1892,2025-06-05 10:11:49,emerald_orb,Emerald Orb,weapon,3,1,,,,2025-06-05,2025-06,False,False,True
main,887284572,60,9,Character Event,400,1893,2025-06-05 10:11:49,ferrous_shadow,Ferrous Shadow,weapon,3,1,,,,2025-06-05,2025-06,False,False,True
main,887284572,60,9,Character Event,400,1894,2025-06-05 10:11:49,debate_club,Debate Club,weapon,3,1,,,,2025-06-05,2025-06,False,False,True
main,887284572,60,9,Character Event,400,1895,2025-06-05 10:11:49,lynette,Lynette,character,4,10,1.0,Win,,2025-06-05,2025-06,False,True,False
main,887284572,60,9,Character Event,400,1896,2025-06-05 10:11:49,slingshot,Slingshot,weapon,3,1,,,,2025-06-05,2025-06,False,False,True
main,887284572,60,9,Character Event,400,1897,2025-06-05 10:11:49,sharpshooters_oath,Sharpshooter's Oath,weapon,3,1,,,,2025-06-05,2025-06,False,False,True
main,887284572,60,9,Character Event,400,1898,2025-06-05 10:11:49,sharpshooters_oath,Sharpshooter's Oath,weapon,3,1,,,,2025-06-05,2025-06,False,False,True
main,887284572,60,9,Character Event,400,1899,2025-06-05 10:12:23,magic_guide,Magic Guide,weapon,3,1,,,,2025-06-05,2025-06,False,False,True
main,887284572,60,9,Character Event,400,1900,2025-06-05 10:12:23,cool_steel,Cool Steel,weapon,3,1,,,,2025-06-05,2025-06,False,False,True
main,887284572,60,9,Character Event,400,1901,2025-06-05 10:12:23,raven_bow,Raven Bow,weapon,3,1,,,,2025-06-05,2025-06,False,False,True
main,887284572,60,9,Character Event,400,1902,2025-06-05 10:12:23,lynette,Lynette,character,4,7,1.0,Win,,2025-06-05,2025-06,False,True,False
main,887284572,60,9,Character Event,400,1903,2025-06-05 10:12:23,bloodtainted_greatsword,Bloodtainted Greatsword,weapon,3,1,,,,2025-06-05,2025-06,False,False,True
main,887284572,60,9,Character Event,400,1904,2025-06-05 10:12:23,ferrous_shadow,Ferrous Shadow,weapon,3,1,,,,2025-06-05,2025-06,False,False,True
main,887284572,60,9,Character Event,400,1905,2025-06-05 10:12:23,sacrificial_sword,Sacrificial Sword,weapon,4,3,0.0,Lose,,2025-06-05,2025-06,False,True,False
main,887284572,60,9,Character Event,400,1906,2025-06-05 10:12:23,skyrider_sword,Skyrider Sword,weapon,3,1,,,,2025-06-05,2025-06,False,False,True
main,887284572,60,9,Character Event,400,1907,2025-06-05 10:12:23,thrilling_tales_of_dragon_slayers,Thrilling Tales of Dragon Slayers,weapon,3,1,,,,2025-06-05,2025-06,False,False,True
main,887284572,60,9,Character Event,400,1908,2025-06-05 10:12:23,kujou_sara,Kujou Sara,character,4,3,2.0,Guaranteed,,2025-06-05,2025-06,False,True,False
main,887284572,60,9,Character Event,400,1909,2025-06-05 10:12:59,harbinger_of_dawn,Harbinger of Dawn,weapon,3,1,,,,2025-06-05,2025-06,False,False,True
main,887284572,60,9,Character Event,400,1910,2025-06-05 10:14:39,skyrider_sword,Skyrider Sword,weapon,3,1,,,,2025-06-05,2025-06,False,False,True
main,887284572,60,9,Character Event,400,1911,2025-06-05 10:14:47,ferrous_shadow,Ferrous Shadow,weapon,3,1,,,,2025-06-05,2025-06,False,False,True
main,887284572,60,9,Character Event,400,1912,2025-06-05 10:14:53,magic_guide,Magic Guide,weapon,3,1,,,,2025-06-05,2025-06,False,False,True
main,887284572,60,9,Character Event,301,1913,2025-06-18 15:45:45,harbinger_of_dawn,Harbinger of Dawn,weapon,3,1,,,,2025-06-18,2025-06,False,False,True
main,887284572,60,9,Character Event,301,1914,2025-06-18 15:45:45,debate_club,Debate Club,weapon,3,1,,,,2025-06-18,2025-06,False,False,True
main,887284572,60,9,Character Event,301,1915,2025-06-18 15:45:45,cool_steel,Cool Steel,weapon,3,1,,,,2025-06-18,2025-06,False,False,True
main,887284572,60,9,Character Event,301,1916,2025-06-18 15:45:45,magic_guide,Magic Guide,weapon,3,1,,,,2025-06-18,2025-06,False,False,True
main,887284572,60,9,Character Event,301,1917,2025-06-18 15:45:45,kachina,Kachina,character,4,9,0.0,Lose,,2025-06-18,2025-06,False,True,False
main,887284572,60,9,Character Event,301,1918,2025-06-18 15:45:45,harbinger_of_dawn,Harbinger of Dawn,weapon,3,1,,,,2025-06-18,2025-06,False,False,True
main,887284572,60,9,Character Event,301,1919,2025-06-18 15:45:45,sharpshooters_oath,Sharpshooter's Oath,weapon,3,1,,,,2025-06-18,2025-06,False,False,True
main,887284572,60,9,Character Event,301,1920,2025-06-18 15:45:45,dahlia,Dahlia,character,4,3,2.0,Guaranteed,,2025-06-18,2025-06,False,True,False
main,887284572,60,9,Character Event,301,1921,2025-06-18 15:45:45,raven_bow,Raven Bow,weapon,3,1,,,,2025-06-18,2025-06,False,False,True
main,887284572,60,9,Character Event,301,1922,2025-06-18 15:45:45,raven_bow,Raven Bow,weapon,3,1,,,,2025-06-18,2025-06,False,False,True
main,887284572,60,9,Character Event,301,1923,2025-06-18 15:46:07,debate_club,Debate Club,weapon,3,1,,,,2025-06-18,2025-06,False,False,True
main,887284572,60,9,Character Event,301,1924,2025-06-18 15:46:16,sharpshooters_oath,Sharpshooter's Oath,weapon,3,1,,,,2025-06-18,2025-06,False,False,True
main,887284572,60,9,Character Event,301,1925,2025-06-18 15:46:22,thrilling_tales_of_dragon_slayers,Thrilling Tales of Dragon Slayers,weapon,3,1,,,,2025-06-18,2025-06,False,False,True
main,887284572,60,9,Character Event,301,1926,2025-06-18 15:46:27,black_tassel,Black Tassel,weapon,3,1,,,,2025-06-18,2025-06,False,False,True
main,887284572,60,9,Character Event,301,1927,2025-06-18 15:46:32,skirk,Skirk,character,5,75,1.0,Win,,2025-06-18,2025-06,True,False,False
main,887284572,60,9,Character Event,301,1928,2025-07-11 06:34:05,harbinger_of_dawn,Harbinger of Dawn,weapon,3,1,,,,2025-07-11,2025-07,False,False,True
main,887284572,60,9,Character Event,301,1929,2025-07-11 06:34:13,ferrous_shadow,Ferrous Shadow,weapon,3,1,,,,2025-07-11,2025-07,False,False,True
main,887284572,60,9,Character Event,301,1930,2025-07-12 06:17:44,xiangling,Xiangling,character,4,10,1.0,Win,,2025-07-12,2025-07,False,True,False
main,887284572,60,9,Character Event,400,1931,2025-07-16 07:16:49,slingshot,Slingshot,weapon,3,1,,,,2025-07-16,2025-07,False,False,True
main,887284572,60,9,Character Event,400,1932,2025-07-16 07:16:56,debate_club,Debate Club,weapon,3,1,,,,2025-07-16,2025-07,False,False,True
main,887284572,60,9,Character Event,400,1933,2025-07-16 07:17:02,raven_bow,Raven Bow,weapon,3,1,,,,2025-07-16,2025-07,False,False,True
main,887284572,60,9,Character Event,400,1934,2025-07-16 07:17:08,emerald_orb,Emerald Orb,weapon,3,1,,,,2025-07-16,2025-07,False,False,True
main,887284572,60,9,Character Event,400,1935,2025-07-16 07:17:14,xiangling,Xiangling,character,4,5,1.0,Win,,2025-07-16,2025-07,False,True,False
main,887284572,60,9,Character Event,400,1936,2025-07-16 11:52:24,sharpshooters_oath,Sharpshooter's Oath,weapon,3,1,,,,2025-07-16,2025-07,False,False,True
main,887284572,60,9,Character Event,400,1937,2025-07-16 11:52:33,thrilling_tales_of_dragon_slayers,Thrilling Tales of Dragon Slayers,weapon,3,1,,,,2025-07-16,2025-07,False,False,True
main,887284572,60,9,Character Event,400,1938,2025-07-16 11:52:44,ferrous_shadow,Ferrous Shadow,weapon,3,1,,,,2025-07-16,2025-07,False,False,True
main,887284572,60,9,Character Event,400,1939,2025-07-16 11:52:53,skyrider_sword,Skyrider Sword,weapon,3,1,,,,2025-07-16,2025-07,False,False,True
main,887284572,60,9,Character Event,400,1940,2025-07-16 11:53:18,ferrous_shadow,Ferrous Shadow,weapon,3,1,,,,2025-07-16,2025-07,False,False,True
main,887284572,60,9,Character Event,400,1941,2025-07-16 11:53:42,harbinger_of_dawn,Harbinger of Dawn,weapon,3,1,,,,2025-07-16,2025-07,False,False,True
main,887284572,60,9,Character Event,400,1942,2025-07-18 07:40:38,raven_bow,Raven Bow,weapon,3,1,,,,2025-07-18,2025-07,False,False,True
main,887284572,60,9,Character Event,400,1943,2025-07-18 07:40:46,raven_bow,Raven Bow,weapon,3,1,,,,2025-07-18,2025-07,False,False,True
main,887284572,60,9,Character Event,400,1944,2025-07-18 07:40:52,magic_guide,Magic Guide,weapon,3,1,,,,2025-07-18,2025-07,False,False,True
main,887284572,60,9,Character Event,400,1945,2025-07-18 07:40:58,iansan,Iansan,character,4,10,1.0,Win,,2025-07-18,2025-07,False,True,False
main,887284572,60,9,Character Event,400,1946,2025-07-18 07:41:06,black_tassel,Black Tassel,weapon,3,1,,,,2025-07-18,2025-07,False,False,True
main,887284572,60,9,Character Event,400,1947,2025-07-19 06:22:43,black_tassel,Black Tassel,weapon,3,1,,,,2025-07-19,2025-07,False,False,True
main,887284572,60,9,Character Event,400,1948,2025-07-19 06:22:52,black_tassel,Black Tassel,weapon,3,1,,,,2025-07-19,2025-07,False,False,True
main,887284572,60,9,Character Event,400,1949,2025-07-20 06:03:19,harbinger_of_dawn,Harbinger of Dawn,weapon,3,1,,,,2025-07-20,2025-07,False,False,True
main,887284572,60,9,Character Event,400,1950,2025-07-20 06:03:28,emerald_orb,Emerald Orb,weapon,3,1,,,,2025-07-20,2025-07,False,False,True
main,887284572,60,9,Character Event,400,1951,2025-07-21 07:24:27,cool_steel,Cool Steel,weapon,3,1,,,,2025-07-21,2025-07,False,False,True
main,887284572,60,9,Character Event,400,1952,2025-07-22 09:06:00,thrilling_tales_of_dragon_slayers,Thrilling Tales of Dragon Slayers,weapon,3,1,,,,2025-07-22,2025-07,False,False,True
main,887284572,60,9,Character Event,400,1953,2025-07-23 07:14:44,debate_club,Debate Club,weapon,3,1,,,,2025-07-23,2025-07,False,False,True
main,887284572,60,9,Character Event,400,1954,2025-07-23 12:15:39,thrilling_tales_of_dragon_slayers,Thrilling Tales of Dragon Slayers,weapon,3,1,,,,2025-07-23,2025-07,False,False,True
main,887284572,60,9,Character Event,400,1955,2025-07-24 11:01:13,iansan,Iansan,character,4,10,1.0,Win,,2025-07-24,2025-07,False,True,False
main,887284572,60,9,Character Event,400,1956,2025-07-25 10:07:44,skyrider_sword,Skyrider Sword,weapon,3,1,,,,2025-07-25,2025-07,False,False,True
main,887284572,60,9,Character Event,400,1957,2025-07-25 10:07:57,bloodtainted_greatsword,Bloodtainted Greatsword,weapon,3,1,,,,2025-07-25,2025-07,False,False,True
main,887284572,60,9,Character Event,400,1958,2025-07-26 09:08:37,sharpshooters_oath,Sharpshooter's Oath,weapon,3,1,,,,2025-07-26,2025-07,False,False,True
main,887284572,60,9,Character Event,400,1959,2025-07-27 10:25:12,bloodtainted_greatsword,Bloodtainted Greatsword,weapon,3,1,,,,2025-07-27,2025-07,False,False,True
main,887284572,60,9,Character Event,400,1960,2025-07-28 10:33:12,debate_club,Debate Club,weapon,3,1,,,,2025-07-28,2025-07,False,False,True
main,887284572,60,9,Character Event,400,1961,2025-07-29 10:03:53,raven_bow,Raven Bow,weapon,3,1,,,,2025-07-29,2025-07,False,False,True
main,887284572,60,9,Character Event,301,1962,2025-08-09 16:37:32,skyrider_sword,Skyrider Sword,weapon,3,1,,,,2025-08-09,2025-08,False,False,True
main,887284572,60,9,Character Event,301,1963,2025-08-09 16:38:34,emerald_orb,Emerald Orb,weapon,3,1,,,,2025-08-09,2025-08,False,False,True
main,887284572,60,9,Character Event,301,1964,2025-08-09 16:38:34,ferrous_shadow,Ferrous Shadow,weapon,3,1,,,,2025-08-09,2025-08,False,False,True
main,887284572,60,9,Character Event,301,1965,2025-08-09 16:38:34,sethos,Sethos,character,4,10,1.0,Win,,2025-08-09,2025-08,False,True,False
main,887284572,60,9,Character Event,301,1966,2025-08-09 16:38:34,harbinger_of_dawn,Harbinger of Dawn,weapon,3,1,,,,2025-08-09,2025-08,False,False,True
main,887284572,60,9,Character Event,301,1967,2025-08-09 16:38:34,ferrous_shadow,Ferrous Shadow,weapon,3,1,,,,2025-08-09,2025-08,False,False,True
main,887284572,60,9,Character Event,301,1968,2025-08-09 16:38:34,cool_steel,Cool Steel,weapon,3,1,,,,2025-08-09,2025-08,False,False,True
main,887284572,60,9,Character Event,301,1969,2025-08-09 16:38:34,thrilling_tales_of_dragon_slayers,Thrilling Tales of Dragon Slayers,weapon,3,1,,,,2025-08-09,2025-08,False,False,True
main,887284572,60,9,Character Event,301,1970,2025-08-09 16:38:34,sharpshooters_oath,Sharpshooter's Oath,weapon,3,1,,,,2025-08-09,2025-08,False,False,True
main,887284572,60,9,Character Event,301,1971,2025-08-09 16:38:34,fischl,Fischl,character,4,6,1.0,Win,,2025-08-09,2025-08,False,True,False
main,887284572,60,9,Character Event,301,1972,2025-08-09 16:38:34,sharpshooters_oath,Sharpshooter's Oath,weapon,3,1,,,,2025-08-09,2025-08,False,False,True
main,887284572,60,9,Character Event,301,1973,2025-08-11 07:42:12,black_tassel,Black Tassel,weapon,3,1,,,,2025-08-11,2025-08,False,False,True
main,887284572,60,9,Character Event,301,1974,2025-08-11 07:42:12,slingshot,Slingshot,weapon,3,1,,,,2025-08-11,2025-08,False,False,True
main,887284572,60,9,Character Event,301,1975,2025-08-11 07:42:12,sharpshooters_oath,Sharpshooter's Oath,weapon,3,1,,,,2025-08-11,2025-08,False,False,True
main,887284572,60,9,Character Event,301,1976,2025-08-11 07:42:12,black_tassel,Black Tassel,weapon,3,1,,,,2025-08-11,2025-08,False,False,True
main,887284572,60,9,Character Event,301,1977,2025-08-11 07:42:12,debate_club,Debate Club,weapon,3,1,,,,2025-08-11,2025-08,False,False,True
main,887284572,60,9,Character Event,301,1978,2025-08-11 07:42:12,harbinger_of_dawn,Harbinger of Dawn,weapon,3,1,,,,2025-08-11,2025-08,False,False,True
main,887284572,60,9,Character Event,301,1979,2025-08-11 07:42:12,thrilling_tales_of_dragon_slayers,Thrilling Tales of Dragon Slayers,weapon,3,1,,,,2025-08-11,2025-08,False,False,True
main,887284572,60,9,Character Event,301,1980,2025-08-11 07:42:12,magic_guide,Magic Guide,weapon,3,1,,,,2025-08-11,2025-08,False,False,True
main,887284572,60,9,Character Event,301,1981,2025-08-11 07:42:12,favonius_sword,Favonius Sword,weapon,4,10,0.0,Lose,,2025-08-11,2025-08,False,True,False
main,887284572,60,9,Character Event,301,1982,2025-08-11 07:42:12,magic_guide,Magic Guide,weapon,3,1,,,,2025-08-11,2025-08,False,False,True
main,887284572,60,9,Character Event,301,1983,2025-08-15 07:26:44,raven_bow,Raven Bow,weapon,3,1,,,,2025-08-15,2025-08,False,False,True
main,887284572,60,9,Character Event,301,1984,2025-08-15 07:26:44,sharpshooters_oath,Sharpshooter's Oath,weapon,3,1,,,,2025-08-15,2025-08,False,False,True
main,887284572,60,9,Character Event,301,1985,2025-08-15 07:26:44,debate_club,Debate Club,weapon,3,1,,,,2025-08-15,2025-08,False,False,True
main,887284572,60,9,Character Event,301,1986,2025-08-15 07:26:44,debate_club,Debate Club,weapon,3,1,,,,2025-08-15,2025-08,False,False,True
main,887284572,60,9,Character Event,301,1987,2025-08-15 07:26:44,raven_bow,Raven Bow,weapon,3,1,,,,2025-08-15,2025-08,False,False,True
main,887284572,60,9,Character Event,301,1988,2025-08-15 07:26:44,skyrider_sword,Skyrider Sword,weapon,3,1,,,,2025-08-15,2025-08,False,False,True
main,887284572,60,9,Character Event,301,1989,2025-08-15 07:26:44,black_tassel,Black Tassel,weapon,3,1,,,,2025-08-15,2025-08,False,False,True
main,887284572,60,9,Character Event,301,1990,2025-08-15 07:26:44,sethos,Sethos,character,4,9,2.0,Guaranteed,,2025-08-15,2025-08,False,True,False
main,887284572,60,9,Character Event,301,1991,2025-08-15 07:26:44,raven_bow,Raven Bow,weapon,3,1,,,,2025-08-15,2025-08,False,False,True
main,887284572,60,9,Character Event,301,1992,2025-08-15 07:26:44,bloodtainted_greatsword,Bloodtainted Greatsword,weapon,3,1,,,,2025-08-15,2025-08,False,False,True
main,887284572,60,9,Character Event,400,1993,2025-08-26 06:43:50,slingshot,Slingshot,weapon,3,1,,,,2025-08-26,2025-08,False,False,True
main,887284572,60,9,Character Event,400,1994,2025-08-26 06:43:58,ferrous_shadow,Ferrous Shadow,weapon,3,1,,,,2025-08-26,2025-08,False,False,True
main,887284572,60,9,Character Event,400,1995,2025-08-26 06:44:05,debate_club,Debate Club,weapon,3,1,,,,2025-08-26,2025-08,False,False,True
main,887284572,60,9,Character Event,400,1996,2025-08-26 06:44:13,raven_bow,Raven Bow,weapon,3,1,,,,2025-08-26,2025-08,False,False,True
main,887284572,60,9,Character Event,400,1997,2025-08-26 06:44:22,magic_guide,Magic Guide,weapon,3,1,,,,2025-08-26,2025-08,False,False,True
main,887284572,60,9,Character Event,400,1998,2025-08-28 09:05:47,lions_roar,Lion's Roar,weapon,4,8,0.0,Lose,,2025-08-28,2025-08,False,True,False
main,887284572,60,9,Character Event,400,1999,2025-08-28 09:15:35,raven_bow,Raven Bow,weapon,3,1,,,,2025-08-28,2025-08,False,False,True
main,887284572,60,9,Character Event,400,2000,2025-08-28 09:15:45,skyrider_sword,Skyrider Sword,weapon,3,1,,,,2025-08-28,2025-08,False,False,True
main,887284572,60,9,Character Event,400,2001,2025-08-28 09:15:52,skyrider_sword,Skyrider Sword,weapon,3,1,,,,2025-08-28,2025-08,False,False,True
main,887284572,60,9,Character Event,400,2002,2025-08-28 09:15:58,cool_steel,Cool Steel,weapon,3,1,,,,2025-08-28,2025-08,False,False,True
main,887284572,60,9,Character Event,400,2003,2025-08-28 09:16:05,harbinger_of_dawn,Harbinger of Dawn,weapon,3,1,,,,2025-08-28,2025-08,False,False,True
main,887284572,60,9,Character Event,400,2004,2025-08-28 09:16:24,dehya,Dehya,character,5,77,0.0,Lose,,2025-08-28,2025-08,True,False,False
main,887284572,60,9,Character Event,400,2005,2025-08-28 09:47:35,raven_bow,Raven Bow,weapon,3,1,,,,2025-08-28,2025-08,False,False,True
main,887284572,60,9,Character Event,400,2006,2025-08-28 09:47:42,ferrous_shadow,Ferrous Shadow,weapon,3,1,,,,2025-08-28,2025-08,False,False,True
main,887284572,60,9,Character Event,400,2007,2025-08-28 09:47:49,black_tassel,Black Tassel,weapon,3,1,,,,2025-08-28,2025-08,False,False,True
main,887284572,60,9,Character Event,400,2008,2025-08-28 09:47:55,ororon,Ororon,character,4,10,2.0,Guaranteed,,2025-08-28,2025-08,False,True,False
main,887284572,60,9,Character Event,301,2009,2025-09-10 22:44:20,sharpshooters_oath,Sharpshooter's Oath,weapon,3,1,,,,2025-09-10,2025-09,False,False,True
main,887284572,60,9,Character Event,301,2010,2025-09-10 22:44:20,ferrous_shadow,Ferrous Shadow,weapon,3,1,,,,2025-09-10,2025-09,False,False,True
main,887284572,60,9,Character Event,301,2011,2025-09-10 22:44:20,debate_club,Debate Club,weapon,3,1,,,,2025-09-10,2025-09,False,False,True
main,887284572,60,9,Character Event,301,2012,2025-09-10 22:44:20,thrilling_tales_of_dragon_slayers,Thrilling Tales of Dragon Slayers,weapon,3,1,,,,2025-09-10,2025-09,False,False,True
main,887284572,60,9,Character Event,301,2013,2025-09-10 22:44:20,thrilling_tales_of_dragon_slayers,Thrilling Tales of Dragon Slayers,weapon,3,1,,,,2025-09-10,2025-09,False,False,True
main,887284572,60,9,Character Event,301,2014,2025-09-10 22:44:20,raven_bow,Raven Bow,weapon,3,1,,,,2025-09-10,2025-09,False,False,True
main,887284572,60,9,Character Event,301,2015,2025-09-10 22:44:20,debate_club,Debate Club,weapon,3,1,,,,2025-09-10,2025-09,False,False,True
main,887284572,60,9,Character Event,301,2016,2025-09-10 22:44:20,cool_steel,Cool Steel,weapon,3,1,,,,2025-09-10,2025-09,False,False,True
main,887284572,60,9,Character Event,301,2017,2025-09-10 22:44:20,black_tassel,Black Tassel,weapon,3,1,,,,2025-09-10,2025-09,False,False,True
main,887284572,60,9,Character Event,301,2018,2025-09-10 22:44:20,rust,Rust,weapon,4,10,0.0,Lose,,2025-09-10,2025-09,False,True,False
main,887284572,60,9,Character Event,301,2019,2025-09-10 22:44:30,sharpshooters_oath,Sharpshooter's Oath,weapon,3,1,,,,2025-09-10,2025-09,False,False,True
main,887284572,60,9,Character Event,301,2020,2025-09-10 22:44:30,slingshot,Slingshot,weapon,3,1,,,,2025-09-10,2025-09,False,False,True
main,887284572,60,9,Character Event,301,2021,2025-09-10 22:44:30,skyrider_sword,Skyrider Sword,weapon,3,1,,,,2025-09-10,2025-09,False,False,True
main,887284572,60,9,Character Event,301,2022,2025-09-10 22:44:30,harbinger_of_dawn,Harbinger of Dawn,weapon,3,1,,,,2025-09-10,2025-09,False,False,True
main,887284572,60,9,Character Event,301,2023,2025-09-10 22:44:30,cool_steel,Cool Steel,weapon,3,1,,,,2025-09-10,2025-09,False,False,True
main,887284572,60,9,Character Event,301,2024,2025-09-10 22:44:30,cool_steel,Cool Steel,weapon,3,1,,,,2025-09-10,2025-09,False,False,True
main,887284572,60,9,Character Event,301,2025,2025-09-10 22:44:30,slingshot,Slingshot,weapon,3,1,,,,2025-09-10,2025-09,False,False,True
main,887284572,60,9,Character Event,301,2026,2025-09-10 22:44:30,cool_steel,Cool Steel,weapon,3,1,,,,2025-09-10,2025-09,False,False,True
main,887284572,60,9,Character Event,301,2027,2025-09-10 22:44:30,thrilling_tales_of_dragon_slayers,Thrilling Tales of Dragon Slayers,weapon,3,1,,,,2025-09-10,2025-09,False,False,True
main,887284572,60,9,Character Event,301,2028,2025-09-10 22:44:30,kaveh,Kaveh,character,4,10,2.0,Guaranteed,,2025-09-10,2025-09,False,True,False
main,887284572,60,9,Character Event,301,2029,2025-09-10 22:44:39,debate_club,Debate Club,weapon,3,1,,,,2025-09-10,2025-09,False,False,True
main,887284572,60,9,Character Event,301,2030,2025-09-10 22:44:39,cool_steel,Cool Steel,weapon,3,1,,,,2025-09-10,2025-09,False,False,True
main,887284572,60,9,Character Event,301,2031,2025-09-10 22:44:39,emerald_orb,Emerald Orb,weapon,3,1,,,,2025-09-10,2025-09,False,False,True
main,887284572,60,9,Character Event,301,2032,2025-09-10 22:44:39,raven_bow,Raven Bow,weapon,3,1,,,,2025-09-10,2025-09,False,False,True
main,887284572,60,9,Character Event,301,2033,2025-09-10 22:44:39,emerald_orb,Emerald Orb,weapon,3,1,,,,2025-09-10,2025-09,False,False,True
main,887284572,60,9,Character Event,301,2034,2025-09-10 22:44:39,magic_guide,Magic Guide,weapon,3,1,,,,2025-09-10,2025-09,False,False,True
main,887284572,60,9,Character Event,301,2035,2025-09-10 22:44:39,thrilling_tales_of_dragon_slayers,Thrilling Tales of Dragon Slayers,weapon,3,1,,,,2025-09-10,2025-09,False,False,True
main,887284572,60,9,Character Event,301,2036,2025-09-10 22:44:39,magic_guide,Magic Guide,weapon,3,1,,,,2025-09-10,2025-09,False,False,True
main,887284572,60,9,Character Event,301,2037,2025-09-10 22:44:39,favonius_greatsword,Favonius Greatsword,weapon,4,9,0.0,Lose,,2025-09-10,2025-09,False,True,False
main,887284572,60,9,Character Event,301,2038,2025-09-10 22:44:39,debate_club,Debate Club,weapon,3,1,,,,2025-09-10,2025-09,False,False,True
main,887284572,60,9,Character Event,301,2039,2025-09-10 22:44:50,sharpshooters_oath,Sharpshooter's Oath,weapon,3,1,,,,2025-09-10,2025-09,False,False,True
main,887284572,60,9,Character Event,301,2040,2025-09-10 22:44:50,sharpshooters_oath,Sharpshooter's Oath,weapon,3,1,,,,2025-09-10,2025-09,False,False,True
main,887284572,60,9,Character Event,301,2041,2025-09-10 22:44:50,raven_bow,Raven Bow,weapon,3,1,,,,2025-09-10,2025-09,False,False,True
main,887284572,60,9,Character Event,301,2042,2025-09-10 22:44:50,emerald_orb,Emerald Orb,weapon,3,1,,,,2025-09-10,2025-09,False,False,True
main,887284572,60,9,Character Event,301,2043,2025-09-10 22:44:50,skyrider_sword,Skyrider Sword,weapon,3,1,,,,2025-09-10,2025-09,False,False,True
main,887284572,60,9,Character Event,301,2044,2025-09-10 22:44:50,ferrous_shadow,Ferrous Shadow,weapon,3,1,,,,2025-09-10,2025-09,False,False,True
main,887284572,60,9,Character Event,301,2045,2025-09-10 22:44:50,harbinger_of_dawn,Harbinger of Dawn,weapon,3,1,,,,2025-09-10,2025-09,False,False,True
main,887284572,60,9,Character Event,301,2046,2025-09-10 22:44:50,emerald_orb,Emerald Orb,weapon,3,1,,,,2025-09-10,2025-09,False,False,True
main,887284572,60,9,Character Event,301,2047,2025-09-10 22:44:50,kuki_shinobu,Kuki Shinobu,character,4,10,2.0,Guaranteed,,2025-09-10,2025-09,False,True,False
main,887284572,60,9,Character Event,301,2048,2025-09-10 22:44:50,emerald_orb,Emerald Orb,weapon,3,1,,,,2025-09-10,2025-09,False,False,True
main,887284572,60,9,Character Event,301,2049,2025-09-10 22:44:58,ferrous_shadow,Ferrous Shadow,weapon,3,1,,,,2025-09-10,2025-09,False,False,True
main,887284572,60,9,Character Event,301,2050,2025-09-10 22:44:58,debate_club,Debate Club,weapon,3,1,,,,2025-09-10,2025-09,False,False,True
main,887284572,60,9,Character Event,301,2051,2025-09-10 22:44:58,harbinger_of_dawn,Harbinger of Dawn,weapon,3,1,,,,2025-09-10,2025-09,False,False,True
main,887284572,60,9,Character Event,301,2052,2025-09-10 22:44:58,magic_guide,Magic Guide,weapon,3,1,,,,2025-09-10,2025-09,False,False,True
main,887284572,60,9,Character Event,301,2053,2025-09-10 22:44:58,thrilling_tales_of_dragon_slayers,Thrilling Tales of Dragon Slayers,weapon,3,1,,,,2025-09-10,2025-09,False,False,True
main,887284572,60,9,Character Event,301,2054,2025-09-10 22:44:58,debate_club,Debate Club,weapon,3,1,,,,2025-09-10,2025-09,False,False,True
main,887284572,60,9,Character Event,301,2055,2025-09-10 22:44:58,harbinger_of_dawn,Harbinger of Dawn,weapon,3,1,,,,2025-09-10,2025-09,False,False,True
main,887284572,60,9,Character Event,301,2056,2025-09-10 22:44:58,barbara,Barbara,character,4,9,1.0,Win,,2025-09-10,2025-09,False,True,False
main,887284572,60,9,Character Event,301,2057,2025-09-10 22:44:58,cool_steel,Cool Steel,weapon,3,1,,,,2025-09-10,2025-09,False,False,True
main,887284572,60,9,Character Event,301,2058,2025-09-10 22:44:58,emerald_orb,Emerald Orb,weapon,3,1,,,,2025-09-10,2025-09,False,False,True
main,887284572,60,9,Character Event,301,2059,2025-09-10 22:45:09,cool_steel,Cool Steel,weapon,3,1,,,,2025-09-10,2025-09,False,False,True
main,887284572,60,9,Character Event,301,2060,2025-09-10 22:45:09,emerald_orb,Emerald Orb,weapon,3,1,,,,2025-09-10,2025-09,False,False,True
main,887284572,60,9,Character Event,301,2061,2025-09-10 22:45:09,magic_guide,Magic Guide,weapon,3,1,,,,2025-09-10,2025-09,False,False,True
main,887284572,60,9,Character Event,301,2062,2025-09-10 22:45:09,thrilling_tales_of_dragon_slayers,Thrilling Tales of Dragon Slayers,weapon,3,1,,,,2025-09-10,2025-09,False,False,True
main,887284572,60,9,Character Event,301,2063,2025-09-10 22:45:09,raven_bow,Raven Bow,weapon,3,1,,,,2025-09-10,2025-09,False,False,True
main,887284572,60,9,Character Event,301,2064,2025-09-10 22:45:09,debate_club,Debate Club,weapon,3,1,,,,2025-09-10,2025-09,False,False,True
main,887284572,60,9,Character Event,301,2065,2025-09-10 22:45:09,favonius_warbow,Favonius Warbow,weapon,4,9,0.0,Lose,,2025-09-10,2025-09,False,True,False
main,887284572,60,9,Character Event,301,2066,2025-09-10 22:45:09,thrilling_tales_of_dragon_slayers,Thrilling Tales of Dragon Slayers,weapon,3,1,,,,2025-09-10,2025-09,False,False,True
main,887284572,60,9,Character Event,301,2067,2025-09-10 22:45:09,kuki_shinobu,Kuki Shinobu,character,4,2,2.0,Guaranteed,,2025-09-10,2025-09,False,True,False
main,887284572,60,9,Character Event,301,2068,2025-09-10 22:45:09,ferrous_shadow,Ferrous Shadow,weapon,3,1,,,,2025-09-10,2025-09,False,False,True
main,887284572,60,9,Character Event,301,2069,2025-09-10 22:45:17,black_tassel,Black Tassel,weapon,3,1,,,,2025-09-10,2025-09,False,False,True
main,887284572,60,9,Character Event,301,2070,2025-09-10 22:45:17,raven_bow,Raven Bow,weapon,3,1,,,,2025-09-10,2025-09,False,False,True
main,887284572,60,9,Character Event,301,2071,2025-09-10 22:45:17,harbinger_of_dawn,Harbinger of Dawn,weapon,3,1,,,,2025-09-10,2025-09,False,False,True
main,887284572,60,9,Character Event,301,2072,2025-09-10 22:45:17,emerald_orb,Emerald Orb,weapon,3,1,,,,2025-09-10,2025-09,False,False,True
main,887284572,60,9,Character Event,301,2073,2025-09-10 22:45:17,skyrider_sword,Skyrider Sword,weapon,3,1,,,,2025-09-10,2025-09,False,False,True
main,887284572,60,9,Character Event,301,2074,2025-09-10 22:45:17,sacrificial_sword,Sacrificial Sword,weapon,4,7,0.0,Lose,,2025-09-10,2025-09,False,True,False
main,887284572,60,9,Character Event,301,2075,2025-09-10 22:45:17,cool_steel,Cool Steel,weapon,3,1,,,,2025-09-10,2025-09,False,False,True
main,887284572,60,9,Character Event,301,2076,2025-09-10 22:45:17,sharpshooters_oath,Sharpshooter's Oath,weapon,3,1,,,,2025-09-10,2025-09,False,False,True
main,887284572,60,9,Character Event,301,2077,2025-09-10 22:45:17,emerald_orb,Emerald Orb,weapon,3,1,,,,2025-09-10,2025-09,False,False,True
main,887284572,60,9,Character Event,301,2078,2025-09-10 22:45:17,harbinger_of_dawn,Harbinger of Dawn,weapon,3,1,,,,2025-09-10,2025-09,False,False,True
main,887284572,60,9,Character Event,301,2079,2025-09-10 22:45:26,lauma,Lauma,character,5,75,2.0,Guaranteed,,2025-09-10,2025-09,True,False,False
main,887284572,60,9,Character Event,301,2080,2025-09-10 22:45:26,emerald_orb,Emerald Orb,weapon,3,1,,,,2025-09-10,2025-09,False,False,True
main,887284572,60,9,Character Event,301,2081,2025-09-10 22:45:26,kaveh,Kaveh,character,4,7,2.0,Guaranteed,,2025-09-10,2025-09,False,True,False
main,887284572,60,9,Character Event,301,2082,2025-09-10 22:45:26,harbinger_of_dawn,Harbinger of Dawn,weapon,3,1,,,,2025-09-10,2025-09,False,False,True
main,887284572,60,9,Character Event,301,2083,2025-09-10 22:45:26,skyrider_sword,Skyrider Sword,weapon,3,1,,,,2025-09-10,2025-09,False,False,True
main,887284572,60,9,Character Event,301,2084,2025-09-10 22:45:26,bloodtainted_greatsword,Bloodtainted Greatsword,weapon,3,1,,,,2025-09-10,2025-09,False,False,True
main,887284572,60,9,Character Event,301,2085,2025-09-10 22:45:26,favonius_greatsword,Favonius Greatsword,weapon,4,4,0.0,Lose,,2025-09-10,2025-09,False,True,False
main,887284572,60,9,Character Event,301,2086,2025-09-10 22:45:26,harbinger_of_dawn,Harbinger of Dawn,weapon,3,1,,,,2025-09-10,2025-09,False,False,True
main,887284572,60,9,Character Event,301,2087,2025-09-10 22:45:26,raven_bow,Raven Bow,weapon,3,1,,,,2025-09-10,2025-09,False,False,True
main,887284572,60,9,Character Event,301,2088,2025-09-10 22:45:26,thrilling_tales_of_dragon_slayers,Thrilling Tales of Dragon Slayers,weapon,3,1,,,,2025-09-10,2025-09,False,False,True
main,887284572,60,9,Character Event,301,2089,2025-09-10 23:28:07,raven_bow,Raven Bow,weapon,3,1,,,,2025-09-10,2025-09,False,False,True
main,887284572,60,9,Character Event,301,2090,2025-09-10 23:28:15,skyrider_sword,Skyrider Sword,weapon,3,1,,,,2025-09-10,2025-09,False,False,True
main,887284572,60,9,Character Event,301,2091,2025-09-10 23:28:22,sharpshooters_oath,Sharpshooter's Oath,weapon,3,1,,,,2025-09-10,2025-09,False,False,True
main,887284572,60,9,Character Event,301,2092,2025-09-10 23:28:33,skyrider_sword,Skyrider Sword,weapon,3,1,,,,2025-09-10,2025-09,False,False,True
main,887284572,60,9,Character Event,301,2093,2025-09-10 23:28:41,thrilling_tales_of_dragon_slayers,Thrilling Tales of Dragon Slayers,weapon,3,1,,,,2025-09-10,2025-09,False,False,True
main,887284572,60,9,Character Event,301,2094,2025-09-10 23:30:02,kuki_shinobu,Kuki Shinobu,character,4,9,2.0,Guaranteed,,2025-09-10,2025-09,False,True,False
main,887284572,60,9,Character Event,400,2095,2025-09-30 19:32:49,skyrider_sword,Skyrider Sword,weapon,3,1,,,,2025-09-30,2025-09,False,False,True
main,887284572,60,9,Character Event,400,2096,2025-09-30 19:32:49,skyrider_sword,Skyrider Sword,weapon,3,1,,,,2025-09-30,2025-09,False,False,True
main,887284572,60,9,Character Event,400,2097,2025-09-30 19:32:49,skyrider_sword,Skyrider Sword,weapon,3,1,,,,2025-09-30,2025-09,False,False,True
main,887284572,60,9,Character Event,400,2098,2025-09-30 19:32:49,skyrider_sword,Skyrider Sword,weapon,3,1,,,,2025-09-30,2025-09,False,False,True
main,887284572,60,9,Character Event,400,2099,2025-09-30 19:32:49,emerald_orb,Emerald Orb,weapon,3,1,,,,2025-09-30,2025-09,False,False,True
main,887284572,60,9,Character Event,400,2100,2025-09-30 19:32:49,emerald_orb,Emerald Orb,weapon,3,1,,,,2025-09-30,2025-09,False,False,True
main,887284572,60,9,Character Event,400,2101,2025-09-30 19:32:49,slingshot,Slingshot,weapon,3,1,,,,2025-09-30,2025-09,False,False,True
main,887284572,60,9,Character Event,400,2102,2025-09-30 19:32:49,thrilling_tales_of_dragon_slayers,Thrilling Tales of Dragon Slayers,weapon,3,1,,,,2025-09-30,2025-09,False,False,True
main,887284572,60,9,Character Event,400,2103,2025-09-30 19:32:49,yelan,Yelan,character,5,24,1.0,Win,,2025-09-30,2025-09,True,False,False
main,887284572,60,9,Character Event,400,2104,2025-09-30 19:32:49,eye_of_perception,Eye of Perception,weapon,4,10,0.0,Lose,,2025-09-30,2025-09,False,True,False
main,887284572,60,9,Character Event,301,2105,2025-10-02 09:48:53,dori,Dori,character,4,1,2.0,Guaranteed,,2025-10-02,2025-10,False,True,False
main,887284572,60,9,Character Event,301,2106,2025-10-02 09:48:53,bloodtainted_greatsword,Bloodtainted Greatsword,weapon,3,1,,,,2025-10-02,2025-10,False,False,True
main,887284572,60,9,Character Event,301,2107,2025-10-02 09:48:53,harbinger_of_dawn,Harbinger of Dawn,weapon,3,1,,,,2025-10-02,2025-10,False,False,True
main,887284572,60,9,Character Event,301,2108,2025-10-02 09:48:53,cool_steel,Cool Steel,weapon,3,1,,,,2025-10-02,2025-10,False,False,True
main,887284572,60,9,Character Event,301,2109,2025-10-02 09:48:53,cool_steel,Cool Steel,weapon,3,1,,,,2025-10-02,2025-10,False,False,True
main,887284572,60,9,Character Event,301,2110,2025-10-02 09:48:53,the_bell,The Bell,weapon,4,5,0.0,Lose,,2025-10-02,2025-10,False,True,False
main,887284572,60,9,Character Event,301,2111,2025-10-02 09:48:53,emerald_orb,Emerald Orb,weapon,3,1,,,,2025-10-02,2025-10,False,False,True
main,887284572,60,9,Character Event,301,2112,2025-10-02 09:48:53,ferrous_shadow,Ferrous Shadow,weapon,3,1,,,,2025-10-02,2025-10,False,False,True
main,887284572,60,9,Character Event,301,2113,2025-10-02 09:48:53,bloodtainted_greatsword,Bloodtainted Greatsword,weapon,3,1,,,,2025-10-02,2025-10,False,False,True
main,887284572,60,9,Character Event,301,2114,2025-10-02 09:48:53,sharpshooters_oath,Sharpshooter's Oath,weapon,3,1,,,,2025-10-02,2025-10,False,False,True
main,887284572,60,9,Character Event,301,2115,2025-10-02 09:49:19,harbinger_of_dawn,Harbinger of Dawn,weapon,3,1,,,,2025-10-02,2025-10,False,False,True
main,887284572,60,9,Character Event,301,2116,2025-10-02 09:49:19,ferrous_shadow,Ferrous Shadow,weapon,3,1,,,,2025-10-02,2025-10,False,False,True
main,887284572,60,9,Character Event,301,2117,2025-10-02 09:49:19,ferrous_shadow,Ferrous Shadow,weapon,3,1,,,,2025-10-02,2025-10,False,False,True
main,887284572,60,9,Character Event,301,2118,2025-10-02 09:49:19,ferrous_shadow,Ferrous Shadow,weapon,3,1,,,,2025-10-02,2025-10,False,False,True
main,887284572,60,9,Character Event,301,2119,2025-10-02 09:49:19,dori,Dori,character,4,9,2.0,Guaranteed,,2025-10-02,2025-10,False,True,False
main,887284572,60,9,Character Event,301,2120,2025-10-02 09:49:19,aino,Aino,character,4,1,1.0,Win,,2025-10-02,2025-10,False,True,False
main,887284572,60,9,Character Event,301,2121,2025-10-02 09:49:19,lions_roar,Lion's Roar,weapon,4,1,0.0,Lose,,2025-10-02,2025-10,False,True,False
main,887284572,60,9,Character Event,301,2122,2025-10-02 09:49:19,thrilling_tales_of_dragon_slayers,Thrilling Tales of Dragon Slayers,weapon,3,1,,,,2025-10-02,2025-10,False,False,True
main,887284572,60,9,Character Event,301,2123,2025-10-02 09:49:19,harbinger_of_dawn,Harbinger of Dawn,weapon,3,1,,,,2025-10-02,2025-10,False,False,True
main,887284572,60,9,Character Event,301,2124,2025-10-02 09:49:19,sharpshooters_oath,Sharpshooter's Oath,weapon,3,1,,,,2025-10-02,2025-10,False,False,True
main,887284572,60,9,Character Event,301,2125,2025-10-02 09:49:46,thrilling_tales_of_dragon_slayers,Thrilling Tales of Dragon Slayers,weapon,3,1,,,,2025-10-02,2025-10,False,False,True
main,887284572,60,9,Character Event,301,2126,2025-10-02 09:49:46,thrilling_tales_of_dragon_slayers,Thrilling Tales of Dragon Slayers,weapon,3,1,,,,2025-10-02,2025-10,False,False,True
main,887284572,60,9,Character Event,301,2127,2025-10-02 09:49:46,black_tassel,Black Tassel,weapon,3,1,,,,2025-10-02,2025-10,False,False,True
main,887284572,60,9,Character Event,301,2128,2025-10-02 09:49:46,cool_steel,Cool Steel,weapon,3,1,,,,2025-10-02,2025-10,False,False,True
main,887284572,60,9,Character Event,301,2129,2025-10-02 09:49:46,dori,Dori,character,4,8,2.0,Guaranteed,,2025-10-02,2025-10,False,True,False
main,887284572,60,9,Character Event,301,2130,2025-10-02 09:49:46,debate_club,Debate Club,weapon,3,1,,,,2025-10-02,2025-10,False,False,True
main,887284572,60,9,Character Event,301,2131,2025-10-02 09:49:46,slingshot,Slingshot,weapon,3,1,,,,2025-10-02,2025-10,False,False,True
main,887284572,60,9,Character Event,301,2132,2025-10-02 09:49:46,sharpshooters_oath,Sharpshooter's Oath,weapon,3,1,,,,2025-10-02,2025-10,False,False,True
main,887284572,60,9,Character Event,301,2133,2025-10-02 09:49:46,harbinger_of_dawn,Harbinger of Dawn,weapon,3,1,,,,2025-10-02,2025-10,False,False,True
main,887284572,60,9,Character Event,301,2134,2025-10-02 09:49:46,raven_bow,Raven Bow,weapon,3,1,,,,2025-10-02,2025-10,False,False,True
main,887284572,60,9,Character Event,301,2135,2025-10-02 09:50:36,ferrous_shadow,Ferrous Shadow,weapon,3,1,,,,2025-10-02,2025-10,False,False,True
main,887284572,60,9,Character Event,301,2136,2025-10-02 09:50:36,raven_bow,Raven Bow,weapon,3,1,,,,2025-10-02,2025-10,False,False,True
main,887284572,60,9,Character Event,301,2137,2025-10-02 09:50:36,emerald_orb,Emerald Orb,weapon,3,1,,,,2025-10-02,2025-10,False,False,True
main,887284572,60,9,Character Event,301,2138,2025-10-02 09:50:36,bloodtainted_greatsword,Bloodtainted Greatsword,weapon,3,1,,,,2025-10-02,2025-10,False,False,True
main,887284572,60,9,Character Event,301,2139,2025-10-02 09:50:36,favonius_greatsword,Favonius Greatsword,weapon,4,10,0.0,Lose,,2025-10-02,2025-10,False,True,False
main,887284572,60,9,Character Event,301,2140,2025-10-02 09:50:36,debate_club,Debate Club,weapon,3,1,,,,2025-10-02,2025-10,False,False,True
main,887284572,60,9,Character Event,301,2141,2025-10-02 09:50:36,slingshot,Slingshot,weapon,3,1,,,,2025-10-02,2025-10,False,False,True
main,887284572,60,9,Character Event,301,2142,2025-10-02 09:50:36,harbinger_of_dawn,Harbinger of Dawn,weapon,3,1,,,,2025-10-02,2025-10,False,False,True
main,887284572,60,9,Character Event,301,2143,2025-10-02 09:50:36,emerald_orb,Emerald Orb,weapon,3,1,,,,2025-10-02,2025-10,False,False,True
main,887284572,60,9,Character Event,301,2144,2025-10-02 09:50:36,debate_club,Debate Club,weapon,3,1,,,,2025-10-02,2025-10,False,False,True
main,887284572,60,9,Character Event,301,2145,2025-10-02 09:50:48,sharpshooters_oath,Sharpshooter's Oath,weapon,3,1,,,,2025-10-02,2025-10,False,False,True
main,887284572,60,9,Character Event,301,2146,2025-10-02 09:50:48,harbinger_of_dawn,Harbinger of Dawn,weapon,3,1,,,,2025-10-02,2025-10,False,False,True
main,887284572,60,9,Character Event,301,2147,2025-10-02 09:50:48,slingshot,Slingshot,weapon,3,1,,,,2025-10-02,2025-10,False,False,True
main,887284572,60,9,Character Event,301,2148,2025-10-02 09:50:48,dori,Dori,character,4,9,2.0,Guaranteed,,2025-10-02,2025-10,False,True,False
main,887284572,60,9,Character Event,301,2149,2025-10-02 09:50:48,debate_club,Debate Club,weapon,3,1,,,,2025-10-02,2025-10,False,False,True
main,887284572,60,9,Character Event,301,2150,2025-10-02 09:50:48,emerald_orb,Emerald Orb,weapon,3,1,,,,2025-10-02,2025-10,False,False,True
main,887284572,60,9,Character Event,301,2151,2025-10-02 09:50:48,sharpshooters_oath,Sharpshooter's Oath,weapon,3,1,,,,2025-10-02,2025-10,False,False,True
main,887284572,60,9,Character Event,301,2152,2025-10-02 09:50:48,thrilling_tales_of_dragon_slayers,Thrilling Tales of Dragon Slayers,weapon,3,1,,,,2025-10-02,2025-10,False,False,True
main,887284572,60,9,Character Event,301,2153,2025-10-02 09:50:48,cool_steel,Cool Steel,weapon,3,1,,,,2025-10-02,2025-10,False,False,True
main,887284572,60,9,Character Event,301,2154,2025-10-02 09:50:48,skyrider_sword,Skyrider Sword,weapon,3,1,,,,2025-10-02,2025-10,False,False,True
main,887284572,60,9,Character Event,301,2155,2025-10-02 09:51:04,cool_steel,Cool Steel,weapon,3,1,,,,2025-10-02,2025-10,False,False,True
main,887284572,60,9,Character Event,301,2156,2025-10-02 09:51:04,aino,Aino,character,4,8,1.0,Win,,2025-10-02,2025-10,False,True,False
main,887284572,60,9,Character Event,301,2157,2025-10-02 09:51:04,cool_steel,Cool Steel,weapon,3,1,,,,2025-10-02,2025-10,False,False,True
main,887284572,60,9,Character Event,301,2158,2025-10-02 09:51:04,sharpshooters_oath,Sharpshooter's Oath,weapon,3,1,,,,2025-10-02,2025-10,False,False,True
main,887284572,60,9,Character Event,301,2159,2025-10-02 09:51:04,magic_guide,Magic Guide,weapon,3,1,,,,2025-10-02,2025-10,False,False,True
main,887284572,60,9,Character Event,301,2160,2025-10-02 09:51:04,black_tassel,Black Tassel,weapon,3,1,,,,2025-10-02,2025-10,False,False,True
main,887284572,60,9,Character Event,301,2161,2025-10-02 09:51:04,raven_bow,Raven Bow,weapon,3,1,,,,2025-10-02,2025-10,False,False,True
main,887284572,60,9,Character Event,301,2162,2025-10-02 09:51:04,slingshot,Slingshot,weapon,3,1,,,,2025-10-02,2025-10,False,False,True
main,887284572,60,9,Character Event,301,2163,2025-10-02 09:51:04,raven_bow,Raven Bow,weapon,3,1,,,,2025-10-02,2025-10,False,False,True
main,887284572,60,9,Character Event,301,2164,2025-10-02 09:51:04,dori,Dori,character,4,8,1.0,Win,,2025-10-02,2025-10,False,True,False
main,887284572,60,9,Character Event,400,2165,2025-10-02 09:54:13,magic_guide,Magic Guide,weapon,3,1,,,,2025-10-02,2025-10,False,False,True
main,887284572,60,9,Character Event,400,2166,2025-10-02 09:54:19,harbinger_of_dawn,Harbinger of Dawn,weapon,3,1,,,,2025-10-02,2025-10,False,False,True
main,887284572,60,9,Character Event,400,2167,2025-10-02 09:54:25,sharpshooters_oath,Sharpshooter's Oath,weapon,3,1,,,,2025-10-02,2025-10,False,False,True
main,887284572,60,9,Character Event,400,2168,2025-10-02 09:54:30,debate_club,Debate Club,weapon,3,1,,,,2025-10-02,2025-10,False,False,True
main,887284572,60,9,Character Event,400,2169,2025-10-02 09:54:35,ferrous_shadow,Ferrous Shadow,weapon,3,1,,,,2025-10-02,2025-10,False,False,True
main,887284572,60,9,Character Event,400,2170,2025-10-02 09:54:41,emerald_orb,Emerald Orb,weapon,3,1,,,,2025-10-02,2025-10,False,False,True
main,887284572,60,9,Character Event,400,2171,2025-10-02 09:54:47,slingshot,Slingshot,weapon,3,1,,,,2025-10-02,2025-10,False,False,True
main,887284572,60,9,Character Event,400,2172,2025-10-02 09:54:52,skyrider_sword,Skyrider Sword,weapon,3,1,,,,2025-10-02,2025-10,False,False,True
main,887284572,60,9,Character Event,400,2173,2025-10-02 09:54:58,sucrose,Sucrose,character,4,9,1.0,Win,,2025-10-02,2025-10,False,True,False
main,887284572,60,9,Character Event,400,2174,2025-10-02 09:55:28,skyrider_sword,Skyrider Sword,weapon,3,1,,,,2025-10-02,2025-10,False,False,True
main,887284572,60,9,Character Event,400,2175,2025-10-02 09:55:35,yelan,Yelan,character,5,72,1.0,Win,,2025-10-02,2025-10,True,False,False
main,887284572,60,9,Character Event,301,2176,2025-10-02 09:56:09,black_tassel,Black Tassel,weapon,3,1,,,,2025-10-02,2025-10,False,False,True
main,887284572,60,9,Character Event,301,2177,2025-10-02 09:56:09,sharpshooters_oath,Sharpshooter's Oath,weapon,3,1,,,,2025-10-02,2025-10,False,False,True
main,887284572,60,9,Character Event,301,2178,2025-10-02 09:56:09,favonius_warbow,Favonius Warbow,weapon,4,5,0.0,Lose,,2025-10-02,2025-10,False,True,False
main,887284572,60,9,Character Event,301,2179,2025-10-02 09:56:09,debate_club,Debate Club,weapon,3,1,,,,2025-10-02,2025-10,False,False,True
main,887284572,60,9,Character Event,301,2180,2025-10-02 09:56:09,cool_steel,Cool Steel,weapon,3,1,,,,2025-10-02,2025-10,False,False,True
main,887284572,60,9,Character Event,301,2181,2025-10-02 09:56:09,cool_steel,Cool Steel,weapon,3,1,,,,2025-10-02,2025-10,False,False,True
main,887284572,60,9,Character Event,301,2182,2025-10-02 09:56:09,emerald_orb,Emerald Orb,weapon,3,1,,,,2025-10-02,2025-10,False,False,True
main,887284572,60,9,Character Event,301,2183,2025-10-02 09:56:09,black_tassel,Black Tassel,weapon,3,1,,,,2025-10-02,2025-10,False,False,True
main,887284572,60,9,Character Event,301,2184,2025-10-02 09:56:09,magic_guide,Magic Guide,weapon,3,1,,,,2025-10-02,2025-10,False,False,True
main,887284572,60,9,Character Event,301,2185,2025-10-02 09:56:09,harbinger_of_dawn,Harbinger of Dawn,weapon,3,1,,,,2025-10-02,2025-10,False,False,True
main,887284572,60,9,Character Event,301,2186,2025-10-17 09:10:23,thrilling_tales_of_dragon_slayers,Thrilling Tales of Dragon Slayers,weapon,3,1,,,,2025-10-17,2025-10,False,False,True
main,887284572,60,9,Character Event,301,2187,2025-10-17 09:10:23,sucrose,Sucrose,character,4,9,2.0,Guaranteed,,2025-10-17,2025-10,False,True,False
main,887284572,60,9,Character Event,301,2188,2025-10-17 09:10:23,thrilling_tales_of_dragon_slayers,Thrilling Tales of Dragon Slayers,weapon,3,1,,,,2025-10-17,2025-10,False,False,True
main,887284572,60,9,Character Event,301,2189,2025-10-17 09:10:23,sucrose,Sucrose,character,4,2,1.0,Win,,2025-10-17,2025-10,False,True,False
main,887284572,60,9,Character Event,301,2190,2025-10-17 09:10:23,slingshot,Slingshot,weapon,3,1,,,,2025-10-17,2025-10,False,False,True
main,887284572,60,9,Character Event,301,2191,2025-10-17 09:10:23,raven_bow,Raven Bow,weapon,3,1,,,,2025-10-17,2025-10,False,False,True
main,887284572,60,9,Character Event,301,2192,2025-10-17 09:10:23,harbinger_of_dawn,Harbinger of Dawn,weapon,3,1,,,,2025-10-17,2025-10,False,False,True
main,887284572,60,9,Character Event,301,2193,2025-10-17 09:10:23,magic_guide,Magic Guide,weapon,3,1,,,,2025-10-17,2025-10,False,False,True
main,887284572,60,9,Character Event,301,2194,2025-10-17 09:10:23,slingshot,Slingshot,weapon,3,1,,,,2025-10-17,2025-10,False,False,True
main,887284572,60,9,Character Event,301,2195,2025-10-17 09:10:23,raven_bow,Raven Bow,weapon,3,1,,,,2025-10-17,2025-10,False,False,True
main,887284572,60,9,Character Event,301,2196,2025-10-17 09:12:19,harbinger_of_dawn,Harbinger of Dawn,weapon,3,1,,,,2025-10-17,2025-10,False,False,True
main,887284572,60,9,Character Event,301,2197,2025-10-17 09:12:19,thrilling_tales_of_dragon_slayers,Thrilling Tales of Dragon Slayers,weapon,3,1,,,,2025-10-17,2025-10,False,False,True
main,887284572,60,9,Character Event,301,2198,2025-10-17 09:12:19,sacrificial_fragments,Sacrificial Fragments,weapon,4,9,0.0,Lose,,2025-10-17,2025-10,False,True,False
main,887284572,60,9,Character Event,301,2199,2025-10-17 09:12:19,bloodtainted_greatsword,Bloodtainted Greatsword,weapon,3,1,,,,2025-10-17,2025-10,False,False,True
main,887284572,60,9,Character Event,301,2200,2025-10-17 09:12:19,sucrose,Sucrose,character,4,2,2.0,Guaranteed,,2025-10-17,2025-10,False,True,False
main,887284572,60,9,Character Event,301,2201,2025-10-17 09:12:19,black_tassel,Black Tassel,weapon,3,1,,,,2025-10-17,2025-10,False,False,True
main,887284572,60,9,Character Event,301,2202,2025-10-17 09:12:19,sharpshooters_oath,Sharpshooter's Oath,weapon,3,1,,,,2025-10-17,2025-10,False,False,True
main,887284572,60,9,Character Event,301,2203,2025-10-17 09:12:19,cool_steel,Cool Steel,weapon,3,1,,,,2025-10-17,2025-10,False,False,True
main,887284572,60,9,Character Event,301,2204,2025-10-17 09:12:19,ferrous_shadow,Ferrous Shadow,weapon,3,1,,,,2025-10-17,2025-10,False,False,True
main,887284572,60,9,Character Event,301,2205,2025-10-17 09:12:19,slingshot,Slingshot,weapon,3,1,,,,2025-10-17,2025-10,False,False,True
main,887284572,60,9,Character Event,301,2206,2025-10-17 09:20:58,sharpshooters_oath,Sharpshooter's Oath,weapon,3,1,,,,2025-10-17,2025-10,False,False,True
main,887284572,60,9,Character Event,301,2207,2025-10-17 09:20:58,slingshot,Slingshot,weapon,3,1,,,,2025-10-17,2025-10,False,False,True
main,887284572,60,9,Character Event,301,2208,2025-10-17 09:20:58,thrilling_tales_of_dragon_slayers,Thrilling Tales of Dragon Slayers,weapon,3,1,,,,2025-10-17,2025-10,False,False,True
main,887284572,60,9,Character Event,301,2209,2025-10-17 09:20:58,sacrificial_greatsword,Sacrificial Greatsword,weapon,4,9,0.0,Lose,,2025-10-17,2025-10,False,True,False
main,887284572,60,9,Character Event,301,2210,2025-10-17 09:20:58,cool_steel,Cool Steel,weapon,3,1,,,,2025-10-17,2025-10,False,False,True
main,887284572,60,9,Character Event,301,2211,2025-10-17 09:20:58,thrilling_tales_of_dragon_slayers,Thrilling Tales of Dragon Slayers,weapon,3,1,,,,2025-10-17,2025-10,False,False,True
main,887284572,60,9,Character Event,301,2212,2025-10-17 09:20:58,dori,Dori,character,4,3,2.0,Guaranteed,,2025-10-17,2025-10,False,True,False
main,887284572,60,9,Character Event,301,2213,2025-10-17 09:20:58,sharpshooters_oath,Sharpshooter's Oath,weapon,3,1,,,,2025-10-17,2025-10,False,False,True
main,887284572,60,9,Character Event,301,2214,2025-10-17 09:20:58,debate_club,Debate Club,weapon,3,1,,,,2025-10-17,2025-10,False,False,True
main,887284572,60,9,Character Event,301,2215,2025-10-17 09:20:58,harbinger_of_dawn,Harbinger of Dawn,weapon,3,1,,,,2025-10-17,2025-10,False,False,True
main,887284572,60,9,Character Event,301,2216,2025-10-18 04:41:14,raven_bow,Raven Bow,weapon,3,1,,,,2025-10-18,2025-10,False,False,True
main,887284572,60,9,Character Event,301,2217,2025-10-18 04:41:21,emerald_orb,Emerald Orb,weapon,3,1,,,,2025-10-18,2025-10,False,False,True
main,887284572,60,9,Character Event,301,2218,2025-10-18 04:41:27,skyrider_sword,Skyrider Sword,weapon,3,1,,,,2025-10-18,2025-10,False,False,True
main,887284572,60,9,Character Event,301,2219,2025-10-18 04:41:33,faruzan,Faruzan,character,4,7,0.0,Lose,,2025-10-18,2025-10,False,True,False
main,887284572,60,9,Character Event,301,2220,2025-10-18 04:41:44,debate_club,Debate Club,weapon,3,1,,,,2025-10-18,2025-10,False,False,True
main,887284572,60,9,Character Event,301,2221,2025-10-22 13:16:15,black_tassel,Black Tassel,weapon,3,1,,,,2025-10-22,2025-10,False,False,True
main,887284572,60,9,Character Event,301,2222,2025-10-22 13:16:15,skyrider_sword,Skyrider Sword,weapon,3,1,,,,2025-10-22,2025-10,False,False,True
main,887284572,60,9,Character Event,301,2223,2025-10-22 13:16:15,emerald_orb,Emerald Orb,weapon,3,1,,,,2025-10-22,2025-10,False,False,True
main,887284572,60,9,Character Event,301,2224,2025-10-22 13:16:15,thrilling_tales_of_dragon_slayers,Thrilling Tales of Dragon Slayers,weapon,3,1,,,,2025-10-22,2025-10,False,False,True
main,887284572,60,9,Character Event,301,2225,2025-10-22 13:16:15,ferrous_shadow,Ferrous Shadow,weapon,3,1,,,,2025-10-22,2025-10,False,False,True
main,887284572,60,9,Character Event,301,2226,2025-10-22 13:16:15,magic_guide,Magic Guide,weapon,3,1,,,,2025-10-22,2025-10,False,False,True
main,887284572,60,9,Character Event,301,2227,2025-10-22 13:16:15,magic_guide,Magic Guide,weapon,3,1,,,,2025-10-22,2025-10,False,False,True
main,887284572,60,9,Character Event,301,2228,2025-10-22 13:16:15,xingqiu,Xingqiu,character,4,9,2.0,Guaranteed,,2025-10-22,2025-10,False,True,False
main,887284572,60,9,Character Event,301,2229,2025-10-22 13:16:15,cool_steel,Cool Steel,weapon,3,1,,,,2025-10-22,2025-10,False,False,True
main,887284572,60,9,Character Event,301,2230,2025-10-22 13:16:15,cool_steel,Cool Steel,weapon,3,1,,,,2025-10-22,2025-10,False,False,True
main,887284572,60,9,Character Event,301,2231,2025-10-22 13:17:00,sharpshooters_oath,Sharpshooter's Oath,weapon,3,1,,,,2025-10-22,2025-10,False,False,True
main,887284572,60,9,Character Event,301,2232,2025-10-22 13:17:00,thrilling_tales_of_dragon_slayers,Thrilling Tales of Dragon Slayers,weapon,3,1,,,,2025-10-22,2025-10,False,False,True
main,887284572,60,9,Character Event,301,2233,2025-10-22 13:17:00,harbinger_of_dawn,Harbinger of Dawn,weapon,3,1,,,,2025-10-22,2025-10,False,False,True
main,887284572,60,9,Character Event,301,2234,2025-10-22 13:17:00,sharpshooters_oath,Sharpshooter's Oath,weapon,3,1,,,,2025-10-22,2025-10,False,False,True
main,887284572,60,9,Character Event,301,2235,2025-10-22 13:17:00,slingshot,Slingshot,weapon,3,1,,,,2025-10-22,2025-10,False,False,True
main,887284572,60,9,Character Event,301,2236,2025-10-22 13:17:00,harbinger_of_dawn,Harbinger of Dawn,weapon,3,1,,,,2025-10-22,2025-10,False,False,True
main,887284572,60,9,Character Event,301,2237,2025-10-22 13:17:00,cool_steel,Cool Steel,weapon,3,1,,,,2025-10-22,2025-10,False,False,True
main,887284572,60,9,Character Event,301,2238,2025-10-22 13:17:00,collei,Collei,character,4,10,1.0,Win,,2025-10-22,2025-10,False,True,False
main,887284572,60,9,Character Event,301,2239,2025-10-22 13:17:00,cool_steel,Cool Steel,weapon,3,1,,,,2025-10-22,2025-10,False,False,True
main,887284572,60,9,Character Event,301,2240,2025-10-22 13:17:00,sharpshooters_oath,Sharpshooter's Oath,weapon,3,1,,,,2025-10-22,2025-10,False,False,True
main,887284572,60,9,Character Event,301,2241,2025-10-22 13:17:10,emerald_orb,Emerald Orb,weapon,3,1,,,,2025-10-22,2025-10,False,False,True
main,887284572,60,9,Character Event,301,2242,2025-10-22 13:17:10,xingqiu,Xingqiu,character,4,4,1.0,Win,,2025-10-22,2025-10,False,True,False
main,887284572,60,9,Character Event,301,2243,2025-10-22 13:17:10,raven_bow,Raven Bow,weapon,3,1,,,,2025-10-22,2025-10,False,False,True
main,887284572,60,9,Character Event,301,2244,2025-10-22 13:17:10,cool_steel,Cool Steel,weapon,3,1,,,,2025-10-22,2025-10,False,False,True
main,887284572,60,9,Character Event,301,2245,2025-10-22 13:17:10,cool_steel,Cool Steel,weapon,3,1,,,,2025-10-22,2025-10,False,False,True
main,887284572,60,9,Character Event,301,2246,2025-10-22 13:17:10,raven_bow,Raven Bow,weapon,3,1,,,,2025-10-22,2025-10,False,False,True
main,887284572,60,9,Character Event,301,2247,2025-10-22 13:17:10,debate_club,Debate Club,weapon,3,1,,,,2025-10-22,2025-10,False,False,True
main,887284572,60,9,Character Event,301,2248,2025-10-22 13:17:10,sharpshooters_oath,Sharpshooter's Oath,weapon,3,1,,,,2025-10-22,2025-10,False,False,True
main,887284572,60,9,Character Event,301,2249,2025-10-22 13:17:10,bloodtainted_greatsword,Bloodtainted Greatsword,weapon,3,1,,,,2025-10-22,2025-10,False,False,True
main,887284572,60,9,Character Event,301,2250,2025-10-22 13:17:10,nefer,Nefer,character,5,75,1.0,Win,,2025-10-22,2025-10,True,False,False
main,887284572,60,9,Character Event,301,2251,2025-11-11 22:16:03,yun_jin,Yun Jin,character,4,9,1.0,Win,,2025-11-11,2025-11,False,True,False
main,887284572,60,9,Character Event,301,2252,2025-11-11 22:16:13,black_tassel,Black Tassel,weapon,3,1,,,,2025-11-11,2025-11,False,False,True
main,887284572,60,9,Character Event,301,2253,2025-11-11 23:07:36,black_tassel,Black Tassel,weapon,3,1,,,,2025-11-11,2025-11,False,False,True
main,887284572,60,9,Character Event,301,2254,2025-11-12 00:17:38,harbinger_of_dawn,Harbinger of Dawn,weapon,3,1,,,,2025-11-12,2025-11,False,False,True
main,887284572,60,9,Character Event,301,2255,2025-11-12 04:24:51,sharpshooters_oath,Sharpshooter's Oath,weapon,3,1,,,,2025-11-12,2025-11,False,False,True
main,887284572,60,9,Character Event,301,2256,2025-11-13 15:12:19,harbinger_of_dawn,Harbinger of Dawn,weapon,3,1,,,,2025-11-13,2025-11,False,False,True
main,887284572,60,9,Character Event,301,2257,2025-11-14 08:01:50,black_tassel,Black Tassel,weapon,3,1,,,,2025-11-14,2025-11,False,False,True
main,887284572,60,9,Character Event,301,2258,2025-11-16 04:34:45,thrilling_tales_of_dragon_slayers,Thrilling Tales of Dragon Slayers,weapon,3,1,,,,2025-11-16,2025-11,False,False,True
main,887284572,60,9,Character Event,301,2259,2025-11-16 04:45:15,black_tassel,Black Tassel,weapon,3,1,,,,2025-11-16,2025-11,False,False,True
main,887284572,60,9,Character Event,301,2260,2025-11-16 04:45:24,cool_steel,Cool Steel,weapon,3,1,,,,2025-11-16,2025-11,False,False,True
main,887284572,60,9,Character Event,301,2261,2025-11-16 04:45:31,yun_jin,Yun Jin,character,4,10,1.0,Win,,2025-11-16,2025-11,False,True,False
main,887284572,60,9,Character Event,301,2262,2025-11-16 04:45:38,favonius_codex,Favonius Codex,weapon,4,1,0.0,Lose,,2025-11-16,2025-11,False,True,False
main,887284572,60,9,Character Event,301,2263,2025-11-16 04:46:01,emerald_orb,Emerald Orb,weapon,3,1,,,,2025-11-16,2025-11,False,False,True
main,887284572,60,9,Character Event,301,2264,2025-11-16 04:46:06,harbinger_of_dawn,Harbinger of Dawn,weapon,3,1,,,,2025-11-16,2025-11,False,False,True
main,887284572,60,9,Character Event,301,2265,2025-11-16 17:01:10,debate_club,Debate Club,weapon,3,1,,,,2025-11-16,2025-11,False,False,True
main,887284572,60,9,Character Event,301,2266,2025-11-16 17:39:07,cool_steel,Cool Steel,weapon,3,1,,,,2025-11-16,2025-11,False,False,True
main,887284572,60,9,Character Event,301,2267,2025-11-17 04:47:48,magic_guide,Magic Guide,weapon,3,1,,,,2025-11-17,2025-11,False,False,True
main,887284572,60,9,Character Event,301,2268,2025-11-18 08:11:23,ferrous_shadow,Ferrous Shadow,weapon,3,1,,,,2025-11-18,2025-11,False,False,True
main,887284572,60,9,Character Event,301,2269,2025-11-19 04:46:36,thrilling_tales_of_dragon_slayers,Thrilling Tales of Dragon Slayers,weapon,3,1,,,,2025-11-19,2025-11,False,False,True
main,887284572,60,9,Character Event,301,2270,2025-11-20 04:22:52,debate_club,Debate Club,weapon,3,1,,,,2025-11-20,2025-11,False,False,True
main,887284572,60,9,Character Event,301,2271,2025-11-21 07:01:56,lan_yan,Lan Yan,character,4,9,2.0,Guaranteed,,2025-11-21,2025-11,False,True,False
main,887284572,60,9,Character Event,301,2272,2025-11-21 07:02:09,ferrous_shadow,Ferrous Shadow,weapon,3,1,,,,2025-11-21,2025-11,False,False,True
main,887284572,60,9,Character Event,301,2273,2025-11-21 07:02:18,cool_steel,Cool Steel,weapon,3,1,,,,2025-11-21,2025-11,False,False,True
main,887284572,60,9,Character Event,301,2274,2025-11-21 07:02:45,magic_guide,Magic Guide,weapon,3,1,,,,2025-11-21,2025-11,False,False,True
main,887284572,60,9,Character Event,301,2275,2025-11-25 05:55:14,arlecchino,Arlecchino,character,5,25,1.0,Win,,2025-11-25,2025-11,True,False,False
main,887284572,60,9,Character Event,301,2276,2025-11-25 07:12:30,ferrous_shadow,Ferrous Shadow,weapon,3,1,,,,2025-11-25,2025-11,False,False,True
main,887284572,60,9,Character Event,301,2277,2025-11-25 07:12:37,thrilling_tales_of_dragon_slayers,Thrilling Tales of Dragon Slayers,weapon,3,1,,,,2025-11-25,2025-11,False,False,True
main,887284572,60,9,Character Event,301,2278,2025-11-25 07:12:43,black_tassel,Black Tassel,weapon,3,1,,,,2025-11-25,2025-11,False,False,True
main,887284572,60,9,Character Event,301,2279,2025-11-25 07:12:48,debate_club,Debate Club,weapon,3,1,,,,2025-11-25,2025-11,False,False,True
main,887284572,60,9,Character Event,301,2280,2025-11-28 06:10:40,rosaria,Rosaria,character,4,9,1.0,Win,,2025-11-28,2025-11,False,True,False
main,887284572,60,9,Character Event,301,2281,2025-12-03 10:47:25,raven_bow,Raven Bow,weapon,3,1,,,,2025-12-03,2025-12,False,False,True
main,887284572,60,9,Character Event,301,2282,2025-12-03 10:47:25,thrilling_tales_of_dragon_slayers,Thrilling Tales of Dragon Slayers,weapon,3,1,,,,2025-12-03,2025-12,False,False,True
main,887284572,60,9,Character Event,301,2283,2025-12-03 10:47:25,thrilling_tales_of_dragon_slayers,Thrilling Tales of Dragon Slayers,weapon,3,1,,,,2025-12-03,2025-12,False,False,True
main,887284572,60,9,Character Event,301,2284,2025-12-03 10:47:25,thrilling_tales_of_dragon_slayers,Thrilling Tales of Dragon Slayers,weapon,3,1,,,,2025-12-03,2025-12,False,False,True
main,887284572,60,9,Character Event,301,2285,2025-12-03 10:47:25,emerald_orb,Emerald Orb,weapon,3,1,,,,2025-12-03,2025-12,False,False,True
main,887284572,60,9,Character Event,301,2286,2025-12-03 10:47:25,black_tassel,Black Tassel,weapon,3,1,,,,2025-12-03,2025-12,False,False,True
main,887284572,60,9,Character Event,301,2287,2025-12-03 10:47:25,emerald_orb,Emerald Orb,weapon,3,1,,,,2025-12-03,2025-12,False,False,True
main,887284572,60,9,Character Event,301,2288,2025-12-03 10:47:25,debate_club,Debate Club,weapon,3,1,,,,2025-12-03,2025-12,False,False,True
main,887284572,60,9,Character Event,301,2289,2025-12-03 10:47:25,harbinger_of_dawn,Harbinger of Dawn,weapon,3,1,,,,2025-12-03,2025-12,False,False,True
main,887284572,60,9,Character Event,301,2290,2025-12-03 10:47:25,favonius_warbow,Favonius Warbow,weapon,4,10,0.0,Lose,,2025-12-03,2025-12,False,True,False
main,887284572,60,9,Character Event,301,2291,2025-12-03 10:47:51,bennett,Bennett,character,4,1,2.0,Guaranteed,,2025-12-03,2025-12,False,True,False
main,887284572,60,9,Character Event,301,2292,2025-12-03 10:47:51,slingshot,Slingshot,weapon,3,1,,,,2025-12-03,2025-12,False,False,True
main,887284572,60,9,Character Event,301,2293,2025-12-03 10:47:51,emerald_orb,Emerald Orb,weapon,3,1,,,,2025-12-03,2025-12,False,False,True
main,887284572,60,9,Character Event,301,2294,2025-12-03 10:47:51,cool_steel,Cool Steel,weapon,3,1,,,,2025-12-03,2025-12,False,False,True
main,887284572,60,9,Character Event,301,2295,2025-12-03 10:47:51,thrilling_tales_of_dragon_slayers,Thrilling Tales of Dragon Slayers,weapon,3,1,,,,2025-12-03,2025-12,False,False,True
main,887284572,60,9,Character Event,301,2296,2025-12-03 10:47:51,emerald_orb,Emerald Orb,weapon,3,1,,,,2025-12-03,2025-12,False,False,True
main,887284572,60,9,Character Event,301,2297,2025-12-03 10:47:51,black_tassel,Black Tassel,weapon,3,1,,,,2025-12-03,2025-12,False,False,True
main,887284572,60,9,Character Event,301,2298,2025-12-03 10:47:51,emerald_orb,Emerald Orb,weapon,3,1,,,,2025-12-03,2025-12,False,False,True
main,887284572,60,9,Character Event,301,2299,2025-12-03 10:47:51,black_tassel,Black Tassel,weapon,3,1,,,,2025-12-03,2025-12,False,False,True
main,887284572,60,9,Character Event,301,2300,2025-12-03 10:47:51,bloodtainted_greatsword,Bloodtainted Greatsword,weapon,3,1,,,,2025-12-03,2025-12,False,False,True
main,887284572,60,9,Character Event,301,2301,2025-12-03 14:37:17,bennett,Bennett,character,4,10,1.0,Win,,2025-12-03,2025-12,False,True,False
main,887284572,60,9,Character Event,301,2302,2025-12-03 14:37:24,bloodtainted_greatsword,Bloodtainted Greatsword,weapon,3,1,,,,2025-12-03,2025-12,False,False,True
main,887284572,60,9,Character Event,301,2303,2025-12-03 14:37:28,skyrider_sword,Skyrider Sword,weapon,3,1,,,,2025-12-03,2025-12,False,False,True
main,887284572,60,9,Character Event,301,2304,2025-12-03 14:37:42,magic_guide,Magic Guide,weapon,3,1,,,,2025-12-03,2025-12,False,False,True
main,887284572,60,9,Character Event,301,2305,2025-12-03 15:39:02,ferrous_shadow,Ferrous Shadow,weapon,3,1,,,,2025-12-03,2025-12,False,False,True
main,887284572,60,9,Character Event,301,2306,2025-12-03 15:39:09,thrilling_tales_of_dragon_slayers,Thrilling Tales of Dragon Slayers,weapon,3,1,,,,2025-12-03,2025-12,False,False,True
main,887284572,60,9,Character Event,301,2307,2025-12-03 16:15:43,sharpshooters_oath,Sharpshooter's Oath,weapon,3,1,,,,2025-12-03,2025-12,False,False,True
main,887284572,60,9,Character Event,301,2308,2025-12-04 05:26:18,sharpshooters_oath,Sharpshooter's Oath,weapon,3,1,,,,2025-12-04,2025-12,False,False,True
main,887284572,60,9,Character Event,301,2309,2025-12-04 07:12:14,bloodtainted_greatsword,Bloodtainted Greatsword,weapon,3,1,,,,2025-12-04,2025-12,False,False,True
main,887284572,60,9,Character Event,301,2310,2025-12-05 05:11:10,the_bell,The Bell,weapon,4,9,0.0,Lose,,2025-12-05,2025-12,False,True,False
main,887284572,60,9,Character Event,301,2311,2025-12-05 05:11:19,emerald_orb,Emerald Orb,weapon,3,1,,,,2025-12-05,2025-12,False,False,True
main,887284572,60,9,Character Event,301,2312,2025-12-06 05:07:06,emerald_orb,Emerald Orb,weapon,3,1,,,,2025-12-06,2025-12,False,False,True
main,887284572,60,9,Character Event,301,2313,2025-12-06 17:38:06,slingshot,Slingshot,weapon,3,1,,,,2025-12-06,2025-12,False,False,True
main,887284572,60,9,Character Event,301,2314,2025-12-07 05:23:48,raven_bow,Raven Bow,weapon,3,1,,,,2025-12-07,2025-12,False,False,True
main,887284572,60,9,Character Event,301,2315,2025-12-07 05:23:56,harbinger_of_dawn,Harbinger of Dawn,weapon,3,1,,,,2025-12-07,2025-12,False,False,True
main,887284572,60,9,Character Event,301,2316,2025-12-07 05:24:02,emerald_orb,Emerald Orb,weapon,3,1,,,,2025-12-07,2025-12,False,False,True
main,887284572,60,9,Character Event,301,2317,2025-12-07 05:24:08,cool_steel,Cool Steel,weapon,3,1,,,,2025-12-07,2025-12,False,False,True
main,887284572,60,9,Character Event,301,2318,2025-12-07 05:24:14,skyrider_sword,Skyrider Sword,weapon,3,1,,,,2025-12-07,2025-12,False,False,True
main,887284572,60,9,Character Event,301,2319,2025-12-07 05:24:20,faruzan,Faruzan,character,4,9,2.0,Guaranteed,,2025-12-07,2025-12,False,True,False
main,887284572,60,9,Character Event,301,2320,2025-12-07 05:24:58,magic_guide,Magic Guide,weapon,3,1,,,,2025-12-07,2025-12,False,False,True
main,887284572,60,9,Character Event,301,2321,2025-12-07 05:47:19,raven_bow,Raven Bow,weapon,3,1,,,,2025-12-07,2025-12,False,False,True
main,887284572,60,9,Character Event,301,2322,2025-12-08 06:19:32,bennett,Bennett,character,4,3,1.0,Win,,2025-12-08,2025-12,False,True,False
main,887284572,60,9,Character Event,301,2323,2025-12-08 06:19:53,rust,Rust,weapon,4,1,0.0,Lose,,2025-12-08,2025-12,False,True,False
main,887284572,60,9,Character Event,301,2324,2025-12-08 06:59:25,black_tassel,Black Tassel,weapon,3,1,,,,2025-12-08,2025-12,False,False,True
main,887284572,60,9,Character Event,301,2325,2025-12-09 05:31:13,black_tassel,Black Tassel,weapon,3,1,,,,2025-12-09,2025-12,False,False,True
main,887284572,60,9,Character Event,301,2326,2025-12-09 06:33:43,skyrider_sword,Skyrider Sword,weapon,3,1,,,,2025-12-09,2025-12,False,False,True
main,887284572,60,9,Character Event,301,2327,2025-12-09 06:33:52,sharpshooters_oath,Sharpshooter's Oath,weapon,3,1,,,,2025-12-09,2025-12,False,False,True
main,887284572,60,9,Character Event,301,2328,2025-12-10 07:03:52,magic_guide,Magic Guide,weapon,3,1,,,,2025-12-10,2025-12,False,False,True
main,887284572,60,9,Character Event,301,2329,2025-12-11 02:55:59,harbinger_of_dawn,Harbinger of Dawn,weapon,3,1,,,,2025-12-11,2025-12,False,False,True
main,887284572,60,9,Character Event,301,2330,2025-12-11 05:32:42,bloodtainted_greatsword,Bloodtainted Greatsword,weapon,3,1,,,,2025-12-11,2025-12,False,False,True
main,887284572,60,9,Character Event,301,2331,2025-12-11 05:32:52,cool_steel,Cool Steel,weapon,3,1,,,,2025-12-11,2025-12,False,False,True
main,887284572,60,9,Character Event,301,2332,2025-12-11 05:33:07,faruzan,Faruzan,character,4,9,2.0,Guaranteed,,2025-12-11,2025-12,False,True,False
main,887284572,60,9,Character Event,301,2333,2025-12-12 05:58:58,thrilling_tales_of_dragon_slayers,Thrilling Tales of Dragon Slayers,weapon,3,1,,,,2025-12-12,2025-12,False,False,True
main,887284572,60,9,Character Event,301,2334,2025-12-12 05:59:12,sharpshooters_oath,Sharpshooter's Oath,weapon,3,1,,,,2025-12-12,2025-12,False,False,True
main,887284572,60,9,Character Event,301,2335,2025-12-12 05:59:20,black_tassel,Black Tassel,weapon,3,1,,,,2025-12-12,2025-12,False,False,True
main,887284572,60,9,Character Event,301,2336,2025-12-13 04:59:19,magic_guide,Magic Guide,weapon,3,1,,,,2025-12-13,2025-12,False,False,True
main,887284572,60,9,Character Event,301,2337,2025-12-14 05:10:27,raven_bow,Raven Bow,weapon,3,1,,,,2025-12-14,2025-12,False,False,True
main,887284572,60,9,Character Event,301,2338,2025-12-15 06:04:49,debate_club,Debate Club,weapon,3,1,,,,2025-12-15,2025-12,False,False,True
main,887284572,60,9,Character Event,301,2339,2025-12-15 07:03:24,thrilling_tales_of_dragon_slayers,Thrilling Tales of Dragon Slayers,weapon,3,1,,,,2025-12-15,2025-12,False,False,True
main,887284572,60,9,Character Event,301,2340,2025-12-16 04:31:57,debate_club,Debate Club,weapon,3,1,,,,2025-12-16,2025-12,False,False,True
main,887284572,60,9,Character Event,301,2341,2025-12-16 04:43:59,thrilling_tales_of_dragon_slayers,Thrilling Tales of Dragon Slayers,weapon,3,1,,,,2025-12-16,2025-12,False,False,True
main,887284572,60,9,Character Event,301,2342,2025-12-16 04:44:08,jahoda,Jahoda,character,4,10,1.0,Win,,2025-12-16,2025-12,False,True,False
main,887284572,60,9,Character Event,301,2343,2025-12-16 04:44:22,sharpshooters_oath,Sharpshooter's Oath,weapon,3,1,,,,2025-12-16,2025-12,False,False,True
main,887284572,60,9,Character Event,301,2344,2025-12-16 04:44:34,harbinger_of_dawn,Harbinger of Dawn,weapon,3,1,,,,2025-12-16,2025-12,False,False,True
main,887284572,60,9,Character Event,301,2345,2025-12-16 20:21:11,harbinger_of_dawn,Harbinger of Dawn,weapon,3,1,,,,2025-12-16,2025-12,False,False,True
main,887284572,60,9,Character Event,301,2346,2025-12-16 20:21:20,debate_club,Debate Club,weapon,3,1,,,,2025-12-16,2025-12,False,False,True
main,887284572,60,9,Character Event,301,2347,2025-12-17 06:10:29,ferrous_shadow,Ferrous Shadow,weapon,3,1,,,,2025-12-17,2025-12,False,False,True
main,887284572,60,9,Character Event,301,2348,2025-12-17 06:10:39,raven_bow,Raven Bow,weapon,3,1,,,,2025-12-17,2025-12,False,False,True
main,887284572,60,9,Character Event,301,2349,2025-12-18 05:56:09,debate_club,Debate Club,weapon,3,1,,,,2025-12-18,2025-12,False,False,True
main,887284572,60,9,Character Event,301,2350,2025-12-18 07:25:20,magic_guide,Magic Guide,weapon,3,1,,,,2025-12-18,2025-12,False,False,True
main,887284572,60,9,Character Event,301,2351,2025-12-19 06:35:18,the_flute,The Flute,weapon,4,9,0.0,Lose,,2025-12-19,2025-12,False,True,False
main,887284572,60,9,Character Event,301,2352,2025-12-19 06:58:32,black_tassel,Black Tassel,weapon,3,1,,,,2025-12-19,2025-12,False,False,True
main,887284572,60,9,Character Event,301,2353,2025-12-19 06:58:42,durin,Durin,character,5,78,1.0,Win,,2025-12-19,2025-12,True,False,False
main,887284572,60,9,Character Event,301,2354,2025-12-23 18:58:32,raven_bow,Raven Bow,weapon,3,1,,,,2025-12-23,2025-12,False,False,True
main,887284572,60,9,Character Event,301,2355,2025-12-23 18:58:41,sharpshooters_oath,Sharpshooter's Oath,weapon,3,1,,,,2025-12-23,2025-12,False,False,True
main,887284572,60,9,Character Event,301,2356,2025-12-23 18:58:48,black_tassel,Black Tassel,weapon,3,1,,,,2025-12-23,2025-12,False,False,True
main,887284572,60,9,Character Event,301,2357,2025-12-23 18:58:54,iansan,Iansan,character,4,6,2.0,Guaranteed,,2025-12-23,2025-12,False,True,False
main,887284572,60,9,Character Event,301,2358,2025-12-24 06:17:01,slingshot,Slingshot,weapon,3,1,,,,2025-12-24,2025-12,False,False,True
main,887284572,60,9,Character Event,301,2359,2025-12-24 06:17:27,thrilling_tales_of_dragon_slayers,Thrilling Tales of Dragon Slayers,weapon,3,1,,,,2025-12-24,2025-12,False,False,True
main,887284572,60,9,Character Event,301,2360,2025-12-24 13:43:37,ferrous_shadow,Ferrous Shadow,weapon,3,1,,,,2025-12-24,2025-12,False,False,True
main,887284572,60,9,Character Event,301,2361,2025-12-24 13:43:37,harbinger_of_dawn,Harbinger of Dawn,weapon,3,1,,,,2025-12-24,2025-12,False,False,True
main,887284572,60,9,Character Event,301,2362,2025-12-24 13:43:37,rainslasher,Rainslasher,weapon,4,5,0.0,Lose,,2025-12-24,2025-12,False,True,False
main,887284572,60,9,Character Event,301,2363,2025-12-24 13:43:37,thrilling_tales_of_dragon_slayers,Thrilling Tales of Dragon Slayers,weapon,3,1,,,,2025-12-24,2025-12,False,False,True
main,887284572,60,9,Character Event,301,2364,2025-12-24 13:43:37,slingshot,Slingshot,weapon,3,1,,,,2025-12-24,2025-12,False,False,True
main,887284572,60,9,Character Event,301,2365,2025-12-24 13:43:37,iansan,Iansan,character,4,3,2.0,Guaranteed,,2025-12-24,2025-12,False,True,False
main,887284572,60,9,Character Event,301,2366,2025-12-24 13:43:37,debate_club,Debate Club,weapon,3,1,,,,2025-12-24,2025-12,False,False,True
main,887284572,60,9,Character Event,301,2367,2025-12-24 13:43:37,ferrous_shadow,Ferrous Shadow,weapon,3,1,,,,2025-12-24,2025-12,False,False,True
main,887284572,60,9,Character Event,301,2368,2025-12-24 13:43:37,raven_bow,Raven Bow,weapon,3,1,,,,2025-12-24,2025-12,False,False,True
main,887284572,60,9,Character Event,301,2369,2025-12-24 13:43:37,skyrider_sword,Skyrider Sword,weapon,3,1,,,,2025-12-24,2025-12,False,False,True
main,887284572,60,9,Character Event,301,2370,2025-12-25 06:36:11,thrilling_tales_of_dragon_slayers,Thrilling Tales of Dragon Slayers,weapon,3,1,,,,2025-12-25,2025-12,False,False,True
main,887284572,60,9,Character Event,301,2371,2025-12-25 13:22:00,slingshot,Slingshot,weapon,3,1,,,,2025-12-25,2025-12,False,False,True
main,887284572,60,9,Character Event,301,2372,2025-12-26 07:19:41,harbinger_of_dawn,Harbinger of Dawn,weapon,3,1,,,,2025-12-26,2025-12,False,False,True
main,887284572,60,9,Character Event,301,2373,2025-12-28 07:10:18,emerald_orb,Emerald Orb,weapon,3,1,,,,2025-12-28,2025-12,False,False,True
main,887284572,60,9,Character Event,301,2374,2025-12-29 04:00:21,the_stringless,The Stringless,weapon,4,9,0.0,Lose,,2025-12-29,2025-12,False,True,False
main,887284572,60,9,Character Event,301,2375,2025-12-29 04:00:42,ferrous_shadow,Ferrous Shadow,weapon,3,1,,,,2025-12-29,2025-12,False,False,True
main,887284572,60,9,Character Event,301,2376,2025-12-30 06:04:29,cool_steel,Cool Steel,weapon,3,1,,,,2025-12-30,2025-12,False,False,True
main,887284572,60,9,Character Event,301,2377,2025-12-31 04:32:15,slingshot,Slingshot,weapon,3,1,,,,2025-12-31,2025-12,False,False,True
main,887284572,60,9,Character Event,301,2378,2025-12-31 18:09:45,cool_steel,Cool Steel,weapon,3,1,,,,2025-12-31,2025-12,False,False,True
main,887284572,60,9,Character Event,301,2379,2026-01-01 01:39:52,slingshot,Slingshot,weapon,3,1,,,,2026-01-01,2026-01,False,False,True
main,887284572,60,9,Character Event,301,2380,2026-01-01 01:40:00,slingshot,Slingshot,weapon,3,1,,,,2026-01-01,2026-01,False,False,True
main,887284572,60,9,Character Event,301,2381,2026-01-01 04:13:22,raven_bow,Raven Bow,weapon,3,1,,,,2026-01-01,2026-01,False,False,True
main,887284572,60,9,Character Event,301,2382,2026-01-01 04:13:26,thrilling_tales_of_dragon_slayers,Thrilling Tales of Dragon Slayers,weapon,3,1,,,,2026-01-01,2026-01,False,False,True
main,887284572,60,9,Character Event,301,2383,2026-01-01 04:13:31,gaming,Gaming,character,4,9,2.0,Guaranteed,,2026-01-01,2026-01,False,True,False
main,887284572,60,9,Character Event,301,2384,2026-01-01 04:13:39,harbinger_of_dawn,Harbinger of Dawn,weapon,3,1,,,,2026-01-01,2026-01,False,False,True
main,887284572,60,9,Character Event,301,2385,2026-01-01 04:13:44,bloodtainted_greatsword,Bloodtainted Greatsword,weapon,3,1,,,,2026-01-01,2026-01,False,False,True
main,887284572,60,9,Character Event,301,2386,2026-01-01 04:13:56,raven_bow,Raven Bow,weapon,3,1,,,,2026-01-01,2026-01,False,False,True
main,887284572,60,9,Character Event,301,2387,2026-01-01 04:14:06,skyrider_sword,Skyrider Sword,weapon,3,1,,,,2026-01-01,2026-01,False,False,True
main,887284572,60,9,Character Event,301,2388,2026-01-01 18:51:25,black_tassel,Black Tassel,weapon,3,1,,,,2026-01-01,2026-01,False,False,True
main,887284572,60,9,Character Event,301,2389,2026-01-01 18:51:34,magic_guide,Magic Guide,weapon,3,1,,,,2026-01-01,2026-01,False,False,True
main,887284572,60,9,Character Event,301,2390,2026-01-01 18:51:40,iansan,Iansan,character,4,7,1.0,Win,,2026-01-01,2026-01,False,True,False
main,887284572,60,9,Character Event,301,2391,2026-01-01 18:51:48,emerald_orb,Emerald Orb,weapon,3,1,,,,2026-01-01,2026-01,False,False,True
main,887284572,60,9,Character Event,301,2392,2026-01-01 18:51:54,raven_bow,Raven Bow,weapon,3,1,,,,2026-01-01,2026-01,False,False,True
main,887284572,60,9,Character Event,301,2393,2026-01-01 18:52:00,black_tassel,Black Tassel,weapon,3,1,,,,2026-01-01,2026-01,False,False,True
main,887284572,60,9,Character Event,301,2394,2026-01-01 18:52:16,slingshot,Slingshot,weapon,3,1,,,,2026-01-01,2026-01,False,False,True
main,887284572,60,9,Character Event,301,2395,2026-01-02 04:05:57,harbinger_of_dawn,Harbinger of Dawn,weapon,3,1,,,,2026-01-02,2026-01,False,False,True
main,887284572,60,9,Character Event,301,2396,2026-01-02 04:16:12,cool_steel,Cool Steel,weapon,3,1,,,,2026-01-02,2026-01,False,False,True
main,887284572,60,9,Character Event,301,2397,2026-01-02 14:32:14,cool_steel,Cool Steel,weapon,3,1,,,,2026-01-02,2026-01,False,False,True
main,887284572,60,9,Character Event,301,2398,2026-01-02 14:32:21,raven_bow,Raven Bow,weapon,3,1,,,,2026-01-02,2026-01,False,False,True
main,887284572,60,9,Character Event,301,2399,2026-01-03 20:08:12,magic_guide,Magic Guide,weapon,3,1,,,,2026-01-03,2026-01,False,False,True
main,887284572,60,9,Character Event,301,2400,2026-01-04 04:23:48,gaming,Gaming,character,4,10,1.0,Win,,2026-01-04,2026-01,False,True,False
main,887284572,60,9,Character Event,301,2401,2026-01-04 04:24:08,black_tassel,Black Tassel,weapon,3,1,,,,2026-01-04,2026-01,False,False,True
main,887284572,60,9,Character Event,301,2402,2026-01-05 04:06:59,magic_guide,Magic Guide,weapon,3,1,,,,2026-01-05,2026-01,False,False,True
main,887284572,60,9,Character Event,301,2403,2026-01-05 04:11:17,cool_steel,Cool Steel,weapon,3,1,,,,2026-01-05,2026-01,False,False,True
main,887284572,60,9,Character Event,301,2404,2026-01-06 06:58:22,raven_bow,Raven Bow,weapon,3,1,,,,2026-01-06,2026-01,False,False,True
main,887284572,60,9,Character Event,301,2405,2026-01-07 06:10:25,harbinger_of_dawn,Harbinger of Dawn,weapon,3,1,,,,2026-01-07,2026-01,False,False,True
main,887284572,60,9,Character Event,301,2406,2026-01-08 04:41:55,emerald_orb,Emerald Orb,weapon,3,1,,,,2026-01-08,2026-01,False,False,True
main,887284572,60,9,Character Event,301,2407,2026-01-09 04:51:56,magic_guide,Magic Guide,weapon,3,1,,,,2026-01-09,2026-01,False,False,True
main,887284572,60,9,Character Event,301,2408,2026-01-09 04:53:14,slingshot,Slingshot,weapon,3,1,,,,2026-01-09,2026-01,False,False,True
main,887284572,60,9,Character Event,301,2409,2026-01-10 05:34:45,rust,Rust,weapon,4,9,0.0,Lose,,2026-01-10,2026-01,False,True,False
main,887284572,60,9,Character Event,301,2410,2026-01-11 06:12:13,cool_steel,Cool Steel,weapon,3,1,,,,2026-01-11,2026-01,False,False,True
main,887284572,60,9,Character Event,301,2411,2026-01-12 05:00:46,magic_guide,Magic Guide,weapon,3,1,,,,2026-01-12,2026-01,False,False,True
main,887284572,60,9,Character Event,301,2412,2026-01-13 04:41:43,sharpshooters_oath,Sharpshooter's Oath,weapon,3,1,,,,2026-01-13,2026-01,False,False,True
main,887284572,60,9,Character Event,301,2413,2026-01-13 04:41:52,harbinger_of_dawn,Harbinger of Dawn,weapon,3,1,,,,2026-01-13,2026-01,False,False,True
main,887284572,60,9,Character Event,301,2414,2026-01-14 10:46:58,sethos,Sethos,character,4,5,2.0,Guaranteed,,2026-01-14,2026-01,False,True,False
main,887284572,60,9,Character Event,301,2415,2026-01-14 10:47:06,thrilling_tales_of_dragon_slayers,Thrilling Tales of Dragon Slayers,weapon,3,1,,,,2026-01-14,2026-01,False,False,True
main,887284572,60,9,Character Event,301,2416,2026-01-14 10:47:11,magic_guide,Magic Guide,weapon,3,1,,,,2026-01-14,2026-01,False,False,True
main,887284572,60,9,Character Event,301,2417,2026-01-14 10:47:17,skyrider_sword,Skyrider Sword,weapon,3,1,,,,2026-01-14,2026-01,False,False,True
main,887284572,60,9,Character Event,301,2418,2026-01-14 10:54:52,cool_steel,Cool Steel,weapon,3,1,,,,2026-01-14,2026-01,False,False,True
main,887284572,60,9,Character Event,301,2419,2026-01-15 04:30:37,bloodtainted_greatsword,Bloodtainted Greatsword,weapon,3,1,,,,2026-01-15,2026-01,False,False,True
main,887284572,60,9,Character Event,301,2420,2026-01-15 04:30:45,cool_steel,Cool Steel,weapon,3,1,,,,2026-01-15,2026-01,False,False,True
main,887284572,60,9,Character Event,301,2421,2026-01-15 04:58:59,raven_bow,Raven Bow,weapon,3,1,,,,2026-01-15,2026-01,False,False,True
main,887284572,60,9,Character Event,301,2422,2026-01-15 06:48:54,ferrous_shadow,Ferrous Shadow,weapon,3,1,,,,2026-01-15,2026-01,False,False,True
main,887284572,60,9,Character Event,301,2423,2026-01-16 04:52:27,sharpshooters_oath,Sharpshooter's Oath,weapon,3,1,,,,2026-01-16,2026-01,False,False,True
main,887284572,60,9,Character Event,301,2424,2026-01-16 04:53:00,jahoda,Jahoda,character,4,10,0.0,Lose,,2026-01-16,2026-01,False,True,False
main,887284572,60,9,Character Event,301,2425,2026-01-16 04:53:10,emerald_orb,Emerald Orb,weapon,3,1,,,,2026-01-16,2026-01,False,False,True
main,887284572,60,9,Character Event,301,2426,2026-01-16 04:53:27,ferrous_shadow,Ferrous Shadow,weapon,3,1,,,,2026-01-16,2026-01,False,False,True
main,887284572,60,9,Character Event,301,2427,2026-01-16 05:03:25,bloodtainted_greatsword,Bloodtainted Greatsword,weapon,3,1,,,,2026-01-16,2026-01,False,False,True
main,887284572,60,9,Character Event,301,2428,2026-01-16 05:03:33,magic_guide,Magic Guide,weapon,3,1,,,,2026-01-16,2026-01,False,False,True
main,887284572,60,9,Character Event,301,2429,2026-01-16 05:03:40,black_tassel,Black Tassel,weapon,3,1,,,,2026-01-16,2026-01,False,False,True
main,887284572,60,9,Character Event,301,2430,2026-01-16 05:03:47,columbina,Columbina,character,5,77,1.0,Win,,2026-01-16,2026-01,True,False,False
main,887284572,60,9,Character Event,400,2431,2026-01-16 12:02:19,debate_club,Debate Club,weapon,3,1,,,,2026-01-16,2026-01,False,False,True
main,887284572,60,9,Character Event,400,2432,2026-01-16 21:32:04,cool_steel,Cool Steel,weapon,3,1,,,,2026-01-16,2026-01,False,False,True
main,887284572,60,9,Character Event,400,2433,2026-01-16 21:32:15,black_tassel,Black Tassel,weapon,3,1,,,,2026-01-16,2026-01,False,False,True
main,887284572,60,9,Character Event,400,2434,2026-01-16 21:32:37,sethos,Sethos,character,4,10,2.0,Guaranteed,,2026-01-16,2026-01,False,True,False
main,887284572,60,9,Character Event,400,2435,2026-01-16 21:32:47,cool_steel,Cool Steel,weapon,3,1,,,,2026-01-16,2026-01,False,False,True
main,887284572,60,9,Character Event,400,2436,2026-01-16 21:53:48,magic_guide,Magic Guide,weapon,3,1,,,,2026-01-16,2026-01,False,False,True
main,887284572,60,9,Character Event,400,2437,2026-01-17 04:52:53,raven_bow,Raven Bow,weapon,3,1,,,,2026-01-17,2026-01,False,False,True
main,887284572,60,9,Character Event,400,2438,2026-01-17 10:31:08,magic_guide,Magic Guide,weapon,3,1,,,,2026-01-17,2026-01,False,False,True
main,887284572,60,9,Character Event,400,2439,2026-01-18 05:38:02,skyrider_sword,Skyrider Sword,weapon,3,1,,,,2026-01-18,2026-01,False,False,True
main,887284572,60,9,Character Event,400,2440,2026-01-18 05:38:09,emerald_orb,Emerald Orb,weapon,3,1,,,,2026-01-18,2026-01,False,False,True
main,887284572,60,9,Character Event,400,2441,2026-01-18 05:38:24,magic_guide,Magic Guide,weapon,3,1,,,,2026-01-18,2026-01,False,False,True
main,887284572,60,9,Character Event,400,2442,2026-01-18 11:00:15,sethos,Sethos,character,4,8,1.0,Win,,2026-01-18,2026-01,False,True,False
main,887284572,60,9,Character Event,400,2443,2026-01-18 11:00:33,emerald_orb,Emerald Orb,weapon,3,1,,,,2026-01-18,2026-01,False,False,True
main,887284572,60,9,Character Event,400,2444,2026-01-18 11:18:04,emerald_orb,Emerald Orb,weapon,3,1,,,,2026-01-18,2026-01,False,False,True
main,887284572,60,9,Character Event,400,2445,2026-01-19 04:52:55,cool_steel,Cool Steel,weapon,3,1,,,,2026-01-19,2026-01,False,False,True
main,887284572,60,9,Character Event,400,2446,2026-01-20 04:16:50,skyrider_sword,Skyrider Sword,weapon,3,1,,,,2026-01-20,2026-01,False,False,True
main,887284572,60,9,Character Event,400,2447,2026-01-20 04:16:55,slingshot,Slingshot,weapon,3,1,,,,2026-01-20,2026-01,False,False,True
main,887284572,60,9,Character Event,400,2448,2026-01-20 04:17:01,ferrous_shadow,Ferrous Shadow,weapon,3,1,,,,2026-01-20,2026-01,False,False,True
main,887284572,60,9,Character Event,400,2449,2026-01-20 04:27:23,raven_bow,Raven Bow,weapon,3,1,,,,2026-01-20,2026-01,False,False,True
main,887284572,60,9,Character Event,400,2450,2026-01-21 05:30:06,raven_bow,Raven Bow,weapon,3,1,,,,2026-01-21,2026-01,False,False,True
main,887284572,60,9,Character Event,400,2451,2026-01-21 05:30:14,ifa,Ifa,character,4,9,1.0,Win,,2026-01-21,2026-01,False,True,False
main,887284572,60,9,Character Event,400,2452,2026-01-21 05:30:24,harbinger_of_dawn,Harbinger of Dawn,weapon,3,1,,,,2026-01-21,2026-01,False,False,True
main,887284572,60,9,Character Event,400,2453,2026-01-22 05:25:55,raven_bow,Raven Bow,weapon,3,1,,,,2026-01-22,2026-01,False,False,True
main,887284572,60,9,Character Event,400,2454,2026-01-22 05:26:02,sharpshooters_oath,Sharpshooter's Oath,weapon,3,1,,,,2026-01-22,2026-01,False,False,True
main,887284572,60,9,Character Event,400,2455,2026-01-22 05:26:07,harbinger_of_dawn,Harbinger of Dawn,weapon,3,1,,,,2026-01-22,2026-01,False,False,True
main,887284572,60,9,Character Event,400,2456,2026-01-22 05:26:13,sethos,Sethos,character,4,5,1.0,Win,,2026-01-22,2026-01,False,True,False
main,887284572,60,9,Character Event,400,2457,2026-01-22 05:26:20,emerald_orb,Emerald Orb,weapon,3,1,,,,2026-01-22,2026-01,False,False,True
main,887284572,60,9,Character Event,400,2458,2026-01-22 05:26:26,debate_club,Debate Club,weapon,3,1,,,,2026-01-22,2026-01,False,False,True
main,887284572,60,9,Character Event,400,2459,2026-01-22 05:26:32,skyrider_sword,Skyrider Sword,weapon,3,1,,,,2026-01-22,2026-01,False,False,True
main,887284572,60,9,Character Event,400,2460,2026-01-22 05:26:40,cool_steel,Cool Steel,weapon,3,1,,,,2026-01-22,2026-01,False,False,True
main,887284572,60,9,Character Event,400,2461,2026-01-22 05:26:47,sharpshooters_oath,Sharpshooter's Oath,weapon,3,1,,,,2026-01-22,2026-01,False,False,True
main,887284572,60,9,Character Event,400,2462,2026-01-22 05:27:02,cool_steel,Cool Steel,weapon,3,1,,,,2026-01-22,2026-01,False,False,True
main,887284572,60,9,Character Event,400,2463,2026-01-23 04:53:12,bloodtainted_greatsword,Bloodtainted Greatsword,weapon,3,1,,,,2026-01-23,2026-01,False,False,True
main,887284572,60,9,Character Event,400,2464,2026-01-24 05:03:39,slingshot,Slingshot,weapon,3,1,,,,2026-01-24,2026-01,False,False,True
main,887284572,60,9,Character Event,400,2465,2026-01-24 05:03:45,magic_guide,Magic Guide,weapon,3,1,,,,2026-01-24,2026-01,False,False,True
main,887284572,60,9,Character Event,400,2466,2026-01-25 09:03:14,favonius_lance,Favonius Lance,weapon,4,10,0.0,Lose,,2026-01-25,2026-01,False,True,False
main,887284572,60,9,Character Event,400,2467,2026-01-26 05:58:33,thrilling_tales_of_dragon_slayers,Thrilling Tales of Dragon Slayers,weapon,3,1,,,,2026-01-26,2026-01,False,False,True
main,887284572,60,9,Character Event,400,2468,2026-01-27 08:20:56,thrilling_tales_of_dragon_slayers,Thrilling Tales of Dragon Slayers,weapon,3,1,,,,2026-01-27,2026-01,False,False,True
main,887284572,60,9,Character Event,400,2469,2026-01-28 06:52:06,raven_bow,Raven Bow,weapon,3,1,,,,2026-01-28,2026-01,False,False,True
main,887284572,60,9,Character Event,400,2470,2026-01-29 07:24:00,debate_club,Debate Club,weapon,3,1,,,,2026-01-29,2026-01,False,False,True
main,887284572,60,9,Character Event,400,2471,2026-01-30 00:17:41,debate_club,Debate Club,weapon,3,1,,,,2026-01-30,2026-01,False,False,True
main,887284572,60,9,Character Event,400,2472,2026-01-30 00:17:49,emerald_orb,Emerald Orb,weapon,3,1,,,,2026-01-30,2026-01,False,False,True
main,887284572,60,9,Character Event,400,2473,2026-01-30 00:28:19,raven_bow,Raven Bow,weapon,3,1,,,,2026-01-30,2026-01,False,False,True
main,887284572,60,9,Character Event,400,2474,2026-01-30 01:53:53,skyrider_sword,Skyrider Sword,weapon,3,1,,,,2026-01-30,2026-01,False,False,True
main,887284572,60,9,Character Event,400,2475,2026-01-30 01:59:16,emerald_orb,Emerald Orb,weapon,3,1,,,,2026-01-30,2026-01,False,False,True
main,887284572,60,9,Character Event,400,2476,2026-01-30 18:39:55,sethos,Sethos,character,4,10,2.0,Guaranteed,,2026-01-30,2026-01,False,True,False
main,887284572,60,9,Character Event,400,2477,2026-01-30 18:40:11,debate_club,Debate Club,weapon,3,1,,,,2026-01-30,2026-01,False,False,True
main,887284572,60,9,Character Event,400,2478,2026-01-31 07:15:23,debate_club,Debate Club,weapon,3,1,,,,2026-01-31,2026-01,False,False,True
main,887284572,60,9,Character Event,400,2479,2026-01-31 07:15:31,black_tassel,Black Tassel,weapon,3,1,,,,2026-01-31,2026-01,False,False,True
main,887284572,60,9,Character Event,400,2480,2026-01-31 12:49:46,raven_bow,Raven Bow,weapon,3,1,,,,2026-01-31,2026-01,False,False,True
main,887284572,60,9,Character Event,400,2481,2026-01-31 12:49:56,slingshot,Slingshot,weapon,3,1,,,,2026-01-31,2026-01,False,False,True
main,887284572,60,9,Character Event,400,2482,2026-01-31 13:39:11,harbinger_of_dawn,Harbinger of Dawn,weapon,3,1,,,,2026-01-31,2026-01,False,False,True
main,887284572,60,9,Character Event,400,2483,2026-01-31 14:26:14,sharpshooters_oath,Sharpshooter's Oath,weapon,3,1,,,,2026-01-31,2026-01,False,False,True
main,887284572,60,9,Character Event,400,2484,2026-01-31 15:02:59,black_tassel,Black Tassel,weapon,3,1,,,,2026-01-31,2026-01,False,False,True
main,887284572,60,9,Character Event,400,2485,2026-02-01 05:11:05,sethos,Sethos,character,4,9,1.0,Win,,2026-02-01,2026-02,False,True,False
main,887284572,60,9,Character Event,400,2486,2026-02-01 05:11:11,emerald_orb,Emerald Orb,weapon,3,1,,,,2026-02-01,2026-02,False,False,True
main,887284572,60,9,Character Event,400,2487,2026-02-01 05:11:15,skyrider_sword,Skyrider Sword,weapon,3,1,,,,2026-02-01,2026-02,False,False,True
main,887284572,60,9,Character Event,400,2488,2026-02-01 05:11:20,slingshot,Slingshot,weapon,3,1,,,,2026-02-01,2026-02,False,False,True
main,887284572,60,9,Character Event,400,2489,2026-02-01 05:11:25,bloodtainted_greatsword,Bloodtainted Greatsword,weapon,3,1,,,,2026-02-01,2026-02,False,False,True
main,887284572,60,9,Character Event,400,2490,2026-02-01 05:11:34,emerald_orb,Emerald Orb,weapon,3,1,,,,2026-02-01,2026-02,False,False,True
main,887284572,60,9,Character Event,400,2491,2026-02-01 05:11:40,bloodtainted_greatsword,Bloodtainted Greatsword,weapon,3,1,,,,2026-02-01,2026-02,False,False,True
main,887284572,60,9,Character Event,400,2492,2026-02-01 05:11:46,cool_steel,Cool Steel,weapon,3,1,,,,2026-02-01,2026-02,False,False,True
main,887284572,60,9,Character Event,400,2493,2026-02-01 05:12:01,skyrider_sword,Skyrider Sword,weapon,3,1,,,,2026-02-01,2026-02,False,False,True
main,887284572,60,9,Character Event,400,2494,2026-02-01 05:58:33,sethos,Sethos,character,4,9,1.0,Win,,2026-02-01,2026-02,False,True,False
main,887284572,60,9,Character Event,400,2495,2026-02-01 05:58:43,bloodtainted_greatsword,Bloodtainted Greatsword,weapon,3,1,,,,2026-02-01,2026-02,False,False,True
main,887284572,60,9,Character Event,400,2496,2026-02-01 05:59:01,slingshot,Slingshot,weapon,3,1,,,,2026-02-01,2026-02,False,False,True
main,887284572,60,9,Character Event,400,2497,2026-02-01 12:05:19,ferrous_shadow,Ferrous Shadow,weapon,3,1,,,,2026-02-01,2026-02,False,False,True
main,887284572,60,9,Character Event,400,2498,2026-02-01 12:05:26,raven_bow,Raven Bow,weapon,3,1,,,,2026-02-01,2026-02,False,False,True
main,887284572,60,9,Character Event,400,2499,2026-02-01 12:05:33,harbinger_of_dawn,Harbinger of Dawn,weapon,3,1,,,,2026-02-01,2026-02,False,False,True
main,887284572,60,9,Character Event,400,2500,2026-02-01 12:05:39,thrilling_tales_of_dragon_slayers,Thrilling Tales of Dragon Slayers,weapon,3,1,,,,2026-02-01,2026-02,False,False,True
main,887284572,60,9,Character Event,400,2501,2026-02-01 14:00:52,emerald_orb,Emerald Orb,weapon,3,1,,,,2026-02-01,2026-02,False,False,True
main,887284572,60,9,Character Event,400,2502,2026-02-01 14:00:59,black_tassel,Black Tassel,weapon,3,1,,,,2026-02-01,2026-02,False,False,True
main,887284572,60,9,Character Event,400,2503,2026-02-01 14:01:06,ifa,Ifa,character,4,9,1.0,Win,,2026-02-01,2026-02,False,True,False
main,887284572,60,9,Character Event,400,2504,2026-02-01 14:01:14,black_tassel,Black Tassel,weapon,3,1,,,,2026-02-01,2026-02,False,False,True
main,887284572,60,9,Character Event,400,2505,2026-02-01 14:01:21,bloodtainted_greatsword,Bloodtainted Greatsword,weapon,3,1,,,,2026-02-01,2026-02,False,False,True
main,887284572,60,9,Character Event,400,2506,2026-02-01 14:01:28,diluc,Diluc,character,5,76,0.0,Lose,,2026-02-01,2026-02,True,False,False
main,887284572,60,9,Character Event,400,2507,2026-02-01 14:09:27,rust,Rust,weapon,4,4,0.0,Lose,,2026-02-01,2026-02,False,True,False
main,887284572,60,9,Character Event,400,2508,2026-02-01 14:09:33,black_tassel,Black Tassel,weapon,3,1,,,,2026-02-01,2026-02,False,False,True
main,887284572,60,9,Character Event,400,2509,2026-02-01 14:09:38,harbinger_of_dawn,Harbinger of Dawn,weapon,3,1,,,,2026-02-01,2026-02,False,False,True
main,887284572,60,9,Character Event,400,2510,2026-02-02 07:33:36,thrilling_tales_of_dragon_slayers,Thrilling Tales of Dragon Slayers,weapon,3,1,,,,2026-02-02,2026-02,False,False,True
main,887284572,60,9,Character Event,400,2511,2026-02-02 07:33:36,sharpshooters_oath,Sharpshooter's Oath,weapon,3,1,,,,2026-02-02,2026-02,False,False,True
main,887284572,60,9,Character Event,400,2512,2026-02-02 07:33:36,emerald_orb,Emerald Orb,weapon,3,1,,,,2026-02-02,2026-02,False,False,True
main,887284572,60,9,Character Event,400,2513,2026-02-02 07:33:36,bloodtainted_greatsword,Bloodtainted Greatsword,weapon,3,1,,,,2026-02-02,2026-02,False,False,True
main,887284572,60,9,Character Event,400,2514,2026-02-02 07:33:36,skyrider_sword,Skyrider Sword,weapon,3,1,,,,2026-02-02,2026-02,False,False,True
main,887284572,60,9,Character Event,400,2515,2026-02-02 07:33:36,bloodtainted_greatsword,Bloodtainted Greatsword,weapon,3,1,,,,2026-02-02,2026-02,False,False,True
main,887284572,60,9,Character Event,400,2516,2026-02-02 07:33:36,emerald_orb,Emerald Orb,weapon,3,1,,,,2026-02-02,2026-02,False,False,True
main,887284572,60,9,Character Event,400,2517,2026-02-02 07:33:36,ineffa,Ineffa,character,5,11,2.0,Guaranteed,,2026-02-02,2026-02,True,False,False
main,887284572,60,9,Character Event,400,2518,2026-02-02 07:33:36,fischl,Fischl,character,4,11,2.0,Guaranteed,,2026-02-02,2026-02,False,True,False
main,887284572,60,9,Character Event,400,2519,2026-02-02 07:33:36,debate_club,Debate Club,weapon,3,1,,,,2026-02-02,2026-02,False,False,True
main,887284572,60,9,Character Event,301,2520,2026-02-03 20:12:27,debate_club,Debate Club,weapon,3,1,,,,2026-02-03,2026-02,False,False,True
main,887284572,60,9,Character Event,301,2521,2026-02-03 20:12:27,bloodtainted_greatsword,Bloodtainted Greatsword,weapon,3,1,,,,2026-02-03,2026-02,False,False,True
main,887284572,60,9,Character Event,301,2522,2026-02-03 20:12:27,debate_club,Debate Club,weapon,3,1,,,,2026-02-03,2026-02,False,False,True
main,887284572,60,9,Character Event,301,2523,2026-02-03 20:12:27,sharpshooters_oath,Sharpshooter's Oath,weapon,3,1,,,,2026-02-03,2026-02,False,False,True
main,887284572,60,9,Character Event,301,2524,2026-02-03 20:12:27,slingshot,Slingshot,weapon,3,1,,,,2026-02-03,2026-02,False,False,True
main,887284572,60,9,Character Event,301,2525,2026-02-03 20:12:27,harbinger_of_dawn,Harbinger of Dawn,weapon,3,1,,,,2026-02-03,2026-02,False,False,True
main,887284572,60,9,Character Event,301,2526,2026-02-03 20:12:27,slingshot,Slingshot,weapon,3,1,,,,2026-02-03,2026-02,False,False,True
main,887284572,60,9,Character Event,301,2527,2026-02-03 20:12:27,slingshot,Slingshot,weapon,3,1,,,,2026-02-03,2026-02,False,False,True
main,887284572,60,9,Character Event,301,2528,2026-02-03 20:12:27,favonius_sword,Favonius Sword,weapon,4,10,0.0,Lose,,2026-02-03,2026-02,False,True,False
main,887284572,60,9,Character Event,301,2529,2026-02-03 20:12:27,ferrous_shadow,Ferrous Shadow,weapon,3,1,,,,2026-02-03,2026-02,False,False,True
main,887284572,60,9,Character Event,301,2530,2026-02-03 23:25:22,ferrous_shadow,Ferrous Shadow,weapon,3,1,,,,2026-02-03,2026-02,False,False,True
main,887284572,60,9,Character Event,301,2531,2026-02-04 07:12:45,emerald_orb,Emerald Orb,weapon,3,1,,,,2026-02-04,2026-02,False,False,True
main,887284572,60,9,Character Event,301,2532,2026-02-05 09:03:59,cool_steel,Cool Steel,weapon,3,1,,,,2026-02-05,2026-02,False,False,True
main,887284572,60,9,Character Event,301,2533,2026-02-06 04:07:59,slingshot,Slingshot,weapon,3,1,,,,2026-02-06,2026-02,False,False,True
main,887284572,60,9,Character Event,301,2534,2026-02-07 06:29:41,ferrous_shadow,Ferrous Shadow,weapon,3,1,,,,2026-02-07,2026-02,False,False,True
main,887284572,60,9,Character Event,301,2535,2026-02-08 06:12:22,slingshot,Slingshot,weapon,3,1,,,,2026-02-08,2026-02,False,False,True
main,887284572,60,9,Character Event,301,2536,2026-02-09 05:39:26,magic_guide,Magic Guide,weapon,3,1,,,,2026-02-09,2026-02,False,False,True
main,887284572,60,9,Character Event,301,2537,2026-02-09 14:33:44,aino,Aino,character,4,9,2.0,Guaranteed,,2026-02-09,2026-02,False,True,False
main,887284572,60,9,Character Event,301,2538,2026-02-09 14:34:05,debate_club,Debate Club,weapon,3,1,,,,2026-02-09,2026-02,False,False,True
main,887284572,60,9,Character Event,301,2539,2026-02-09 14:37:51,ferrous_shadow,Ferrous Shadow,weapon,3,1,,,,2026-02-09,2026-02,False,False,True
main,887284572,60,9,Character Event,301,2540,2026-02-11 06:27:33,bloodtainted_greatsword,Bloodtainted Greatsword,weapon,3,1,,,,2026-02-11,2026-02,False,False,True
main,887284572,60,9,Character Event,301,2541,2026-02-11 06:27:41,cool_steel,Cool Steel,weapon,3,1,,,,2026-02-11,2026-02,False,False,True
main,887284572,60,9,Character Event,301,2542,2026-02-12 08:24:50,magic_guide,Magic Guide,weapon,3,1,,,,2026-02-12,2026-02,False,False,True
main,887284572,60,9,Character Event,301,2543,2026-02-12 08:24:58,magic_guide,Magic Guide,weapon,3,1,,,,2026-02-12,2026-02,False,False,True
main,887284572,60,9,Character Event,301,2544,2026-02-13 06:48:51,tighnari,Tighnari,character,5,27,0.0,Lose,,2026-02-13,2026-02,True,False,False
main,887284572,60,9,Character Event,301,2545,2026-02-13 07:01:50,cool_steel,Cool Steel,weapon,3,1,,,,2026-02-13,2026-02,False,False,True
main,887284572,60,9,Character Event,301,2546,2026-02-13 07:01:57,slingshot,Slingshot,weapon,3,1,,,,2026-02-13,2026-02,False,False,True
main,887284572,60,9,Character Event,301,2547,2026-02-14 01:51:50,the_flute,The Flute,weapon,4,10,0.0,Lose,,2026-02-14,2026-02,False,True,False
main,887284572,60,9,Character Event,301,2548,2026-02-14 01:52:08,harbinger_of_dawn,Harbinger of Dawn,weapon,3,1,,,,2026-02-14,2026-02,False,False,True
main,887284572,60,9,Character Event,301,2549,2026-02-15 04:04:50,harbinger_of_dawn,Harbinger of Dawn,weapon,3,1,,,,2026-02-15,2026-02,False,False,True
main,887284572,60,9,Character Event,301,2550,2026-02-15 04:05:39,harbinger_of_dawn,Harbinger of Dawn,weapon,3,1,,,,2026-02-15,2026-02,False,False,True
main,887284572,60,9,Character Event,301,2551,2026-02-16 18:20:54,slingshot,Slingshot,weapon,3,1,,,,2026-02-16,2026-02,False,False,True
main,887284572,60,9,Character Event,301,2552,2026-02-16 18:20:58,magic_guide,Magic Guide,weapon,3,1,,,,2026-02-16,2026-02,False,False,True
main,887284572,60,9,Character Event,301,2553,2026-02-16 18:21:01,ferrous_shadow,Ferrous Shadow,weapon,3,1,,,,2026-02-16,2026-02,False,False,True
main,887284572,60,9,Character Event,301,2554,2026-02-16 18:21:05,thrilling_tales_of_dragon_slayers,Thrilling Tales of Dragon Slayers,weapon,3,1,,,,2026-02-16,2026-02,False,False,True
main,887284572,60,9,Character Event,301,2555,2026-02-16 18:21:08,sharpshooters_oath,Sharpshooter's Oath,weapon,3,1,,,,2026-02-16,2026-02,False,False,True
main,887284572,60,9,Character Event,301,2556,2026-02-16 18:21:11,harbinger_of_dawn,Harbinger of Dawn,weapon,3,1,,,,2026-02-16,2026-02,False,False,True
main,887284572,60,9,Character Event,301,2557,2026-02-17 08:03:50,aino,Aino,character,4,10,2.0,Guaranteed,,2026-02-17,2026-02,False,True,False
main,887284572,60,9,Character Event,301,2558,2026-02-18 07:29:26,harbinger_of_dawn,Harbinger of Dawn,weapon,3,1,,,,2026-02-18,2026-02,False,False,True
main,887284572,60,9,Character Event,301,2559,2026-02-19 09:41:20,thrilling_tales_of_dragon_slayers,Thrilling Tales of Dragon Slayers,weapon,3,1,,,,2026-02-19,2026-02,False,False,True
main,887284572,60,9,Character Event,301,2560,2026-02-20 05:02:24,bloodtainted_greatsword,Bloodtainted Greatsword,weapon,3,1,,,,2026-02-20,2026-02,False,False,True
main,887284572,60,9,Character Event,301,2561,2026-02-21 04:10:24,ferrous_shadow,Ferrous Shadow,weapon,3,1,,,,2026-02-21,2026-02,False,False,True
main,887284572,60,9,Character Event,301,2562,2026-02-22 04:17:42,layla,Layla,character,4,5,0.0,Lose,,2026-02-22,2026-02,False,True,False
main,887284572,60,9,Character Event,301,2563,2026-02-22 04:18:03,magic_guide,Magic Guide,weapon,3,1,,,,2026-02-22,2026-02,False,False,True
main,887284572,60,9,Character Event,301,2564,2026-02-24 07:57:05,thrilling_tales_of_dragon_slayers,Thrilling Tales of Dragon Slayers,weapon,3,1,,,,2026-02-24,2026-02,False,False,True
main,887284572,60,9,Character Event,301,2565,2026-02-24 10:08:22,magic_guide,Magic Guide,weapon,3,1,,,,2026-02-24,2026-02,False,False,True
main,887284572,60,9,Character Event,301,2566,2026-02-24 10:08:30,debate_club,Debate Club,weapon,3,1,,,,2026-02-24,2026-02,False,False,True
main,887284572,60,9,Character Event,301,2567,2026-02-24 10:08:35,debate_club,Debate Club,weapon,3,1,,,,2026-02-24,2026-02,False,False,True
main,887284572,60,9,Character Event,301,2568,2026-02-24 10:08:41,cool_steel,Cool Steel,weapon,3,1,,,,2026-02-24,2026-02,False,False,True
main,887284572,60,9,Character Event,301,2569,2026-02-24 10:08:46,ferrous_shadow,Ferrous Shadow,weapon,3,1,,,,2026-02-24,2026-02,False,False,True
main,887284572,60,9,Character Event,301,2570,2026-02-24 10:25:13,ferrous_shadow,Ferrous Shadow,weapon,3,1,,,,2026-02-24,2026-02,False,False,True
main,887284572,60,9,Character Event,301,2571,2026-02-24 10:29:56,gorou,Gorou,character,4,9,2.0,Guaranteed,,2026-02-24,2026-02,False,True,False
main,887284572,60,9,Character Event,301,2572,2026-02-24 10:30:20,raven_bow,Raven Bow,weapon,3,1,,,,2026-02-24,2026-02,False,False,True
main,887284572,60,9,Character Event,301,2573,2026-02-24 11:38:48,slingshot,Slingshot,weapon,3,1,,,,2026-02-24,2026-02,False,False,True
main,887284572,60,9,Character Event,301,2574,2026-02-24 11:38:56,ferrous_shadow,Ferrous Shadow,weapon,3,1,,,,2026-02-24,2026-02,False,False,True
main,887284572,60,9,Character Event,301,2575,2026-02-24 11:46:21,slingshot,Slingshot,weapon,3,1,,,,2026-02-24,2026-02,False,False,True
main,887284572,60,9,Character Event,301,2576,2026-02-24 12:32:40,skyrider_sword,Skyrider Sword,weapon,3,1,,,,2026-02-24,2026-02,False,False,True
main,887284572,60,9,Character Event,301,2577,2026-02-24 12:32:48,black_tassel,Black Tassel,weapon,3,1,,,,2026-02-24,2026-02,False,False,True
main,887284572,60,9,Character Event,301,2578,2026-02-24 13:48:04,black_tassel,Black Tassel,weapon,3,1,,,,2026-02-24,2026-02,False,False,True
main,887284572,60,9,Character Event,301,2579,2026-03-04 23:09:22,bloodtainted_greatsword,Bloodtainted Greatsword,weapon,3,1,,,,2026-03-04,2026-03,False,False,True
main,887284572,60,9,Character Event,301,2580,2026-03-04 23:09:50,ferrous_shadow,Ferrous Shadow,weapon,3,1,,,,2026-03-04,2026-03,False,False,True
main,887284572,60,9,Character Event,301,2581,2026-03-08 04:32:34,sacrificial_greatsword,Sacrificial Greatsword,weapon,4,10,0.0,Lose,,2026-03-08,2026-03,False,True,False
main,887284572,60,9,Character Event,301,2582,2026-03-29 04:48:38,sharpshooters_oath,Sharpshooter's Oath,weapon,3,1,,,,2026-03-29,2026-03,False,False,True
main,887284572,60,9,Character Event,301,2583,2026-03-29 04:48:45,bloodtainted_greatsword,Bloodtainted Greatsword,weapon,3,1,,,,2026-03-29,2026-03,False,False,True
main,887284572,60,9,Character Event,301,2584,2026-04-01 05:47:22,debate_club,Debate Club,weapon,3,1,,,,2026-04-01,2026-04,False,False,True
main,887284572,60,9,Character Event,301,2585,2026-04-01 05:47:44,ferrous_shadow,Ferrous Shadow,weapon,3,1,,,,2026-04-01,2026-04,False,False,True
main,887284572,60,9,Character Event,301,2586,2026-04-01 05:47:48,bloodtainted_greatsword,Bloodtainted Greatsword,weapon,3,1,,,,2026-04-01,2026-04,False,False,True
main,887284572,60,9,Character Event,301,2587,2026-04-01 05:47:53,harbinger_of_dawn,Harbinger of Dawn,weapon,3,1,,,,2026-04-01,2026-04,False,False,True
main,887284572,60,9,Character Event,301,2588,2026-04-01 05:48:01,sharpshooters_oath,Sharpshooter's Oath,weapon,3,1,,,,2026-04-01,2026-04,False,False,True
main,887284572,60,9,Character Event,301,2589,2026-04-01 05:48:07,sharpshooters_oath,Sharpshooter's Oath,weapon,3,1,,,,2026-04-01,2026-04,False,False,True
main,887284572,60,9,Character Event,301,2590,2026-04-01 05:48:14,sharpshooters_oath,Sharpshooter's Oath,weapon,3,1,,,,2026-04-01,2026-04,False,False,True
main,887284572,60,9,Character Event,301,2591,2026-04-01 05:48:21,dahlia,Dahlia,character,4,10,2.0,Guaranteed,,2026-04-01,2026-04,False,True,False
main,887284572,60,9,Character Event,301,2592,2026-04-01 05:48:33,ferrous_shadow,Ferrous Shadow,weapon,3,1,,,,2026-04-01,2026-04,False,False,True
main,887284572,60,9,Character Event,301,2593,2026-04-08 12:08:32,slingshot,Slingshot,weapon,3,1,,,,2026-04-08,2026-04,False,False,True
main,887284572,60,9,Character Event,301,2594,2026-04-08 12:08:32,ferrous_shadow,Ferrous Shadow,weapon,3,1,,,,2026-04-08,2026-04,False,False,True
main,887284572,60,9,Character Event,301,2595,2026-04-08 12:08:32,magic_guide,Magic Guide,weapon,3,1,,,,2026-04-08,2026-04,False,False,True
main,887284572,60,9,Character Event,301,2596,2026-04-08 12:08:32,magic_guide,Magic Guide,weapon,3,1,,,,2026-04-08,2026-04,False,False,True
main,887284572,60,9,Character Event,301,2597,2026-04-08 12:08:32,ferrous_shadow,Ferrous Shadow,weapon,3,1,,,,2026-04-08,2026-04,False,False,True
main,887284572,60,9,Character Event,301,2598,2026-04-08 12:08:32,emerald_orb,Emerald Orb,weapon,3,1,,,,2026-04-08,2026-04,False,False,True
main,887284572,60,9,Character Event,301,2599,2026-04-08 12:08:32,raven_bow,Raven Bow,weapon,3,1,,,,2026-04-08,2026-04,False,False,True
main,887284572,60,9,Character Event,301,2600,2026-04-08 12:08:32,sacrificial_bow,Sacrificial Bow,weapon,4,9,0.0,Lose,,2026-04-08,2026-04,False,True,False
main,887284572,60,9,Character Event,301,2601,2026-04-08 12:08:32,ferrous_shadow,Ferrous Shadow,weapon,3,1,,,,2026-04-08,2026-04,False,False,True
main,887284572,60,9,Character Event,301,2602,2026-04-08 12:08:32,thrilling_tales_of_dragon_slayers,Thrilling Tales of Dragon Slayers,weapon,3,1,,,,2026-04-08,2026-04,False,False,True
main,887284572,60,9,Character Event,301,2603,2026-04-08 12:08:49,skyrider_sword,Skyrider Sword,weapon,3,1,,,,2026-04-08,2026-04,False,False,True
main,887284572,60,9,Character Event,301,2604,2026-04-08 12:08:55,black_tassel,Black Tassel,weapon,3,1,,,,2026-04-08,2026-04,False,False,True
main,887284572,60,9,Character Event,301,2605,2026-04-08 12:09:01,raven_bow,Raven Bow,weapon,3,1,,,,2026-04-08,2026-04,False,False,True
main,887284572,60,9,Character Event,301,2606,2026-04-08 12:09:06,harbinger_of_dawn,Harbinger of Dawn,weapon,3,1,,,,2026-04-08,2026-04,False,False,True
main,887284572,60,9,Character Event,301,2607,2026-04-08 12:09:14,raven_bow,Raven Bow,weapon,3,1,,,,2026-04-08,2026-04,False,False,True
main,887284572,60,9,Character Event,301,2608,2026-04-08 12:09:20,sharpshooters_oath,Sharpshooter's Oath,weapon,3,1,,,,2026-04-08,2026-04,False,False,True
main,887284572,60,9,Character Event,301,2609,2026-04-08 12:09:26,noelle,Noelle,character,4,9,2.0,Guaranteed,,2026-04-08,2026-04,False,True,False
main,887284572,60,9,Character Event,301,2610,2026-04-08 12:09:47,slingshot,Slingshot,weapon,3,1,,,,2026-04-08,2026-04,False,False,True
main,887284572,60,9,Character Event,301,2611,2026-04-08 14:41:40,thrilling_tales_of_dragon_slayers,Thrilling Tales of Dragon Slayers,weapon,3,1,,,,2026-04-08,2026-04,False,False,True
main,887284572,60,9,Character Event,301,2612,2026-04-08 14:41:48,harbinger_of_dawn,Harbinger of Dawn,weapon,3,1,,,,2026-04-08,2026-04,False,False,True
main,887284572,60,9,Character Event,301,2613,2026-04-08 14:41:58,debate_club,Debate Club,weapon,3,1,,,,2026-04-08,2026-04,False,False,True
main,887284572,60,9,Character Event,301,2614,2026-04-08 14:42:41,sharpshooters_oath,Sharpshooter's Oath,weapon,3,1,,,,2026-04-08,2026-04,False,False,True
main,887284572,60,9,Character Event,301,2615,2026-04-08 14:42:47,emerald_orb,Emerald Orb,weapon,3,1,,,,2026-04-08,2026-04,False,False,True
main,887284572,60,9,Character Event,301,2616,2026-04-08 14:43:53,harbinger_of_dawn,Harbinger of Dawn,weapon,3,1,,,,2026-04-08,2026-04,False,False,True
main,887284572,60,9,Character Event,301,2617,2026-04-08 23:13:32,emerald_orb,Emerald Orb,weapon,3,1,,,,2026-04-08,2026-04,False,False,True
main,887284572,60,9,Character Event,301,2618,2026-04-09 00:01:51,noelle,Noelle,character,4,9,1.0,Win,,2026-04-09,2026-04,False,True,False
main,887284572,60,9,Character Event,301,2619,2026-04-09 00:02:10,skyrider_sword,Skyrider Sword,weapon,3,1,,,,2026-04-09,2026-04,False,False,True
main,887284572,60,9,Character Event,301,2620,2026-04-09 06:57:45,sharpshooters_oath,Sharpshooter's Oath,weapon,3,1,,,,2026-04-09,2026-04,False,False,True
main,887284572,60,9,Character Event,301,2621,2026-04-09 17:05:01,bloodtainted_greatsword,Bloodtainted Greatsword,weapon,3,1,,,,2026-04-09,2026-04,False,False,True
main,887284572,60,9,Character Event,301,2622,2026-04-09 17:49:01,bloodtainted_greatsword,Bloodtainted Greatsword,weapon,3,1,,,,2026-04-09,2026-04,False,False,True
main,887284572,60,9,Character Event,301,2623,2026-04-09 18:13:30,emerald_orb,Emerald Orb,weapon,3,1,,,,2026-04-09,2026-04,False,False,True
main,887284572,60,9,Character Event,301,2624,2026-04-09 19:07:22,linnea,Linnea,character,5,80,2.0,Guaranteed,,2026-04-09,2026-04,True,False,False
main,887284572,60,9,Character Event,301,2625,2026-04-09 20:08:21,thrilling_tales_of_dragon_slayers,Thrilling Tales of Dragon Slayers,weapon,3,1,,,,2026-04-09,2026-04,False,False,True
main,887284572,60,9,Character Event,301,2626,2026-04-09 22:01:23,magic_guide,Magic Guide,weapon,3,1,,,,2026-04-09,2026-04,False,False,True
main,887284572,60,9,Character Event,301,2627,2026-04-09 22:33:19,ferrous_shadow,Ferrous Shadow,weapon,3,1,,,,2026-04-09,2026-04,False,False,True
main,887284572,60,9,Character Event,301,2628,2026-04-09 23:11:25,favonius_sword,Favonius Sword,weapon,4,10,0.0,Lose,,2026-04-09,2026-04,False,True,False
main,887284572,60,9,Character Event,301,2629,2026-04-09 23:11:47,skyrider_sword,Skyrider Sword,weapon,3,1,,,,2026-04-09,2026-04,False,False,True
main,887284572,60,9,Character Event,301,2630,2026-04-09 23:22:29,raven_bow,Raven Bow,weapon,3,1,,,,2026-04-09,2026-04,False,False,True
main,887284572,60,9,Character Event,301,2631,2026-04-10 08:00:21,skyrider_sword,Skyrider Sword,weapon,3,1,,,,2026-04-10,2026-04,False,False,True
main,887284572,60,9,Character Event,301,2632,2026-04-10 10:27:55,thrilling_tales_of_dragon_slayers,Thrilling Tales of Dragon Slayers,weapon,3,1,,,,2026-04-10,2026-04,False,False,True
main,887284572,60,9,Character Event,301,2633,2026-04-11 13:22:47,aino,Aino,character,4,5,2.0,Guaranteed,,2026-04-11,2026-04,False,True,False
main,887284572,60,9,Character Event,301,2634,2026-04-11 13:22:59,sharpshooters_oath,Sharpshooter's Oath,weapon,3,1,,,,2026-04-11,2026-04,False,False,True
main,887284572,60,9,Character Event,301,2635,2026-04-11 13:23:05,harbinger_of_dawn,Harbinger of Dawn,weapon,3,1,,,,2026-04-11,2026-04,False,False,True
main,887284572,60,9,Character Event,301,2636,2026-04-11 13:48:35,thrilling_tales_of_dragon_slayers,Thrilling Tales of Dragon Slayers,weapon,3,1,,,,2026-04-11,2026-04,False,False,True
main,887284572,60,9,Character Event,301,2637,2026-04-12 05:27:15,bloodtainted_greatsword,Bloodtainted Greatsword,weapon,3,1,,,,2026-04-12,2026-04,False,False,True
main,887284572,60,9,Character Event,301,2638,2026-04-12 21:13:13,sharpshooters_oath,Sharpshooter's Oath,weapon,3,1,,,,2026-04-12,2026-04,False,False,True
main,887284572,60,9,Character Event,301,2639,2026-04-12 21:13:22,debate_club,Debate Club,weapon,3,1,,,,2026-04-12,2026-04,False,False,True
main,887284572,60,9,Character Event,301,2640,2026-04-12 21:46:06,emerald_orb,Emerald Orb,weapon,3,1,,,,2026-04-12,2026-04,False,False,True
main,887284572,60,9,Character Event,301,2641,2026-04-13 02:59:35,ferrous_shadow,Ferrous Shadow,weapon,3,1,,,,2026-04-13,2026-04,False,False,True
main,887284572,60,9,Character Event,301,2642,2026-04-13 02:59:42,harbinger_of_dawn,Harbinger of Dawn,weapon,3,1,,,,2026-04-13,2026-04,False,False,True
main,887284572,60,9,Character Event,301,2643,2026-04-13 04:07:21,illuga,Illuga,character,4,10,1.0,Win,,2026-04-13,2026-04,False,True,False
main,887284572,60,9,Character Event,301,2644,2026-04-13 04:07:34,skyrider_sword,Skyrider Sword,weapon,3,1,,,,2026-04-13,2026-04,False,False,True
main,887284572,60,9,Character Event,301,2645,2026-04-13 04:24:16,skyrider_sword,Skyrider Sword,weapon,3,1,,,,2026-04-13,2026-04,False,False,True
main,887284572,60,9,Character Event,301,2646,2026-04-13 04:40:27,debate_club,Debate Club,weapon,3,1,,,,2026-04-13,2026-04,False,False,True
main,887284572,60,9,Character Event,301,2647,2026-04-13 05:19:04,magic_guide,Magic Guide,weapon,3,1,,,,2026-04-13,2026-04,False,False,True
main,887284572,60,9,Character Event,301,2648,2026-04-14 11:07:17,black_tassel,Black Tassel,weapon,3,1,,,,2026-04-14,2026-04,False,False,True
main,887284572,60,9,Character Event,301,2649,2026-04-14 12:28:03,raven_bow,Raven Bow,weapon,3,1,,,,2026-04-14,2026-04,False,False,True
main,887284572,60,9,Character Event,301,2650,2026-04-15 08:03:44,ferrous_shadow,Ferrous Shadow,weapon,3,1,,,,2026-04-15,2026-04,False,False,True
main,887284572,60,9,Character Event,301,2651,2026-04-15 14:06:41,magic_guide,Magic Guide,weapon,3,1,,,,2026-04-15,2026-04,False,False,True
main,887284572,60,9,Character Event,301,2652,2026-04-15 14:06:50,sacrificial_bow,Sacrificial Bow,weapon,4,9,0.0,Lose,,2026-04-15,2026-04,False,True,False
main,887284572,60,9,Character Event,301,2653,2026-04-16 01:06:45,sharpshooters_oath,Sharpshooter's Oath,weapon,3,1,,,,2026-04-16,2026-04,False,False,True
main,887284572,60,9,Character Event,301,2654,2026-04-16 04:27:46,bloodtainted_greatsword,Bloodtainted Greatsword,weapon,3,1,,,,2026-04-16,2026-04,False,False,True
main,887284572,60,9,Character Event,301,2655,2026-04-16 04:27:53,emerald_orb,Emerald Orb,weapon,3,1,,,,2026-04-16,2026-04,False,False,True
main,887284572,60,9,Character Event,301,2656,2026-04-16 04:27:59,magic_guide,Magic Guide,weapon,3,1,,,,2026-04-16,2026-04,False,False,True
main,887284572,60,9,Character Event,301,2657,2026-04-16 04:28:04,sharpshooters_oath,Sharpshooter's Oath,weapon,3,1,,,,2026-04-16,2026-04,False,False,True
main,887284572,60,9,Character Event,301,2658,2026-04-16 04:28:10,magic_guide,Magic Guide,weapon,3,1,,,,2026-04-16,2026-04,False,False,True
main,887284572,60,9,Character Event,301,2659,2026-04-16 07:16:38,raven_bow,Raven Bow,weapon,3,1,,,,2026-04-16,2026-04,False,False,True
main,887284572,60,9,Character Event,400,2660,2026-04-17 05:14:06,black_tassel,Black Tassel,weapon,3,1,,,,2026-04-17,2026-04,False,False,True
main,887284572,60,9,Character Event,400,2661,2026-04-17 05:14:18,aino,Aino,character,4,9,2.0,Guaranteed,,2026-04-17,2026-04,False,True,False
main,887284572,60,9,Character Event,400,2662,2026-04-18 08:04:58,black_tassel,Black Tassel,weapon,3,1,,,,2026-04-18,2026-04,False,False,True
main,887284572,60,9,Character Event,400,2663,2026-04-19 04:09:24,raven_bow,Raven Bow,weapon,3,1,,,,2026-04-19,2026-04,False,False,True
main,887284572,60,9,Character Event,400,2664,2026-04-20 05:30:49,raven_bow,Raven Bow,weapon,3,1,,,,2026-04-20,2026-04,False,False,True
main,887284572,60,9,Character Event,400,2665,2026-04-21 05:25:24,harbinger_of_dawn,Harbinger of Dawn,weapon,3,1,,,,2026-04-21,2026-04,False,False,True
main,887284572,60,9,Character Event,400,2666,2026-04-22 04:22:45,aino,Aino,character,4,5,1.0,Win,,2026-04-22,2026-04,False,True,False
main,887284572,60,9,Character Event,400,2667,2026-04-22 04:23:04,skyrider_sword,Skyrider Sword,weapon,3,1,,,,2026-04-22,2026-04,False,False,True
main,887284572,60,9,Character Event,400,2668,2026-04-22 06:39:30,black_tassel,Black Tassel,weapon,3,1,,,,2026-04-22,2026-04,False,False,True
main,887284572,60,9,Character Event,400,2669,2026-04-23 05:21:13,ferrous_shadow,Ferrous Shadow,weapon,3,1,,,,2026-04-23,2026-04,False,False,True
main,887284572,60,9,Character Event,400,2670,2026-04-24 05:22:04,raven_bow,Raven Bow,weapon,3,1,,,,2026-04-24,2026-04,False,False,True
main,887284572,60,9,Character Event,400,2671,2026-04-25 05:55:32,cool_steel,Cool Steel,weapon,3,1,,,,2026-04-25,2026-04,False,False,True
main,887284572,60,9,Character Event,400,2672,2026-04-25 05:55:40,cool_steel,Cool Steel,weapon,3,1,,,,2026-04-25,2026-04,False,False,True
main,887284572,60,9,Character Event,400,2673,2026-04-26 14:06:40,raven_bow,Raven Bow,weapon,3,1,,,,2026-04-26,2026-04,False,False,True
main,887284572,60,9,Character Event,400,2674,2026-04-27 06:59:52,bloodtainted_greatsword,Bloodtainted Greatsword,weapon,3,1,,,,2026-04-27,2026-04,False,False,True
main,887284572,60,9,Character Event,400,2675,2026-04-28 06:23:35,bloodtainted_greatsword,Bloodtainted Greatsword,weapon,3,1,,,,2026-04-28,2026-04,False,False,True
main,887284572,60,9,Character Event,400,2676,2026-04-28 17:31:32,aino,Aino,character,4,10,1.0,Win,,2026-04-28,2026-04,False,True,False
main,887284572,60,9,Character Event,301,2677,2026-05-20 12:19:16,harbinger_of_dawn,Harbinger of Dawn,weapon,3,1,,,,2026-05-20,2026-05,False,False,True
main,887284572,60,9,Character Event,301,2678,2026-05-20 12:19:26,magic_guide,Magic Guide,weapon,3,1,,,,2026-05-20,2026-05,False,False,True
main,887284572,60,9,Character Event,301,2679,2026-05-20 12:19:35,bloodtainted_greatsword,Bloodtainted Greatsword,weapon,3,1,,,,2026-05-20,2026-05,False,False,True
main,887284572,60,9,Character Event,301,2680,2026-05-20 12:19:42,emerald_orb,Emerald Orb,weapon,3,1,,,,2026-05-20,2026-05,False,False,True
main,887284572,60,9,Character Event,301,2681,2026-05-20 12:19:52,sharpshooters_oath,Sharpshooter's Oath,weapon,3,1,,,,2026-05-20,2026-05,False,False,True
main,887284572,60,9,Character Event,301,2682,2026-05-21 04:19:49,favonius_warbow,Favonius Warbow,weapon,4,6,0.0,Lose,,2026-05-21,2026-05,False,True,False
main,887284572,60,9,Character Event,301,2683,2026-05-21 04:22:40,thrilling_tales_of_dragon_slayers,Thrilling Tales of Dragon Slayers,weapon,3,1,,,,2026-05-21,2026-05,False,False,True
main,887284572,60,9,Character Event,301,2684,2026-05-21 06:02:47,thrilling_tales_of_dragon_slayers,Thrilling Tales of Dragon Slayers,weapon,3,1,,,,2026-05-21,2026-05,False,False,True
main,887284572,60,9,Character Event,301,2685,2026-05-21 06:02:54,skyrider_sword,Skyrider Sword,weapon,3,1,,,,2026-05-21,2026-05,False,False,True
main,887284572,60,9,Character Event,301,2686,2026-05-22 04:06:22,emerald_orb,Emerald Orb,weapon,3,1,,,,2026-05-22,2026-05,False,False,True
main,887284572,60,9,Character Event,301,2687,2026-05-23 04:33:28,magic_guide,Magic Guide,weapon,3,1,,,,2026-05-23,2026-05,False,False,True
main,887284572,60,9,Character Event,301,2688,2026-05-24 04:25:49,raven_bow,Raven Bow,weapon,3,1,,,,2026-05-24,2026-05,False,False,True
main,887284572,60,9,Character Event,301,2689,2026-05-25 06:32:39,harbinger_of_dawn,Harbinger of Dawn,weapon,3,1,,,,2026-05-25,2026-05,False,False,True
main,887284572,60,9,Character Event,301,2690,2026-05-25 07:26:55,black_tassel,Black Tassel,weapon,3,1,,,,2026-05-25,2026-05,False,False,True
main,887284572,60,9,Character Event,301,2691,2026-05-26 03:33:54,ferrous_shadow,Ferrous Shadow,weapon,3,1,,,,2026-05-26,2026-05,False,False,True
main,887284572,60,9,Character Event,301,2692,2026-05-26 03:34:02,razor,Razor,character,4,10,2.0,Guaranteed,,2026-05-26,2026-05,False,True,False
main,887284572,60,9,Character Event,301,2693,2026-05-26 03:34:08,cool_steel,Cool Steel,weapon,3,1,,,,2026-05-26,2026-05,False,False,True
main,887284572,60,9,Character Event,301,2694,2026-05-26 03:34:13,debate_club,Debate Club,weapon,3,1,,,,2026-05-26,2026-05,False,False,True
main,887284572,60,9,Character Event,301,2695,2026-05-26 03:34:19,skyrider_sword,Skyrider Sword,weapon,3,1,,,,2026-05-26,2026-05,False,False,True
main,887284572,60,9,Character Event,301,2696,2026-05-26 03:34:25,thrilling_tales_of_dragon_slayers,Thrilling Tales of Dragon Slayers,weapon,3,1,,,,2026-05-26,2026-05,False,False,True
main,887284572,60,9,Character Event,301,2697,2026-05-26 03:34:41,black_tassel,Black Tassel,weapon,3,1,,,,2026-05-26,2026-05,False,False,True
main,887284572,60,9,Character Event,301,2698,2026-05-26 04:08:15,black_tassel,Black Tassel,weapon,3,1,,,,2026-05-26,2026-05,False,False,True
main,887284572,60,9,Character Event,301,2699,2026-05-27 01:10:13,thrilling_tales_of_dragon_slayers,Thrilling Tales of Dragon Slayers,weapon,3,1,,,,2026-05-27,2026-05,False,False,True
main,887284572,60,9,Character Event,301,2700,2026-05-27 01:10:23,nicole,Nicole,character,5,76,1.0,Win,,2026-05-27,2026-05,True,False,False
main,887284572,60,9,Character Event,301,2701,2026-05-27 01:20:34,favonius_warbow,Favonius Warbow,weapon,4,9,0.0,Lose,,2026-05-27,2026-05,False,True,False
main,887284572,60,9,Character Event,301,2702,2026-05-27 01:20:41,black_tassel,Black Tassel,weapon,3,1,,,,2026-05-27,2026-05,False,False,True
main,887284572,60,9,Character Event,301,2703,2026-05-27 01:20:46,raven_bow,Raven Bow,weapon,3,1,,,,2026-05-27,2026-05,False,False,True
main,887284572,60,9,Character Event,301,2704,2026-05-27 02:36:31,debate_club,Debate Club,weapon,3,1,,,,2026-05-27,2026-05,False,False,True
main,887284572,60,9,Character Event,301,2705,2026-05-27 04:24:14,raven_bow,Raven Bow,weapon,3,1,,,,2026-05-27,2026-05,False,False,True
main,887284572,60,9,Character Event,301,2706,2026-05-27 04:24:54,nicole,Nicole,character,5,6,1.0,Win,,2026-05-27,2026-05,True,False,False
main,887284572,60,9,Character Event,301,2707,2026-06-01 15:47:49,bloodtainted_greatsword,Bloodtainted Greatsword,weapon,3,1,,,,2026-06-01,2026-06,False,False,True
main,887284572,60,9,Character Event,301,2708,2026-06-01 15:47:56,magic_guide,Magic Guide,weapon,3,1,,,,2026-06-01,2026-06,False,False,True
main,887284572,60,9,Character Event,301,2709,2026-06-01 15:48:02,slingshot,Slingshot,weapon,3,1,,,,2026-06-01,2026-06,False,False,True
main,887284572,60,9,Character Event,301,2710,2026-06-01 15:48:07,fischl,Fischl,character,4,9,2.0,Guaranteed,,2026-06-01,2026-06,False,True,False
main,887284572,60,9,Character Event,301,2711,2026-06-01 15:48:15,slingshot,Slingshot,weapon,3,1,,,,2026-06-01,2026-06,False,False,True
main,887284572,60,9,Character Event,301,2712,2026-06-01 15:48:20,sharpshooters_oath,Sharpshooter's Oath,weapon,3,1,,,,2026-06-01,2026-06,False,False,True
main,887284572,60,9,Character Event,301,2713,2026-06-01 15:48:26,bloodtainted_greatsword,Bloodtainted Greatsword,weapon,3,1,,,,2026-06-01,2026-06,False,False,True
main,887284572,60,9,Character Event,301,2714,2026-06-01 15:48:31,slingshot,Slingshot,weapon,3,1,,,,2026-06-01,2026-06,False,False,True
main,887284572,60,9,Character Event,301,2715,2026-06-01 15:48:46,skyrider_sword,Skyrider Sword,weapon,3,1,,,,2026-06-01,2026-06,False,False,True
main,887284572,60,9,Character Event,301,2716,2026-06-01 15:48:50,sharpshooters_oath,Sharpshooter's Oath,weapon,3,1,,,,2026-06-01,2026-06,False,False,True
main,887284572,60,9,Character Event,301,2717,2026-06-01 15:48:55,thrilling_tales_of_dragon_slayers,Thrilling Tales of Dragon Slayers,weapon,3,1,,,,2026-06-01,2026-06,False,False,True
main,887284572,60,9,Character Event,301,2718,2026-06-01 15:49:00,bloodtainted_greatsword,Bloodtainted Greatsword,weapon,3,1,,,,2026-06-01,2026-06,False,False,True
main,887284572,60,9,Character Event,301,2719,2026-06-02 04:44:08,fischl,Fischl,character,4,9,1.0,Win,,2026-06-02,2026-06,False,True,False
main,887284572,60,9,Character Event,301,2720,2026-06-02 04:44:25,black_tassel,Black Tassel,weapon,3,1,,,,2026-06-02,2026-06,False,False,True
main,887284572,60,9,Character Event,301,2721,2026-06-02 15:57:24,ferrous_shadow,Ferrous Shadow,weapon,3,1,,,,2026-06-02,2026-06,False,False,True
main,887284572,60,9,Character Event,301,2722,2026-06-03 13:59:40,emerald_orb,Emerald Orb,weapon,3,1,,,,2026-06-03,2026-06,False,False,True
main,887284572,60,9,Character Event,301,2723,2026-06-05 05:02:24,debate_club,Debate Club,weapon,3,1,,,,2026-06-05,2026-06,False,False,True
main,887284572,60,9,Character Event,301,2724,2026-06-07 06:51:25,black_tassel,Black Tassel,weapon,3,1,,,,2026-06-07,2026-06,False,False,True
main,887284572,60,9,Character Event,301,2725,2026-06-07 06:51:34,sacrificial_greatsword,Sacrificial Greatsword,weapon,4,6,0.0,Lose,,2026-06-07,2026-06,False,True,False
main,887284572,60,9,Character Event,301,2726,2026-06-08 06:19:51,slingshot,Slingshot,weapon,3,1,,,,2026-06-08,2026-06,False,False,True
main,887284572,60,9,Character Event,301,2727,2026-06-08 06:20:00,slingshot,Slingshot,weapon,3,1,,,,2026-06-08,2026-06,False,False,True
main,887284572,60,9,Character Event,301,2728,2026-06-08 06:20:07,bloodtainted_greatsword,Bloodtainted Greatsword,weapon,3,1,,,,2026-06-08,2026-06,False,False,True
main,887284572,60,9,Character Event,301,2729,2026-06-08 06:20:14,black_tassel,Black Tassel,weapon,3,1,,,,2026-06-08,2026-06,False,False,True
main,887284572,60,9,Character Event,301,2730,2026-06-08 06:20:21,thrilling_tales_of_dragon_slayers,Thrilling Tales of Dragon Slayers,weapon,3,1,,,,2026-06-08,2026-06,False,False,True
main,887284572,60,9,Character Event,301,2731,2026-06-09 06:20:16,black_tassel,Black Tassel,weapon,3,1,,,,2026-06-09,2026-06,False,False,True
main,887284572,60,9,Character Event,301,2732,2026-07-01 10:52:52,debate_club,Debate Club,weapon,3,1,,,,2026-07-01,2026-07,False,False,True
main,887284572,60,9,Character Event,301,2733,2026-07-01 10:52:52,slingshot,Slingshot,weapon,3,1,,,,2026-07-01,2026-07,False,False,True
main,887284572,60,9,Character Event,301,2734,2026-07-01 10:52:52,diona,Diona,character,4,9,2.0,Guaranteed,,2026-07-01,2026-07,False,True,False
main,887284572,60,9,Character Event,301,2735,2026-07-01 10:52:52,sharpshooters_oath,Sharpshooter's Oath,weapon,3,1,,,,2026-07-01,2026-07,False,False,True
main,887284572,60,9,Character Event,301,2736,2026-07-01 10:52:52,magic_guide,Magic Guide,weapon,3,1,,,,2026-07-01,2026-07,False,False,True
main,887284572,60,9,Character Event,301,2737,2026-07-01 10:52:52,black_tassel,Black Tassel,weapon,3,1,,,,2026-07-01,2026-07,False,False,True
main,887284572,60,9,Character Event,301,2738,2026-07-01 10:52:52,slingshot,Slingshot,weapon,3,1,,,,2026-07-01,2026-07,False,False,True
main,887284572,60,9,Character Event,301,2739,2026-07-01 10:52:52,sharpshooters_oath,Sharpshooter's Oath,weapon,3,1,,,,2026-07-01,2026-07,False,False,True
main,887284572,60,9,Character Event,301,2740,2026-07-01 10:52:52,cool_steel,Cool Steel,weapon,3,1,,,,2026-07-01,2026-07,False,False,True
main,887284572,60,9,Character Event,301,2741,2026-07-01 10:52:52,emerald_orb,Emerald Orb,weapon,3,1,,,,2026-07-01,2026-07,False,False,True
main,887284572,60,9,Character Event,301,2742,2026-07-01 10:53:12,emerald_orb,Emerald Orb,weapon,3,1,,,,2026-07-01,2026-07,False,False,True
main,887284572,60,9,Character Event,301,2743,2026-07-01 18:49:20,sacrificial_bow,Sacrificial Bow,weapon,4,9,0.0,Lose,,2026-07-01,2026-07,False,True,False
main,887284572,60,9,Character Event,301,2744,2026-07-01 18:49:28,slingshot,Slingshot,weapon,3,1,,,,2026-07-01,2026-07,False,False,True
main,887284572,60,9,Character Event,301,2745,2026-07-01 18:49:34,bloodtainted_greatsword,Bloodtainted Greatsword,weapon,3,1,,,,2026-07-01,2026-07,False,False,True
main,887284572,60,9,Character Event,301,2746,2026-07-01 18:49:39,diona,Diona,character,4,3,2.0,Guaranteed,,2026-07-01,2026-07,False,True,False
main,887284572,60,9,Character Event,301,2747,2026-07-01 18:49:46,ferrous_shadow,Ferrous Shadow,weapon,3,1,,,,2026-07-01,2026-07,False,False,True
main,887284572,60,9,Character Event,301,2748,2026-07-01 18:49:52,emerald_orb,Emerald Orb,weapon,3,1,,,,2026-07-01,2026-07,False,False,True
main,887284572,60,9,Character Event,301,2749,2026-07-01 18:50:06,magic_guide,Magic Guide,weapon,3,1,,,,2026-07-01,2026-07,False,False,True
main,887284572,60,9,Character Event,301,2750,2026-07-01 19:01:20,sharpshooters_oath,Sharpshooter's Oath,weapon,3,1,,,,2026-07-01,2026-07,False,False,True
main,887284572,60,9,Character Event,301,2751,2026-07-02 05:49:22,sharpshooters_oath,Sharpshooter's Oath,weapon,3,1,,,,2026-07-02,2026-07,False,False,True
main,887284572,60,9,Character Event,301,2752,2026-07-02 05:49:30,emerald_orb,Emerald Orb,weapon,3,1,,,,2026-07-02,2026-07,False,False,True
main,887284572,60,9,Character Event,301,2753,2026-07-02 05:49:36,emerald_orb,Emerald Orb,weapon,3,1,,,,2026-07-02,2026-07,False,False,True
main,887284572,60,9,Character Event,301,2754,2026-07-02 06:59:48,debate_club,Debate Club,weapon,3,1,,,,2026-07-02,2026-07,False,False,True
main,887284572,60,9,Character Event,301,2755,2026-07-02 09:46:05,freminet,Freminet,character,4,9,1.0,Win,,2026-07-02,2026-07,False,True,False
main,887284572,60,9,Character Event,301,2756,2026-07-02 10:39:23,skyrider_sword,Skyrider Sword,weapon,3,1,,,,2026-07-02,2026-07,False,False,True
main,887284572,60,9,Character Event,301,2757,2026-07-02 12:11:17,skyrider_sword,Skyrider Sword,weapon,3,1,,,,2026-07-02,2026-07,False,False,True
main,887284572,60,9,Character Event,301,2758,2026-07-03 04:25:58,black_tassel,Black Tassel,weapon,3,1,,,,2026-07-03,2026-07,False,False,True
main,887284572,60,9,Character Event,301,2759,2026-07-03 05:14:48,raven_bow,Raven Bow,weapon,3,1,,,,2026-07-03,2026-07,False,False,True
main,887284572,60,9,Character Event,301,2760,2026-07-03 05:16:33,black_tassel,Black Tassel,weapon,3,1,,,,2026-07-03,2026-07,False,False,True
main,887284572,60,9,Character Event,301,2761,2026-07-03 05:17:03,ferrous_shadow,Ferrous Shadow,weapon,3,1,,,,2026-07-03,2026-07,False,False,True
main,887284572,60,9,Character Event,301,2762,2026-07-03 05:58:39,thrilling_tales_of_dragon_slayers,Thrilling Tales of Dragon Slayers,weapon,3,1,,,,2026-07-03,2026-07,False,False,True
main,887284572,60,9,Character Event,301,2763,2026-07-03 05:58:47,sandrone,Sandrone,character,5,57,1.0,Win,,2026-07-03,2026-07,True,False,False
main,887284572,60,9,Character Event,301,2764,2026-07-30 01:33:29,skyrider_sword,Skyrider Sword,weapon,3,1,,,,2026-07-30,2026-07,False,False,True
main,887284572,60,9,Character Event,301,2765,2026-07-30 05:22:58,sacrificial_fragments,Sacrificial Fragments,weapon,4,10,0.0,Lose,,2026-07-30,2026-07,False,True,False
main,887284572,60,9,Character Event,301,2766,2026-07-31 04:02:06,ferrous_shadow,Ferrous Shadow,weapon,3,1,,,,2026-07-31,2026-07,False,False,True
main,887284572,60,9,Character Event,301,2767,2026-08-12 11:31:08,black_tassel,Black Tassel,weapon,3,1,,,,2026-08-12,2026-08,False,False,True
main,887284572,60,9,Character Event,301,2768,2026-08-12 11:31:08,skyrider_sword,Skyrider Sword,weapon,3,1,,,,2026-08-12,2026-08,False,False,True
main,887284572,60,9,Character Event,301,2769,2026-08-12 11:31:08,sharpshooters_oath,Sharpshooter's Oath,weapon,3,1,,,,2026-08-12,2026-08,False,False,True
main,887284572,60,9,Character Event,301,2770,2026-08-12 11:31:08,cool_steel,Cool Steel,weapon,3,1,,,,2026-08-12,2026-08,False,False,True
main,887284572,60,9,Character Event,301,2771,2026-08-12 11:31:08,emerald_orb,Emerald Orb,weapon,3,1,,,,2026-08-12,2026-08,False,False,True
main,887284572,60,9,Character Event,301,2772,2026-08-12 11:31:08,ferrous_shadow,Ferrous Shadow,weapon,3,1,,,,2026-08-12,2026-08,False,False,True
main,887284572,60,9,Character Event,301,2773,2026-08-12 11:31:08,emerald_orb,Emerald Orb,weapon,3,1,,,,2026-08-12,2026-08,False,False,True
main,887284572,60,9,Character Event,301,2774,2026-08-12 11:31:08,sucrose,Sucrose,character,4,9,2.0,Guaranteed,,2026-08-12,2026-08,False,True,False
main,887284572,60,9,Character Event,301,2775,2026-08-12 11:31:08,thrilling_tales_of_dragon_slayers,Thrilling Tales of Dragon Slayers,weapon,3,1,,,,2026-08-12,2026-08,False,False,True
main,887284572,60,9,Character Event,301,2776,2026-08-12 11:31:08,alyosha,Alyosha,character,4,2,1.0,Win,,2026-08-12,2026-08,False,True,False
main,887284572,60,9,Character Event,301,2777,2026-08-12 11:31:20,black_tassel,Black Tassel,weapon,3,1,,,,2026-08-12,2026-08,False,False,True
main,887284572,60,9,Character Event,301,2778,2026-08-12 11:31:20,slingshot,Slingshot,weapon,3,1,,,,2026-08-12,2026-08,False,False,True
main,887284572,60,9,Character Event,301,2779,2026-08-12 11:31:20,black_tassel,Black Tassel,weapon,3,1,,,,2026-08-12,2026-08,False,False,True
main,887284572,60,9,Character Event,301,2780,2026-08-12 11:31:20,harbinger_of_dawn,Harbinger of Dawn,weapon,3,1,,,,2026-08-12,2026-08,False,False,True
main,887284572,60,9,Character Event,301,2781,2026-08-12 11:31:20,harbinger_of_dawn,Harbinger of Dawn,weapon,3,1,,,,2026-08-12,2026-08,False,False,True
main,887284572,60,9,Character Event,301,2782,2026-08-12 11:31:20,ferrous_shadow,Ferrous Shadow,weapon,3,1,,,,2026-08-12,2026-08,False,False,True
main,887284572,60,9,Character Event,301,2783,2026-08-12 11:31:20,slingshot,Slingshot,weapon,3,1,,,,2026-08-12,2026-08,False,False,True
main,887284572,60,9,Character Event,301,2784,2026-08-12 11:31:20,sharpshooters_oath,Sharpshooter's Oath,weapon,3,1,,,,2026-08-12,2026-08,False,False,True
main,887284572,60,9,Character Event,301,2785,2026-08-12 11:31:20,sucrose,Sucrose,character,4,9,1.0,Win,,2026-08-12,2026-08,False,True,False
main,887284572,60,9,Character Event,301,2786,2026-08-12 11:31:20,harbinger_of_dawn,Harbinger of Dawn,weapon,3,1,,,,2026-08-12,2026-08,False,False,True
main,887284572,60,9,Character Event,301,2787,2026-08-12 11:31:39,black_tassel,Black Tassel,weapon,3,1,,,,2026-08-12,2026-08,False,False,True
main,887284572,60,9,Character Event,301,2788,2026-08-12 11:31:46,skyrider_sword,Skyrider Sword,weapon,3,1,,,,2026-08-12,2026-08,False,False,True
main,887284572,60,9,Character Event,301,2789,2026-08-12 11:33:45,debate_club,Debate Club,weapon,3,1,,,,2026-08-12,2026-08,False,False,True
main,887284572,60,9,Character Event,301,2790,2026-08-12 11:33:53,raven_bow,Raven Bow,weapon,3,1,,,,2026-08-12,2026-08,False,False,True
main,887284572,60,9,Character Event,301,2791,2026-08-12 11:33:58,skyrider_sword,Skyrider Sword,weapon,3,1,,,,2026-08-12,2026-08,False,False,True
main,887284572,60,9,Character Event,301,2792,2026-08-12 11:34:03,sharpshooters_oath,Sharpshooter's Oath,weapon,3,1,,,,2026-08-12,2026-08,False,False,True
main,887284572,60,9,Character Event,301,2793,2026-08-12 11:34:09,raven_bow,Raven Bow,weapon,3,1,,,,2026-08-12,2026-08,False,False,True
main,887284572,60,9,Character Event,301,2794,2026-08-12 11:34:16,lynette,Lynette,character,4,9,1.0,Win,,2026-08-12,2026-08,False,True,False
main,887284572,60,9,Character Event,301,2795,2026-08-12 11:34:23,sharpshooters_oath,Sharpshooter's Oath,weapon,3,1,,,,2026-08-12,2026-08,False,False,True
main,887284572,60,9,Character Event,301,2796,2026-08-12 11:34:39,emerald_orb,Emerald Orb,weapon,3,1,,,,2026-08-12,2026-08,False,False,True
main,887284572,60,9,Character Event,301,2797,2026-08-12 11:34:45,emerald_orb,Emerald Orb,weapon,3,1,,,,2026-08-12,2026-08,False,False,True
main,887284572,60,9,Character Event,301,2798,2026-08-12 11:34:49,raven_bow,Raven Bow,weapon,3,1,,,,2026-08-12,2026-08,False,False,True
main,887284572,60,9,Character Event,301,2799,2026-08-12 11:35:06,slingshot,Slingshot,weapon,3,1,,,,2026-08-12,2026-08,False,False,True
main,887284572,60,9,Character Event,301,2800,2026-08-12 11:35:12,sharpshooters_oath,Sharpshooter's Oath,weapon,3,1,,,,2026-08-12,2026-08,False,False,True
main,887284572,60,9,Character Event,301,2801,2026-08-12 12:07:55,black_tassel,Black Tassel,weapon,3,1,,,,2026-08-12,2026-08,False,False,True
main,887284572,60,9,Character Event,301,2802,2026-08-13 04:55:12,thrilling_tales_of_dragon_slayers,Thrilling Tales of Dragon Slayers,weapon,3,1,,,,2026-08-13,2026-08,False,False,True
main,887284572,60,9,Character Event,301,2803,2026-08-13 04:55:53,sacrificial_fragments,Sacrificial Fragments,weapon,4,9,0.0,Lose,,2026-08-13,2026-08,False,True,False
main,887284572,60,9,Character Event,301,2804,2026-08-13 05:12:50,magic_guide,Magic Guide,weapon,3,1,,,,2026-08-13,2026-08,False,False,True
main,887284572,60,9,Character Event,301,2805,2026-08-13 05:34:59,slingshot,Slingshot,weapon,3,1,,,,2026-08-13,2026-08,False,False,True
main,887284572,60,9,Character Event,301,2806,2026-08-13 05:56:33,harbinger_of_dawn,Harbinger of Dawn,weapon,3,1,,,,2026-08-13,2026-08,False,False,True
main,887284572,60,9,Character Event,301,2807,2026-08-13 11:31:13,raven_bow,Raven Bow,weapon,3,1,,,,2026-08-13,2026-08,False,False,True
main,887284572,60,9,Character Event,301,2808,2026-08-13 11:34:24,debate_club,Debate Club,weapon,3,1,,,,2026-08-13,2026-08,False,False,True
main,887284572,60,9,Character Event,301,2809,2026-08-13 12:18:34,magic_guide,Magic Guide,weapon,3,1,,,,2026-08-13,2026-08,False,False,True
main,887284572,60,9,Character Event,301,2810,2026-08-14 05:35:54,cool_steel,Cool Steel,weapon,3,1,,,,2026-08-14,2026-08,False,False,True
main,887284572,60,9,Character Event,301,2811,2026-08-14 05:56:07,harbinger_of_dawn,Harbinger of Dawn,weapon,3,1,,,,2026-08-14,2026-08,False,False,True
main,887284572,60,9,Character Event,301,2812,2026-08-15 04:22:20,sucrose,Sucrose,character,4,9,2.0,Guaranteed,,2026-08-15,2026-08,False,True,False
main,887284572,60,9,Character Event,301,2813,2026-08-15 04:22:27,magic_guide,Magic Guide,weapon,3,1,,,,2026-08-15,2026-08,False,False,True
main,887284572,60,9,Character Event,301,2814,2026-08-15 04:22:33,debate_club,Debate Club,weapon,3,1,,,,2026-08-15,2026-08,False,False,True
main,887284572,60,9,Character Event,301,2815,2026-08-15 04:22:38,harbinger_of_dawn,Harbinger of Dawn,weapon,3,1,,,,2026-08-15,2026-08,False,False,True
main,887284572,60,9,Character Event,301,2816,2026-08-15 04:22:44,raven_bow,Raven Bow,weapon,3,1,,,,2026-08-15,2026-08,False,False,True
main,887284572,60,9,Character Event,301,2817,2026-08-15 04:22:59,raven_bow,Raven Bow,weapon,3,1,,,,2026-08-15,2026-08,False,False,True
main,887284572,60,9,Character Event,301,2818,2026-08-15 05:06:00,harbinger_of_dawn,Harbinger of Dawn,weapon,3,1,,,,2026-08-15,2026-08,False,False,True
main,887284572,60,9,Character Event,301,2819,2026-08-15 08:37:57,emerald_orb,Emerald Orb,weapon,3,1,,,,2026-08-15,2026-08,False,False,True
main,887284572,60,9,Character Event,301,2820,2026-08-15 11:04:17,debate_club,Debate Club,weapon,3,1,,,,2026-08-15,2026-08,False,False,True
main,887284572,60,9,Character Event,301,2821,2026-08-15 11:07:19,alyosha,Alyosha,character,4,9,1.0,Win,,2026-08-15,2026-08,False,True,False
main,887284572,60,9,Character Event,301,2822,2026-08-15 11:23:23,emerald_orb,Emerald Orb,weapon,3,1,,,,2026-08-15,2026-08,False,False,True
main,887284572,60,9,Character Event,301,2823,2026-08-15 12:39:42,ferrous_shadow,Ferrous Shadow,weapon,3,1,,,,2026-08-15,2026-08,False,False,True
main,887284572,60,9,Character Event,301,2824,2026-08-16 06:41:06,magic_guide,Magic Guide,weapon,3,1,,,,2026-08-16,2026-08,False,False,True
main,887284572,60,9,Character Event,301,2825,2026-08-16 06:41:12,sharpshooters_oath,Sharpshooter's Oath,weapon,3,1,,,,2026-08-16,2026-08,False,False,True
main,887284572,60,9,Character Event,301,2826,2026-08-16 06:41:17,ferrous_shadow,Ferrous Shadow,weapon,3,1,,,,2026-08-16,2026-08,False,False,True
main,887284572,60,9,Character Event,301,2827,2026-08-16 06:41:22,thrilling_tales_of_dragon_slayers,Thrilling Tales of Dragon Slayers,weapon,3,1,,,,2026-08-16,2026-08,False,False,True
main,887284572,60,9,Character Event,301,2828,2026-08-16 06:41:28,emerald_orb,Emerald Orb,weapon,3,1,,,,2026-08-16,2026-08,False,False,True
main,887284572,60,9,Character Event,301,2829,2026-08-16 06:41:34,cool_steel,Cool Steel,weapon,3,1,,,,2026-08-16,2026-08,False,False,True
main,887284572,60,9,Character Event,301,2830,2026-08-16 06:41:39,the_flute,The Flute,weapon,4,9,0.0,Lose,,2026-08-16,2026-08,False,True,False
main,887284572,60,9,Character Event,301,2831,2026-08-16 06:41:53,sharpshooters_oath,Sharpshooter's Oath,weapon,3,1,,,,2026-08-16,2026-08,False,False,True
main,887284572,60,9,Character Event,301,2832,2026-08-16 07:06:51,sharpshooters_oath,Sharpshooter's Oath,weapon,3,1,,,,2026-08-16,2026-08,False,False,True
main,887284572,60,9,Character Event,301,2833,2026-08-16 07:37:00,black_tassel,Black Tassel,weapon,3,1,,,,2026-08-16,2026-08,False,False,True
main,887284572,60,9,Character Event,301,2834,2026-08-16 08:34:20,bloodtainted_greatsword,Bloodtainted Greatsword,weapon,3,1,,,,2026-08-16,2026-08,False,False,True
main,887284572,60,9,Character Event,301,2835,2026-08-16 11:04:24,emerald_orb,Emerald Orb,weapon,3,1,,,,2026-08-16,2026-08,False,False,True
main,887284572,60,9,Character Event,301,2836,2026-08-16 11:04:33,thrilling_tales_of_dragon_slayers,Thrilling Tales of Dragon Slayers,weapon,3,1,,,,2026-08-16,2026-08,False,False,True
main,887284572,60,9,Character Event,301,2837,2026-08-16 21:56:22,ferrous_shadow,Ferrous Shadow,weapon,3,1,,,,2026-08-16,2026-08,False,False,True
main,887284572,60,9,Character Event,301,2838,2026-08-16 22:47:29,ferrous_shadow,Ferrous Shadow,weapon,3,1,,,,2026-08-16,2026-08,False,False,True
main,887284572,60,9,Character Event,301,2839,2026-08-16 23:07:51,sucrose,Sucrose,character,4,9,2.0,Guaranteed,,2026-08-16,2026-08,False,True,False
main,887284572,60,9,Character Event,301,2840,2026-08-16 23:08:09,magic_guide,Magic Guide,weapon,3,1,,,,2026-08-16,2026-08,False,False,True
main,887284572,60,9,Character Event,301,2841,2026-08-16 23:38:39,debate_club,Debate Club,weapon,3,1,,,,2026-08-16,2026-08,False,False,True
main,887284572,60,9,Character Event,301,2842,2026-08-17 00:44:09,black_tassel,Black Tassel,weapon,3,1,,,,2026-08-17,2026-08,False,False,True
main,887284572,60,9,Character Event,301,2843,2026-08-17 04:41:33,harbinger_of_dawn,Harbinger of Dawn,weapon,3,1,,,,2026-08-17,2026-08,False,False,True
main,887284572,60,9,Character Event,301,2844,2026-08-17 08:55:08,jean,Jean,character,5,81,0.0,Lose,,2026-08-17,2026-08,True,False,False
main,887284572,60,9,Character Event,301,2845,2026-08-17 09:07:54,black_tassel,Black Tassel,weapon,3,1,,,,2026-08-17,2026-08,False,False,True
main,887284572,60,9,Character Event,301,2846,2026-08-17 09:08:00,ferrous_shadow,Ferrous Shadow,weapon,3,1,,,,2026-08-17,2026-08,False,False,True
main,887284572,60,9,Character Event,301,2847,2026-08-17 09:28:47,raven_bow,Raven Bow,weapon,3,1,,,,2026-08-17,2026-08,False,False,True
main,887284572,60,9,Character Event,301,2848,2026-08-18 04:53:55,black_tassel,Black Tassel,weapon,3,1,,,,2026-08-18,2026-08,False,False,True
main,887284572,60,9,Character Event,301,2849,2026-08-18 06:15:57,eye_of_perception,Eye of Perception,weapon,4,10,0.0,Lose,,2026-08-18,2026-08,False,True,False
main,887284572,60,9,Character Event,301,2850,2026-08-18 06:16:19,sucrose,Sucrose,character,4,1,2.0,Guaranteed,,2026-08-18,2026-08,False,True,False
main,887284572,60,9,Character Event,301,2851,2026-08-18 06:16:35,sharpshooters_oath,Sharpshooter's Oath,weapon,3,1,,,,2026-08-18,2026-08,False,False,True
main,887284572,60,9,Character Event,301,2852,2026-08-18 09:38:59,magic_guide,Magic Guide,weapon,3,1,,,,2026-08-18,2026-08,False,False,True
main,887284572,60,9,Character Event,301,2853,2026-08-18 10:13:35,cool_steel,Cool Steel,weapon,3,1,,,,2026-08-18,2026-08,False,False,True
main,887284572,60,9,Character Event,301,2854,2026-08-18 10:57:47,raven_bow,Raven Bow,weapon,3,1,,,,2026-08-18,2026-08,False,False,True
main,887284572,60,9,Character Event,301,2855,2026-08-18 14:35:39,sharpshooters_oath,Sharpshooter's Oath,weapon,3,1,,,,2026-08-18,2026-08,False,False,True
main,887284572,60,9,Character Event,301,2856,2026-08-18 14:56:53,bloodtainted_greatsword,Bloodtainted Greatsword,weapon,3,1,,,,2026-08-18,2026-08,False,False,True
main,887284572,60,9,Character Event,301,2857,2026-08-18 15:22:36,bloodtainted_greatsword,Bloodtainted Greatsword,weapon,3,1,,,,2026-08-18,2026-08,False,False,True
main,887284572,60,9,Character Event,301,2858,2026-08-18 16:36:44,debate_club,Debate Club,weapon,3,1,,,,2026-08-18,2026-08,False,False,True
main,887284572,60,9,Character Event,301,2859,2026-08-18 16:41:48,lynette,Lynette,character,4,9,1.0,Win,,2026-08-18,2026-08,False,True,False
main,887284572,60,9,Character Event,301,2860,2026-08-18 16:42:07,slingshot,Slingshot,weapon,3,1,,,,2026-08-18,2026-08,False,False,True
main,887284572,60,9,Character Event,301,2861,2026-08-18 18:33:34,bloodtainted_greatsword,Bloodtainted Greatsword,weapon,3,1,,,,2026-08-18,2026-08,False,False,True
main,887284572,60,9,Character Event,301,2862,2026-08-18 23:15:10,slingshot,Slingshot,weapon,3,1,,,,2026-08-18,2026-08,False,False,True
main,887284572,60,9,Character Event,301,2863,2026-08-18 23:15:18,cool_steel,Cool Steel,weapon,3,1,,,,2026-08-18,2026-08,False,False,True
main,887284572,60,9,Character Event,301,2864,2026-08-18 23:24:56,magic_guide,Magic Guide,weapon,3,1,,,,2026-08-18,2026-08,False,False,True
main,887284572,60,9,Character Event,301,2865,2026-08-19 00:23:59,magic_guide,Magic Guide,weapon,3,1,,,,2026-08-19,2026-08,False,False,True
main,887284572,60,9,Character Event,301,2866,2026-08-19 05:17:27,black_tassel,Black Tassel,weapon,3,1,,,,2026-08-19,2026-08,False,False,True
main,887284572,60,9,Character Event,301,2867,2026-08-19 10:36:38,raven_bow,Raven Bow,weapon,3,1,,,,2026-08-19,2026-08,False,False,True
main,887284572,60,9,Character Event,301,2868,2026-08-19 10:36:45,black_tassel,Black Tassel,weapon,3,1,,,,2026-08-19,2026-08,False,False,True
main,887284572,60,9,Character Event,301,2869,2026-08-19 10:36:50,dragons_bane,Dragon's Bane,weapon,4,10,0.0,Lose,,2026-08-19,2026-08,False,True,False
main,887284572,60,9,Character Event,301,2870,2026-08-19 10:36:57,magic_guide,Magic Guide,weapon,3,1,,,,2026-08-19,2026-08,False,False,True
main,887284572,60,9,Character Event,301,2871,2026-08-20 04:32:12,skyrider_sword,Skyrider Sword,weapon,3,1,,,,2026-08-20,2026-08,False,False,True
main,887284572,60,9,Character Event,301,2872,2026-08-21 04:50:33,bloodtainted_greatsword,Bloodtainted Greatsword,weapon,3,1,,,,2026-08-21,2026-08,False,False,True
main,887284572,60,9,Character Event,301,2873,2026-08-22 06:57:18,debate_club,Debate Club,weapon,3,1,,,,2026-08-22,2026-08,False,False,True
main,887284572,60,9,Character Event,301,2874,2026-08-23 07:13:56,harbinger_of_dawn,Harbinger of Dawn,weapon,3,1,,,,2026-08-23,2026-08,False,False,True
main,887284572,60,9,Character Event,301,2875,2026-08-24 05:37:00,thrilling_tales_of_dragon_slayers,Thrilling Tales of Dragon Slayers,weapon,3,1,,,,2026-08-24,2026-08,False,False,True
main,887284572,60,9,Character Event,301,2876,2026-08-24 17:52:56,harbinger_of_dawn,Harbinger of Dawn,weapon,3,1,,,,2026-08-24,2026-08,False,False,True
main,887284572,60,9,Character Event,301,2877,2026-08-25 04:07:28,odette,Odette,character,5,33,2.0,Guaranteed,,2026-08-25,2026-08,True,False,False
main,887284572,60,9,Character Event,301,2878,2026-08-26 05:05:52,slingshot,Slingshot,weapon,3,1,,,,2026-08-26,2026-08,False,False,True
main,887284572,60,9,Character Event,301,2879,2026-08-28 05:06:18,sucrose,Sucrose,character,4,10,2.0,Guaranteed,,2026-08-28,2026-08,False,True,False
main,887284572,60,9,Character Event,301,2880,2026-08-29 05:51:57,raven_bow,Raven Bow,weapon,3,1,,,,2026-08-29,2026-08,False,False,True
main,887284572,60,9,Character Event,301,2881,2026-08-29 05:52:11,emerald_orb,Emerald Orb,weapon,3,1,,,,2026-08-29,2026-08,False,False,True
main,887284572,60,9,Character Event,301,2882,2026-08-30 05:29:34,skyrider_sword,Skyrider Sword,weapon,3,1,,,,2026-08-30,2026-08,False,False,True
main,887284572,60,9,Character Event,301,2883,2026-08-30 05:29:43,bloodtainted_greatsword,Bloodtainted Greatsword,weapon,3,1,,,,2026-08-30,2026-08,False,False,True
main,887284572,60,9,Character Event,301,2884,2026-08-30 06:19:58,black_tassel,Black Tassel,weapon,3,1,,,,2026-08-30,2026-08,False,False,True
main,887284572,60,9,Character Event,301,2885,2026-08-31 09:39:45,thrilling_tales_of_dragon_slayers,Thrilling Tales of Dragon Slayers,weapon,3,1,,,,2026-08-31,2026-08,False,False,True
main,887284572,60,9,Character Event,301,2886,2026-08-31 10:14:17,skyrider_sword,Skyrider Sword,weapon,3,1,,,,2026-08-31,2026-08,False,False,True
main,887284572,60,9,Character Event,301,2887,2026-08-31 11:38:59,magic_guide,Magic Guide,weapon,3,1,,,,2026-08-31,2026-08,False,False,True
main,887284572,60,9,Character Event,301,2888,2026-09-01 06:29:46,lynette,Lynette,character,4,9,1.0,Win,,2026-09-01,2026-09,False,True,False
main,887284572,60,9,Character Event,301,2889,2026-09-01 06:29:53,ferrous_shadow,Ferrous Shadow,weapon,3,1,,,,2026-09-01,2026-09,False,False,True
main,887284572,60,9,Character Event,301,2890,2026-09-01 06:29:57,harbinger_of_dawn,Harbinger of Dawn,weapon,3,1,,,,2026-09-01,2026-09,False,False,True
main,887284572,60,9,Character Event,301,2891,2026-09-01 06:30:02,thrilling_tales_of_dragon_slayers,Thrilling Tales of Dragon Slayers,weapon,3,1,,,,2026-09-01,2026-09,False,False,True
main,887284572,60,9,Character Event,301,2892,2026-09-01 06:30:07,magic_guide,Magic Guide,weapon,3,1,,,,2026-09-01,2026-09,False,False,True
main,887284572,60,9,Character Event,301,2893,2026-09-01 06:30:28,sharpshooters_oath,Sharpshooter's Oath,weapon,3,1,,,,2026-09-01,2026-09,False,False,True
main,887284572,60,9,Character Event,301,2894,2026-09-01 06:31:08,harbinger_of_dawn,Harbinger of Dawn,weapon,3,1,,,,2026-09-01,2026-09,False,False,True
main,887284572,60,9,Character Event,301,2895,2026-09-01 06:31:13,magic_guide,Magic Guide,weapon,3,1,,,,2026-09-01,2026-09,False,False,True
main,887284572,60,9,Character Event,301,2896,2026-09-01 07:21:11,bloodtainted_greatsword,Bloodtainted Greatsword,weapon,3,1,,,,2026-09-01,2026-09,False,False,True
main,887284572,60,9,Character Event,301,2897,2026-09-01 07:21:19,skyrider_sword,Skyrider Sword,weapon,3,1,,,,2026-09-01,2026-09,False,False,True
main,887284572,60,9,Character Event,301,2898,2026-09-01 08:48:28,alyosha,Alyosha,character,4,10,1.0,Win,,2026-09-01,2026-09,False,True,False
main,887284572,60,9,Character Event,301,2899,2026-09-01 08:48:35,sharpshooters_oath,Sharpshooter's Oath,weapon,3,1,,,,2026-09-01,2026-09,False,False,True
main,887284572,60,9,Character Event,301,2900,2026-09-01 08:48:41,sharpshooters_oath,Sharpshooter's Oath,weapon,3,1,,,,2026-09-01,2026-09,False,False,True
main,887284572,60,9,Character Event,301,2901,2026-09-01 08:48:45,raven_bow,Raven Bow,weapon,3,1,,,,2026-09-01,2026-09,False,False,True
main,887284572,60,9,Character Event,301,2902,2026-09-01 08:48:50,black_tassel,Black Tassel,weapon,3,1,,,,2026-09-01,2026-09,False,False,True
main,887284572,60,9,Character Event,301,2903,2026-09-01 08:48:54,skyrider_sword,Skyrider Sword,weapon,3,1,,,,2026-09-01,2026-09,False,False,True
main,887284572,60,9,Character Event,400,2904,2026-09-23 11:59:38,sharpshooters_oath,Sharpshooter's Oath,weapon,3,1,,,,2026-09-23,2026-09,False,False,True
main,887284572,60,9,Character Event,400,2905,2026-09-23 11:59:38,debate_club,Debate Club,weapon,3,1,,,,2026-09-23,2026-09,False,False,True
main,887284572,60,9,Character Event,400,2906,2026-09-23 11:59:38,debate_club,Debate Club,weapon,3,1,,,,2026-09-23,2026-09,False,False,True
main,887284572,60,9,Character Event,400,2907,2026-09-23 11:59:38,debate_club,Debate Club,weapon,3,1,,,,2026-09-23,2026-09,False,False,True
main,887284572,60,9,Character Event,400,2908,2026-09-23 11:59:38,chongyun,Chongyun,character,4,10,1.0,Win,,2026-09-23,2026-09,False,True,False
main,887284572,60,9,Character Event,400,2909,2026-09-23 11:59:38,emerald_orb,Emerald Orb,weapon,3,1,,,,2026-09-23,2026-09,False,False,True
main,887284572,60,9,Character Event,400,2910,2026-09-23 11:59:38,emerald_orb,Emerald Orb,weapon,3,1,,,,2026-09-23,2026-09,False,False,True
main,887284572,60,9,Character Event,400,2911,2026-09-23 11:59:38,ferrous_shadow,Ferrous Shadow,weapon,3,1,,,,2026-09-23,2026-09,False,False,True
main,887284572,60,9,Character Event,400,2912,2026-09-23 11:59:38,debate_club,Debate Club,weapon,3,1,,,,2026-09-23,2026-09,False,False,True
main,887284572,60,9,Character Event,400,2913,2026-09-23 11:59:38,skyrider_sword,Skyrider Sword,weapon,3,1,,,,2026-09-23,2026-09,False,False,True
main,887284572,60,9,Character Event,400,2914,2026-09-23 11:59:56,raven_bow,Raven Bow,weapon,3,1,,,,2026-09-23,2026-09,False,False,True
main,887284572,60,9,Character Event,400,2915,2026-09-23 11:59:56,raven_bow,Raven Bow,weapon,3,1,,,,2026-09-23,2026-09,False,False,True
main,887284572,60,9,Character Event,400,2916,2026-09-23 11:59:56,thrilling_tales_of_dragon_slayers,Thrilling Tales of Dragon Slayers,weapon,3,1,,,,2026-09-23,2026-09,False,False,True
main,887284572,60,9,Character Event,400,2917,2026-09-23 11:59:56,sharpshooters_oath,Sharpshooter's Oath,weapon,3,1,,,,2026-09-23,2026-09,False,False,True
main,887284572,60,9,Character Event,400,2918,2026-09-23 11:59:56,rust,Rust,weapon,4,10,0.0,Lose,,2026-09-23,2026-09,False,True,False
main,887284572,60,9,Character Event,400,2919,2026-09-23 11:59:56,cool_steel,Cool Steel,weapon,3,1,,,,2026-09-23,2026-09,False,False,True
main,887284572,60,9,Character Event,400,2920,2026-09-23 11:59:56,sharpshooters_oath,Sharpshooter's Oath,weapon,3,1,,,,2026-09-23,2026-09,False,False,True
main,887284572,60,9,Character Event,400,2921,2026-09-23 11:59:56,harbinger_of_dawn,Harbinger of Dawn,weapon,3,1,,,,2026-09-23,2026-09,False,False,True
main,887284572,60,9,Character Event,400,2922,2026-09-23 11:59:56,skyrider_sword,Skyrider Sword,weapon,3,1,,,,2026-09-23,2026-09,False,False,True
main,887284572,60,9,Character Event,400,2923,2026-09-23 11:59:56,thrilling_tales_of_dragon_slayers,Thrilling Tales of Dragon Slayers,weapon,3,1,,,,2026-09-23,2026-09,False,False,True
main,887284572,60,9,Character Event,400,2924,2026-09-23 12:00:31,ferrous_shadow,Ferrous Shadow,weapon,3,1,,,,2026-09-23,2026-09,False,False,True
main,887284572,60,9,Character Event,400,2925,2026-09-23 12:00:37,black_tassel,Black Tassel,weapon,3,1,,,,2026-09-23,2026-09,False,False,True
main,887284572,60,9,Character Event,400,2926,2026-09-23 12:00:42,diona,Diona,character,4,8,2.0,Guaranteed,,2026-09-23,2026-09,False,True,False
main,887284572,60,9,Character Event,400,2927,2026-09-23 12:00:58,slingshot,Slingshot,weapon,3,1,,,,2026-09-23,2026-09,False,False,True
main,887284572,60,9,Character Event,400,2928,2026-09-23 12:01:04,emerald_orb,Emerald Orb,weapon,3,1,,,,2026-09-23,2026-09,False,False,True
main,887284572,60,9,Character Event,400,2929,2026-09-23 12:01:11,sharpshooters_oath,Sharpshooter's Oath,weapon,3,1,,,,2026-09-23,2026-09,False,False,True
main,887284572,60,9,Character Event,400,2930,2026-09-23 12:01:16,ferrous_shadow,Ferrous Shadow,weapon,3,1,,,,2026-09-23,2026-09,False,False,True
main,887284572,60,9,Character Event,400,2931,2026-09-23 12:01:23,cool_steel,Cool Steel,weapon,3,1,,,,2026-09-23,2026-09,False,False,True
main,887284572,60,9,Character Event,400,2932,2026-09-23 12:01:29,debate_club,Debate Club,weapon,3,1,,,,2026-09-23,2026-09,False,False,True
main,887284572,60,9,Character Event,400,2933,2026-09-23 12:01:34,cool_steel,Cool Steel,weapon,3,1,,,,2026-09-23,2026-09,False,False,True
main,887284572,60,9,Character Event,400,2934,2026-09-23 16:19:34,black_tassel,Black Tassel,weapon,3,1,,,,2026-09-23,2026-09,False,False,True
main,887284572,60,9,Character Event,400,2935,2026-09-23 23:42:55,chongyun,Chongyun,character,4,9,1.0,Win,,2026-09-23,2026-09,False,True,False
main,887284572,60,9,Character Event,400,2936,2026-09-24 08:41:54,bloodtainted_greatsword,Bloodtainted Greatsword,weapon,3,1,,,,2026-09-24,2026-09,False,False,True
main,887284572,60,9,Character Event,400,2937,2026-09-24 11:21:56,slingshot,Slingshot,weapon,3,1,,,,2026-09-24,2026-09,False,False,True
main,887284572,60,9,Character Event,400,2938,2026-09-24 11:22:04,magic_guide,Magic Guide,weapon,3,1,,,,2026-09-24,2026-09,False,False,True
main,887284572,60,9,Character Event,400,2939,2026-09-24 11:22:11,thrilling_tales_of_dragon_slayers,Thrilling Tales of Dragon Slayers,weapon,3,1,,,,2026-09-24,2026-09,False,False,True
main,887284572,60,9,Character Event,400,2940,2026-09-24 11:22:17,emerald_orb,Emerald Orb,weapon,3,1,,,,2026-09-24,2026-09,False,False,True
main,887284572,60,9,Character Event,400,2941,2026-09-24 11:22:24,skyrider_sword,Skyrider Sword,weapon,3,1,,,,2026-09-24,2026-09,False,False,True
main,887284572,60,9,Character Event,400,2942,2026-09-24 11:24:47,emerald_orb,Emerald Orb,weapon,3,1,,,,2026-09-24,2026-09,False,False,True
main,887284572,60,9,Character Event,400,2943,2026-09-24 14:07:34,magic_guide,Magic Guide,weapon,3,1,,,,2026-09-24,2026-09,False,False,True
main,887284572,60,9,Character Event,400,2944,2026-09-26 09:15:04,diona,Diona,character,4,9,1.0,Win,,2026-09-26,2026-09,False,True,False
main,887284572,60,9,Character Event,400,2945,2026-09-26 09:15:23,debate_club,Debate Club,weapon,3,1,,,,2026-09-26,2026-09,False,False,True
main,887284572,60,9,Character Event,400,2946,2026-09-26 11:16:33,bloodtainted_greatsword,Bloodtainted Greatsword,weapon,3,1,,,,2026-09-26,2026-09,False,False,True
main,887284572,60,9,Character Event,400,2947,2026-09-26 11:25:46,debate_club,Debate Club,weapon,3,1,,,,2026-09-26,2026-09,False,False,True
main,887284572,60,9,Character Event,400,2948,2026-09-26 12:01:08,thrilling_tales_of_dragon_slayers,Thrilling Tales of Dragon Slayers,weapon,3,1,,,,2026-09-26,2026-09,False,False,True
main,887284572,60,9,Character Event,400,2949,2026-09-26 12:10:31,black_tassel,Black Tassel,weapon,3,1,,,,2026-09-26,2026-09,False,False,True
main,887284572,60,9,Character Event,400,2950,2026-09-26 12:10:40,slingshot,Slingshot,weapon,3,1,,,,2026-09-26,2026-09,False,False,True
main,887284572,60,9,Character Event,400,2951,2026-09-26 16:28:46,black_tassel,Black Tassel,weapon,3,1,,,,2026-09-26,2026-09,False,False,True
main,887284572,60,9,Character Event,400,2952,2026-09-27 06:59:02,debate_club,Debate Club,weapon,3,1,,,,2026-09-27,2026-09,False,False,True
main,887284572,60,9,Character Event,400,2953,2026-09-27 07:01:17,faruzan,Faruzan,character,4,9,1.0,Win,,2026-09-27,2026-09,False,True,False
main,887284572,60,9,Character Event,400,2954,2026-09-27 07:01:34,emerald_orb,Emerald Orb,weapon,3,1,,,,2026-09-27,2026-09,False,False,True
main,887284572,60,9,Character Event,400,2955,2026-09-27 17:05:10,cool_steel,Cool Steel,weapon,3,1,,,,2026-09-27,2026-09,False,False,True
main,887284572,60,9,Character Event,400,2956,2026-09-28 04:15:38,black_tassel,Black Tassel,weapon,3,1,,,,2026-09-28,2026-09,False,False,True
main,887284572,60,9,Character Event,400,2957,2026-09-28 04:15:48,faruzan,Faruzan,character,4,4,1.0,Win,,2026-09-28,2026-09,False,True,False
main,887284572,60,9,Character Event,400,2958,2026-09-28 04:15:58,keqing,Keqing,character,5,81,0.0,Lose,,2026-09-28,2026-09,True,False,False
main,887284572,60,9,Character Event,400,2959,2026-09-28 04:46:50,magic_guide,Magic Guide,weapon,3,1,,,,2026-09-28,2026-09,False,False,True
main,887284572,60,9,Character Event,400,2960,2026-09-28 04:47:14,cool_steel,Cool Steel,weapon,3,1,,,,2026-09-28,2026-09,False,False,True
main,887284572,60,9,Character Event,400,2961,2026-09-28 04:47:19,slingshot,Slingshot,weapon,3,1,,,,2026-09-28,2026-09,False,False,True
main,887284572,60,9,Character Event,400,2962,2026-09-28 04:47:23,cool_steel,Cool Steel,weapon,3,1,,,,2026-09-28,2026-09,False,False,True
main,887284572,60,9,Character Event,400,2963,2026-09-28 13:50:25,emerald_orb,Emerald Orb,weapon,3,1,,,,2026-09-28,2026-09,False,False,True
main,887284572,60,9,Character Event,400,2964,2026-09-29 07:38:47,slingshot,Slingshot,weapon,3,1,,,,2026-09-29,2026-09,False,False,True
main,887284572,60,9,Character Event,400,2965,2026-09-29 07:38:54,harbinger_of_dawn,Harbinger of Dawn,weapon,3,1,,,,2026-09-29,2026-09,False,False,True
main,887284572,60,9,Character Event,400,2966,2026-09-29 07:39:01,ferrous_shadow,Ferrous Shadow,weapon,3,1,,,,2026-09-29,2026-09,False,False,True
main,887284572,60,9,Character Event,400,2967,2026-09-29 07:39:06,chongyun,Chongyun,character,4,10,1.0,Win,,2026-09-29,2026-09,False,True,False
main,887284572,60,9,Character Event,400,2968,2026-09-29 08:04:39,emerald_orb,Emerald Orb,weapon,3,1,,,,2026-09-29,2026-09,False,False,True
main,887284572,60,9,Character Event,400,2969,2026-09-30 01:17:41,black_tassel,Black Tassel,weapon,3,1,,,,2026-09-30,2026-09,False,False,True
main,887284572,60,9,Character Event,400,2970,2026-09-30 01:17:50,magic_guide,Magic Guide,weapon,3,1,,,,2026-09-30,2026-09,False,False,True
main,887284572,60,9,Character Event,400,2971,2026-09-30 01:17:56,slingshot,Slingshot,weapon,3,1,,,,2026-09-30,2026-09,False,False,True
main,887284572,60,9,Character Event,400,2972,2026-09-30 04:59:09,debate_club,Debate Club,weapon,3,1,,,,2026-09-30,2026-09,False,False,True
main,887284572,60,9,Character Event,400,2973,2026-09-30 13:29:38,magic_guide,Magic Guide,weapon,3,1,,,,2026-09-30,2026-09,False,False,True
main,887284572,60,9,Character Event,400,2974,2026-09-30 13:29:45,black_tassel,Black Tassel,weapon,3,1,,,,2026-09-30,2026-09,False,False,True
main,887284572,60,9,Character Event,400,2975,2026-09-30 13:29:52,magic_guide,Magic Guide,weapon,3,1,,,,2026-09-30,2026-09,False,False,True
main,887284572,60,9,Character Event,400,2976,2026-10-01 05:16:58,favonius_sword,Favonius Sword,weapon,4,9,0.0,Lose,,2026-10-01,2026-10,False,True,False
main,887284572,60,9,Character Event,400,2977,2026-10-01 05:16:58,chongyun,Chongyun,character,4,1,2.0,Guaranteed,,2026-10-01,2026-10,False,True,False
main,887284572,60,9,Character Event,400,2978,2026-10-01 05:16:58,emerald_orb,Emerald Orb,weapon,3,1,,,,2026-10-01,2026-10,False,False,True
main,887284572,60,9,Character Event,400,2979,2026-10-01 05:16:58,skyrider_sword,Skyrider Sword,weapon,3,1,,,,2026-10-01,2026-10,False,False,True
main,887284572,60,9,Character Event,400,2980,2026-10-01 05:16:58,ferrous_shadow,Ferrous Shadow,weapon,3,1,,,,2026-10-01,2026-10,False,False,True
main,887284572,60,9,Character Event,400,2981,2026-10-01 05:16:58,sharpshooters_oath,Sharpshooter's Oath,weapon,3,1,,,,2026-10-01,2026-10,False,False,True
main,887284572,60,9,Character Event,400,2982,2026-10-01 05:16:58,sharpshooters_oath,Sharpshooter's Oath,weapon,3,1,,,,2026-10-01,2026-10,False,False,True
main,887284572,60,9,Character Event,400,2983,2026-10-01 05:16:58,harbinger_of_dawn,Harbinger of Dawn,weapon,3,1,,,,2026-10-01,2026-10,False,False,True
main,887284572,60,9,Character Event,400,2984,2026-10-01 05:16:58,magic_guide,Magic Guide,weapon,3,1,,,,2026-10-01,2026-10,False,False,True
main,887284572,60,9,Character Event,400,2985,2026-10-01 05:16:58,bloodtainted_greatsword,Bloodtainted Greatsword,weapon,3,1,,,,2026-10-01,2026-10,False,False,True
main,887284572,60,9,Character Event,400,2986,2026-10-01 05:17:31,chongyun,Chongyun,character,4,9,1.0,Win,,2026-10-01,2026-10,False,True,False
main,887284572,60,9,Character Event,400,2987,2026-10-01 05:17:37,skyrider_sword,Skyrider Sword,weapon,3,1,,,,2026-10-01,2026-10,False,False,True
main,887284572,60,9,Character Event,400,2988,2026-10-01 05:17:46,bloodtainted_greatsword,Bloodtainted Greatsword,weapon,3,1,,,,2026-10-01,2026-10,False,False,True
main,887284572,60,9,Character Event,400,2989,2026-10-01 05:17:51,cool_steel,Cool Steel,weapon,3,1,,,,2026-10-01,2026-10,False,False,True
main,887284572,60,9,Character Event,400,2990,2026-10-01 05:17:55,vodyanitsa,Vodyanitsa,character,5,32,2.0,Guaranteed,,2026-10-01,2026-10,True,False,False
main,887284572,60,9,Standard,,1,2023-05-26 05:43:22,emerald_orb,Emerald Orb,weapon,3,1,,,True,2023-05-26,2023-05,False,False,True
main,887284572,60,9,Standard,,2,2023-05-26 05:43:35,skyrider_sword,Skyrider Sword,weapon,3,1,,,True,2023-05-26,2023-05,False,False,True
main,887284572,60,9,Standard,,3,2023-05-26 05:43:47,bloodtainted_greatsword,Bloodtainted Greatsword,weapon,3,1,,,True,2023-05-26,2023-05,False,False,True
main,887284572,60,9,Standard,,4,2023-05-26 05:43:58,bloodtainted_greatsword,Bloodtainted Greatsword,weapon,3,1,,,True,2023-05-26,2023-05,False,False,True
main,887284572,60,9,Standard,,5,2023-05-26 05:44:08,harbinger_of_dawn,Harbinger of Dawn,weapon,3,1,,,True,2023-05-26,2023-05,False,False,True
main,887284572,60,9,Standard,,6,2023-05-26 05:44:28,ferrous_shadow,Ferrous Shadow,weapon,3,1,,,True,2023-05-26,2023-05,False,False,True
main,887284572,60,9,Standard,,7,2023-05-26 05:44:39,skyrider_sword,Skyrider Sword,weapon,3,1,,,True,2023-05-26,2023-05,False,False,True
main,887284572,60,9,Standard,,8,2023-05-26 05:44:49,thrilling_tales_of_dragon_slayers,Thrilling Tales of Dragon Slayers,weapon,3,1,,,True,2023-05-26,2023-05,False,False,True
main,887284572,60,9,Standard,,9,2023-05-26 05:45:01,sacrificial_bow,Sacrificial Bow,weapon,4,9,,,True,2023-05-26,2023-05,False,True,False
main,887284572,60,9,Standard,,10,2023-05-26 05:45:25,skyrider_sword,Skyrider Sword,weapon,3,1,,,True,2023-05-26,2023-05,False,False,True
main,887284572,60,9,Standard,,11,2023-05-26 05:45:37,harbinger_of_dawn,Harbinger of Dawn,weapon,3,1,,,True,2023-05-26,2023-05,False,False,True
main,887284572,60,9,Standard,,12,2023-05-26 05:45:49,cool_steel,Cool Steel,weapon,3,1,,,True,2023-05-26,2023-05,False,False,True
main,887284572,60,9,Standard,,13,2023-05-26 08:40:05,thrilling_tales_of_dragon_slayers,Thrilling Tales of Dragon Slayers,weapon,3,1,,,True,2023-05-26,2023-05,False,False,True
main,887284572,60,9,Standard,,14,2023-05-26 08:40:16,raven_bow,Raven Bow,weapon,3,1,,,True,2023-05-26,2023-05,False,False,True
main,887284572,60,9,Standard,,15,2023-05-26 08:42:34,black_tassel,Black Tassel,weapon,3,1,,,True,2023-05-26,2023-05,False,False,True
main,887284572,60,9,Standard,,16,2023-05-28 01:29:53,harbinger_of_dawn,Harbinger of Dawn,weapon,3,1,,,True,2023-05-28,2023-05,False,False,True
main,887284572,60,9,Standard,,17,2023-05-28 01:30:05,black_tassel,Black Tassel,weapon,3,1,,,True,2023-05-28,2023-05,False,False,True
main,887284572,60,9,Standard,,18,2023-05-28 01:30:15,kujou_sara,Kujou Sara,character,4,9,,,True,2023-05-28,2023-05,False,True,False
main,887284572,60,9,Standard,,19,2023-05-28 03:28:46,black_tassel,Black Tassel,weapon,3,1,,,True,2023-05-28,2023-05,False,False,True
main,887284572,60,9,Standard,,20,2023-05-28 03:28:57,raven_bow,Raven Bow,weapon,3,1,,,True,2023-05-28,2023-05,False,False,True
main,887284572,60,9,Standard,,21,2023-05-28 06:24:03,raven_bow,Raven Bow,weapon,3,1,,,True,2023-05-28,2023-05,False,False,True
main,887284572,60,9,Standard,,22,2023-05-29 00:50:10,cool_steel,Cool Steel,weapon,3,1,,,True,2023-05-29,2023-05,False,False,True
main,887284572,60,9,Standard,,23,2023-05-29 00:50:25,black_tassel,Black Tassel,weapon,3,1,,,True,2023-05-29,2023-05,False,False,True
main,887284572,60,9,Standard,,24,2023-05-29 01:33:17,cool_steel,Cool Steel,weapon,3,1,,,True,2023-05-29,2023-05,False,False,True
main,887284572,60,9,Standard,,25,2023-05-29 07:19:27,slingshot,Slingshot,weapon,3,1,,,True,2023-05-29,2023-05,False,False,True
main,887284572,60,9,Standard,,26,2023-05-29 15:31:25,harbinger_of_dawn,Harbinger of Dawn,weapon,3,1,,,True,2023-05-29,2023-05,False,False,True
main,887284572,60,9,Standard,,27,2023-05-30 14:15:30,debate_club,Debate Club,weapon,3,1,,,True,2023-05-30,2023-05,False,False,True
main,887284572,60,9,Standard,,28,2023-05-30 22:14:26,favonius_codex,Favonius Codex,weapon,4,10,,,True,2023-05-30,2023-05,False,True,False
main,887284572,60,9,Standard,,29,2023-05-30 22:14:43,sharpshooters_oath,Sharpshooter's Oath,weapon,3,1,,,True,2023-05-30,2023-05,False,False,True
main,887284572,60,9,Standard,,30,2023-05-31 16:59:59,raven_bow,Raven Bow,weapon,3,1,,,True,2023-05-31,2023-05,False,False,True
main,887284572,60,9,Standard,,31,2023-05-31 17:00:09,raven_bow,Raven Bow,weapon,3,1,,,True,2023-05-31,2023-05,False,False,True
main,887284572,60,9,Standard,,32,2023-06-01 05:14:45,raven_bow,Raven Bow,weapon,3,1,,,True,2023-06-01,2023-06,False,False,True
main,887284572,60,9,Standard,,33,2023-06-01 18:46:47,ferrous_shadow,Ferrous Shadow,weapon,3,1,,,True,2023-06-01,2023-06,False,False,True
main,887284572,60,9,Standard,,34,2023-06-01 20:06:37,thrilling_tales_of_dragon_slayers,Thrilling Tales of Dragon Slayers,weapon,3,1,,,True,2023-06-01,2023-06,False,False,True
main,887284572,60,9,Standard,,35,2023-06-01 20:06:50,sharpshooters_oath,Sharpshooter's Oath,weapon,3,1,,,True,2023-06-01,2023-06,False,False,True
main,887284572,60,9,Standard,,36,2023-06-02 01:04:43,bloodtainted_greatsword,Bloodtainted Greatsword,weapon,3,1,,,True,2023-06-02,2023-06,False,False,True
main,887284572,60,9,Standard,,37,2023-06-02 02:26:23,raven_bow,Raven Bow,weapon,3,1,,,True,2023-06-02,2023-06,False,False,True
main,887284572,60,9,Standard,,38,2023-06-02 19:50:44,kaeya,Kaeya,character,4,10,,,True,2023-06-02,2023-06,False,True,False
main,887284572,60,9,Standard,,39,2023-06-04 13:06:34,raven_bow,Raven Bow,weapon,3,1,,,True,2023-06-04,2023-06,False,False,True
main,887284572,60,9,Standard,,40,2023-06-04 13:06:47,thrilling_tales_of_dragon_slayers,Thrilling Tales of Dragon Slayers,weapon,3,1,,,True,2023-06-04,2023-06,False,False,True
main,887284572,60,9,Standard,,41,2023-06-04 21:39:49,debate_club,Debate Club,weapon,3,1,,,True,2023-06-04,2023-06,False,False,True
main,887284572,60,9,Standard,,42,2023-06-06 16:59:00,cool_steel,Cool Steel,weapon,3,1,,,True,2023-06-06,2023-06,False,False,True
main,887284572,60,9,Standard,,43,2023-06-06 16:59:11,slingshot,Slingshot,weapon,3,1,,,True,2023-06-06,2023-06,False,False,True
main,887284572,60,9,Standard,,44,2023-06-06 16:59:23,slingshot,Slingshot,weapon,3,1,,,True,2023-06-06,2023-06,False,False,True
main,887284572,60,9,Standard,,45,2023-06-06 16:59:34,sharpshooters_oath,Sharpshooter's Oath,weapon,3,1,,,True,2023-06-06,2023-06,False,False,True
main,887284572,60,9,Standard,,46,2023-06-06 16:59:45,thrilling_tales_of_dragon_slayers,Thrilling Tales of Dragon Slayers,weapon,3,1,,,True,2023-06-06,2023-06,False,False,True
main,887284572,60,9,Standard,,47,2023-06-06 16:59:58,rainslasher,Rainslasher,weapon,4,9,,,True,2023-06-06,2023-06,False,True,False
main,887284572,60,9,Standard,,48,2023-06-07 14:30:50,thrilling_tales_of_dragon_slayers,Thrilling Tales of Dragon Slayers,weapon,3,1,,,True,2023-06-07,2023-06,False,False,True
main,887284572,60,9,Standard,,49,2023-06-07 14:30:50,skyrider_sword,Skyrider Sword,weapon,3,1,,,True,2023-06-07,2023-06,False,False,True
main,887284572,60,9,Standard,,50,2023-06-07 14:30:50,cool_steel,Cool Steel,weapon,3,1,,,True,2023-06-07,2023-06,False,False,True
main,887284572,60,9,Standard,,51,2023-06-07 14:30:50,harbinger_of_dawn,Harbinger of Dawn,weapon,3,1,,,True,2023-06-07,2023-06,False,False,True
main,887284572,60,9,Standard,,52,2023-06-07 14:30:50,bloodtainted_greatsword,Bloodtainted Greatsword,weapon,3,1,,,True,2023-06-07,2023-06,False,False,True
main,887284572,60,9,Standard,,53,2023-06-07 14:30:50,bloodtainted_greatsword,Bloodtainted Greatsword,weapon,3,1,,,True,2023-06-07,2023-06,False,False,True
main,887284572,60,9,Standard,,54,2023-06-07 14:30:50,ferrous_shadow,Ferrous Shadow,weapon,3,1,,,True,2023-06-07,2023-06,False,False,True
main,887284572,60,9,Standard,,55,2023-06-07 14:30:50,magic_guide,Magic Guide,weapon,3,1,,,True,2023-06-07,2023-06,False,False,True
main,887284572,60,9,Standard,,56,2023-06-07 14:30:50,black_tassel,Black Tassel,weapon,3,1,,,True,2023-06-07,2023-06,False,False,True
main,887284572,60,9,Standard,,57,2023-06-07 14:30:50,sayu,Sayu,character,4,10,,,True,2023-06-07,2023-06,False,True,False
main,887284572,60,9,Standard,,58,2023-06-08 11:39:52,bloodtainted_greatsword,Bloodtainted Greatsword,weapon,3,1,,,True,2023-06-08,2023-06,False,False,True
main,887284572,60,9,Standard,,59,2023-06-08 15:40:04,ferrous_shadow,Ferrous Shadow,weapon,3,1,,,True,2023-06-08,2023-06,False,False,True
main,887284572,60,9,Standard,,60,2023-06-08 15:40:18,emerald_orb,Emerald Orb,weapon,3,1,,,True,2023-06-08,2023-06,False,False,True
main,887284572,60,9,Standard,,61,2023-06-08 16:25:21,skyrider_sword,Skyrider Sword,weapon,3,1,,,True,2023-06-08,2023-06,False,False,True
main,887284572,60,9,Standard,,62,2023-06-08 16:25:34,cool_steel,Cool Steel,weapon,3,1,,,True,2023-06-08,2023-06,False,False,True
main,887284572,60,9,Standard,,63,2023-06-08 16:25:44,black_tassel,Black Tassel,weapon,3,1,,,True,2023-06-08,2023-06,False,False,True
main,887284572,60,9,Standard,,64,2023-06-08 16:25:54,harbinger_of_dawn,Harbinger of Dawn,weapon,3,1,,,True,2023-06-08,2023-06,False,False,True
main,887284572,60,9,Standard,,65,2023-06-08 16:26:04,emerald_orb,Emerald Orb,weapon,3,1,,,True,2023-06-08,2023-06,False,False,True
main,887284572,60,9,Standard,,66,2023-06-08 16:26:15,dragons_bane,Dragon's Bane,weapon,4,9,,,True,2023-06-08,2023-06,False,True,False
main,887284572,60,9,Standard,,67,2023-06-08 17:45:50,bloodtainted_greatsword,Bloodtainted Greatsword,weapon,3,1,,,True,2023-06-08,2023-06,False,False,True
main,887284572,60,9,Standard,,68,2023-06-09 01:26:36,skyrider_sword,Skyrider Sword,weapon,3,1,,,True,2023-06-09,2023-06,False,False,True
main,887284572,60,9,Standard,,69,2023-06-09 01:26:48,cool_steel,Cool Steel,weapon,3,1,,,True,2023-06-09,2023-06,False,False,True
main,887284572,60,9,Standard,,70,2023-06-09 10:46:45,harbinger_of_dawn,Harbinger of Dawn,weapon,3,1,,,True,2023-06-09,2023-06,False,False,True
main,887284572,60,9,Standard,,71,2023-06-09 10:46:55,ferrous_shadow,Ferrous Shadow,weapon,3,1,,,True,2023-06-09,2023-06,False,False,True
main,887284572,60,9,Standard,,72,2023-06-09 20:31:24,black_tassel,Black Tassel,weapon,3,1,,,True,2023-06-09,2023-06,False,False,True
main,887284572,60,9,Standard,,73,2023-06-11 14:29:23,debate_club,Debate Club,weapon,3,1,,,True,2023-06-11,2023-06,False,False,True
main,887284572,60,9,Standard,,74,2023-06-12 21:08:33,emerald_orb,Emerald Orb,weapon,3,1,,,True,2023-06-12,2023-06,False,False,True
main,887284572,60,9,Standard,,75,2023-06-12 21:08:45,debate_club,Debate Club,weapon,3,1,,,True,2023-06-12,2023-06,False,False,True
main,887284572,60,9,Standard,,76,2023-06-13 18:19:55,chongyun,Chongyun,character,4,10,,,True,2023-06-13,2023-06,False,True,False
main,887284572,60,9,Standard,,77,2023-06-13 18:20:12,wolfs_gravestone,Wolf's Gravestone,weapon,5,77,,,True,2023-06-13,2023-06,True,False,False
main,887284572,60,9,Standard,,78,2023-06-14 16:12:27,emerald_orb,Emerald Orb,weapon,3,1,,,True,2023-06-14,2023-06,False,False,True
main,887284572,60,9,Standard,,79,2023-06-15 00:09:23,bloodtainted_greatsword,Bloodtainted Greatsword,weapon,3,1,,,True,2023-06-15,2023-06,False,False,True
main,887284572,60,9,Standard,,80,2023-06-15 00:09:35,raven_bow,Raven Bow,weapon,3,1,,,True,2023-06-15,2023-06,False,False,True
main,887284572,60,9,Standard,,81,2023-06-15 12:06:16,black_tassel,Black Tassel,weapon,3,1,,,True,2023-06-15,2023-06,False,False,True
main,887284572,60,9,Standard,,82,2023-06-15 12:06:27,thrilling_tales_of_dragon_slayers,Thrilling Tales of Dragon Slayers,weapon,3,1,,,True,2023-06-15,2023-06,False,False,True
main,887284572,60,9,Standard,,83,2023-06-15 13:05:38,ferrous_shadow,Ferrous Shadow,weapon,3,1,,,True,2023-06-15,2023-06,False,False,True
main,887284572,60,9,Standard,,84,2023-06-15 14:45:54,debate_club,Debate Club,weapon,3,1,,,True,2023-06-15,2023-06,False,False,True
main,887284572,60,9,Standard,,85,2023-06-15 18:59:50,skyrider_sword,Skyrider Sword,weapon,3,1,,,True,2023-06-15,2023-06,False,False,True
main,887284572,60,9,Standard,,86,2023-06-16 01:26:39,favonius_sword,Favonius Sword,weapon,4,10,,,True,2023-06-16,2023-06,False,True,False
main,887284572,60,9,Standard,,87,2023-06-16 01:26:57,harbinger_of_dawn,Harbinger of Dawn,weapon,3,1,,,True,2023-06-16,2023-06,False,False,True
main,887284572,60,9,Standard,,88,2023-06-16 05:06:40,bloodtainted_greatsword,Bloodtainted Greatsword,weapon,3,1,,,True,2023-06-16,2023-06,False,False,True
main,887284572,60,9,Standard,,89,2023-06-16 11:43:30,magic_guide,Magic Guide,weapon,3,1,,,True,2023-06-16,2023-06,False,False,True
main,887284572,60,9,Standard,,90,2023-06-16 11:43:42,magic_guide,Magic Guide,weapon,3,1,,,True,2023-06-16,2023-06,False,False,True
main,887284572,60,9,Standard,,91,2023-06-17 12:37:10,skyrider_sword,Skyrider Sword,weapon,3,1,,,True,2023-06-17,2023-06,False,False,True
main,887284572,60,9,Standard,,92,2023-06-17 23:55:06,emerald_orb,Emerald Orb,weapon,3,1,,,True,2023-06-17,2023-06,False,False,True
main,887284572,60,9,Standard,,93,2023-06-17 23:55:16,sharpshooters_oath,Sharpshooter's Oath,weapon,3,1,,,True,2023-06-17,2023-06,False,False,True
main,887284572,60,9,Standard,,94,2023-06-20 11:50:43,ferrous_shadow,Ferrous Shadow,weapon,3,1,,,True,2023-06-20,2023-06,False,False,True
main,887284572,60,9,Standard,,95,2023-06-20 11:51:35,yaoyao,Yaoyao,character,4,9,,,True,2023-06-20,2023-06,False,True,False
main,887284572,60,9,Standard,,96,2023-06-20 11:51:47,slingshot,Slingshot,weapon,3,1,,,True,2023-06-20,2023-06,False,False,True
main,887284572,60,9,Standard,,97,2023-06-20 11:51:56,ferrous_shadow,Ferrous Shadow,weapon,3,1,,,True,2023-06-20,2023-06,False,False,True
main,887284572,60,9,Standard,,98,2023-06-20 11:52:05,magic_guide,Magic Guide,weapon,3,1,,,True,2023-06-20,2023-06,False,False,True
main,887284572,60,9,Standard,,99,2023-06-20 11:52:14,slingshot,Slingshot,weapon,3,1,,,True,2023-06-20,2023-06,False,False,True
main,887284572,60,9,Standard,,100,2023-06-20 12:01:49,slingshot,Slingshot,weapon,3,1,,,True,2023-06-20,2023-06,False,False,True
main,887284572,60,9,Standard,,101,2023-06-20 12:02:06,cool_steel,Cool Steel,weapon,3,1,,,True,2023-06-20,2023-06,False,False,True
main,887284572,60,9,Standard,,102,2023-06-20 23:30:29,skyrider_sword,Skyrider Sword,weapon,3,1,,,True,2023-06-20,2023-06,False,False,True
main,887284572,60,9,Standard,,103,2023-06-20 23:30:40,ferrous_shadow,Ferrous Shadow,weapon,3,1,,,True,2023-06-20,2023-06,False,False,True
main,887284572,60,9,Standard,,104,2023-06-25 16:30:29,harbinger_of_dawn,Harbinger of Dawn,weapon,3,1,,,True,2023-06-25,2023-06,False,False,True
main,887284572,60,9,Standard,,105,2023-06-25 17:06:00,favonius_codex,Favonius Codex,weapon,4,10,,,True,2023-06-25,2023-06,False,True,False
main,887284572,60,9,Standard,,106,2023-06-25 17:10:22,ferrous_shadow,Ferrous Shadow,weapon,3,1,,,True,2023-06-25,2023-06,False,False,True
main,887284572,60,9,Standard,,107,2023-06-25 21:26:16,black_tassel,Black Tassel,weapon,3,1,,,True,2023-06-25,2023-06,False,False,True
main,887284572,60,9,Standard,,108,2023-06-25 21:26:28,the_widsith,The Widsith,weapon,4,3,,,True,2023-06-25,2023-06,False,True,False
main,887284572,60,9,Standard,,109,2023-06-26 04:07:58,emerald_orb,Emerald Orb,weapon,3,1,,,True,2023-06-26,2023-06,False,False,True
main,887284572,60,9,Standard,,110,2023-06-26 10:07:25,ferrous_shadow,Ferrous Shadow,weapon,3,1,,,True,2023-06-26,2023-06,False,False,True
main,887284572,60,9,Standard,,111,2023-06-26 10:32:01,skyrider_sword,Skyrider Sword,weapon,3,1,,,True,2023-06-26,2023-06,False,False,True
main,887284572,60,9,Standard,,112,2023-07-01 09:08:06,cool_steel,Cool Steel,weapon,3,1,,,True,2023-07-01,2023-07,False,False,True
main,887284572,60,9,Standard,,113,2023-07-01 09:08:17,raven_bow,Raven Bow,weapon,3,1,,,True,2023-07-01,2023-07,False,False,True
main,887284572,60,9,Standard,,114,2023-07-01 09:08:26,cool_steel,Cool Steel,weapon,3,1,,,True,2023-07-01,2023-07,False,False,True
main,887284572,60,9,Standard,,115,2023-07-01 09:08:34,cool_steel,Cool Steel,weapon,3,1,,,True,2023-07-01,2023-07,False,False,True
main,887284572,60,9,Standard,,116,2023-07-01 09:08:43,debate_club,Debate Club,weapon,3,1,,,True,2023-07-01,2023-07,False,False,True
main,887284572,60,9,Standard,,117,2023-07-01 09:26:48,harbinger_of_dawn,Harbinger of Dawn,weapon,3,1,,,True,2023-07-01,2023-07,False,False,True
main,887284572,60,9,Standard,,118,2023-07-01 09:26:57,yun_jin,Yun Jin,character,4,10,,,True,2023-07-01,2023-07,False,True,False
main,887284572,60,9,Standard,,119,2023-07-03 05:17:15,raven_bow,Raven Bow,weapon,3,1,,,True,2023-07-03,2023-07,False,False,True
main,887284572,60,9,Standard,,120,2023-07-03 19:37:18,magic_guide,Magic Guide,weapon,3,1,,,True,2023-07-03,2023-07,False,False,True
main,887284572,60,9,Standard,,121,2023-07-05 15:59:46,thrilling_tales_of_dragon_slayers,Thrilling Tales of Dragon Slayers,weapon,3,1,,,True,2023-07-05,2023-07,False,False,True
main,887284572,60,9,Standard,,122,2023-07-05 15:59:55,harbinger_of_dawn,Harbinger of Dawn,weapon,3,1,,,True,2023-07-05,2023-07,False,False,True
main,887284572,60,9,Standard,,123,2023-07-05 16:00:04,magic_guide,Magic Guide,weapon,3,1,,,True,2023-07-05,2023-07,False,False,True
main,887284572,60,9,Standard,,124,2023-07-08 00:24:04,slingshot,Slingshot,weapon,3,1,,,True,2023-07-08,2023-07,False,False,True
main,887284572,60,9,Standard,,125,2023-07-08 08:51:43,magic_guide,Magic Guide,weapon,3,1,,,True,2023-07-08,2023-07,False,False,True
main,887284572,60,9,Standard,,126,2023-07-11 23:19:17,skyrider_sword,Skyrider Sword,weapon,3,1,,,True,2023-07-11,2023-07,False,False,True
main,887284572,60,9,Standard,,127,2023-07-12 00:26:09,the_widsith,The Widsith,weapon,4,9,,,True,2023-07-12,2023-07,False,True,False
main,887284572,60,9,Standard,,128,2023-07-12 09:03:19,ferrous_shadow,Ferrous Shadow,weapon,3,1,,,True,2023-07-12,2023-07,False,False,True
main,887284572,60,9,Standard,,129,2023-07-12 17:07:45,harbinger_of_dawn,Harbinger of Dawn,weapon,3,1,,,True,2023-07-12,2023-07,False,False,True
main,887284572,60,9,Standard,,130,2023-07-12 17:07:56,skyrider_sword,Skyrider Sword,weapon,3,1,,,True,2023-07-12,2023-07,False,False,True
main,887284572,60,9,Standard,,131,2023-07-16 09:45:35,sharpshooters_oath,Sharpshooter's Oath,weapon,3,1,,,True,2023-07-16,2023-07,False,False,True
main,887284572,60,9,Standard,,132,2023-07-16 09:45:46,skyrider_sword,Skyrider Sword,weapon,3,1,,,True,2023-07-16,2023-07,False,False,True
main,887284572,60,9,Standard,,133,2023-07-17 07:07:20,debate_club,Debate Club,weapon,3,1,,,True,2023-07-17,2023-07,False,False,True
main,887284572,60,9,Standard,,134,2023-07-17 22:11:27,raven_bow,Raven Bow,weapon,3,1,,,True,2023-07-17,2023-07,False,False,True
main,887284572,60,9,Standard,,135,2023-07-17 22:11:37,magic_guide,Magic Guide,weapon,3,1,,,True,2023-07-17,2023-07,False,False,True
main,887284572,60,9,Standard,,136,2023-07-17 22:12:58,thrilling_tales_of_dragon_slayers,Thrilling Tales of Dragon Slayers,weapon,3,1,,,True,2023-07-17,2023-07,False,False,True
main,887284572,60,9,Standard,,137,2023-07-20 16:14:18,mika,Mika,character,4,10,,,True,2023-07-20,2023-07,False,True,False
main,887284572,60,9,Standard,,138,2023-07-20 16:14:31,thrilling_tales_of_dragon_slayers,Thrilling Tales of Dragon Slayers,weapon,3,1,,,True,2023-07-20,2023-07,False,False,True
main,887284572,60,9,Standard,,139,2023-07-22 09:07:04,bloodtainted_greatsword,Bloodtainted Greatsword,weapon,3,1,,,True,2023-07-22,2023-07,False,False,True
main,887284572,60,9,Standard,,140,2023-07-24 06:12:37,raven_bow,Raven Bow,weapon,3,1,,,True,2023-07-24,2023-07,False,False,True
main,887284572,60,9,Standard,,141,2023-07-25 08:08:58,skyrider_sword,Skyrider Sword,weapon,3,1,,,True,2023-07-25,2023-07,False,False,True
main,887284572,60,9,Standard,,142,2023-07-25 10:19:47,slingshot,Slingshot,weapon,3,1,,,True,2023-07-25,2023-07,False,False,True
main,887284572,60,9,Standard,,143,2023-07-25 10:20:18,debate_club,Debate Club,weapon,3,1,,,True,2023-07-25,2023-07,False,False,True
main,887284572,60,9,Standard,,144,2023-07-25 22:44:50,emerald_orb,Emerald Orb,weapon,3,1,,,True,2023-07-25,2023-07,False,False,True
main,887284572,60,9,Standard,,145,2023-07-25 22:45:01,raven_bow,Raven Bow,weapon,3,1,,,True,2023-07-25,2023-07,False,False,True
main,887284572,60,9,Standard,,146,2023-07-25 22:45:10,debate_club,Debate Club,weapon,3,1,,,True,2023-07-25,2023-07,False,False,True
main,887284572,60,9,Standard,,147,2023-07-25 22:45:19,the_widsith,The Widsith,weapon,4,10,,,True,2023-07-25,2023-07,False,True,False
main,887284572,60,9,Standard,,148,2023-07-26 11:27:30,xiangling,Xiangling,character,4,1,,,True,2023-07-26,2023-07,False,True,False
main,887284572,60,9,Standard,,149,2023-07-26 21:39:36,magic_guide,Magic Guide,weapon,3,1,,,True,2023-07-26,2023-07,False,False,True
main,887284572,60,9,Standard,,150,2023-07-26 21:39:47,cool_steel,Cool Steel,weapon,3,1,,,True,2023-07-26,2023-07,False,False,True
main,887284572,60,9,Standard,,151,2023-07-27 21:12:09,sharpshooters_oath,Sharpshooter's Oath,weapon,3,1,,,True,2023-07-27,2023-07,False,False,True
main,887284572,60,9,Standard,,152,2023-08-01 06:55:23,magic_guide,Magic Guide,weapon,3,1,,,True,2023-08-01,2023-08,False,False,True
main,887284572,60,9,Standard,,153,2023-08-01 06:55:34,harbinger_of_dawn,Harbinger of Dawn,weapon,3,1,,,True,2023-08-01,2023-08,False,False,True
main,887284572,60,9,Standard,,154,2023-08-01 06:55:42,bloodtainted_greatsword,Bloodtainted Greatsword,weapon,3,1,,,True,2023-08-01,2023-08,False,False,True
main,887284572,60,9,Standard,,155,2023-08-01 06:55:51,thrilling_tales_of_dragon_slayers,Thrilling Tales of Dragon Slayers,weapon,3,1,,,True,2023-08-01,2023-08,False,False,True
main,887284572,60,9,Standard,,156,2023-08-01 06:56:00,ferrous_shadow,Ferrous Shadow,weapon,3,1,,,True,2023-08-01,2023-08,False,False,True
main,887284572,60,9,Standard,,157,2023-08-01 07:11:12,mona,Mona,character,5,80,,,True,2023-08-01,2023-08,True,False,False
main,887284572,60,9,Standard,,158,2023-08-01 07:11:29,sacrificial_greatsword,Sacrificial Greatsword,weapon,4,10,,,True,2023-08-01,2023-08,False,True,False
main,887284572,60,9,Standard,,159,2023-08-01 19:02:45,slingshot,Slingshot,weapon,3,1,,,True,2023-08-01,2023-08,False,False,True
main,887284572,60,9,Standard,,160,2023-08-02 21:52:46,slingshot,Slingshot,weapon,3,1,,,True,2023-08-02,2023-08,False,False,True
main,887284572,60,9,Standard,,161,2023-08-08 15:27:53,harbinger_of_dawn,Harbinger of Dawn,weapon,3,1,,,True,2023-08-08,2023-08,False,False,True
main,887284572,60,9,Standard,,162,2023-08-08 15:28:04,black_tassel,Black Tassel,weapon,3,1,,,True,2023-08-08,2023-08,False,False,True
main,887284572,60,9,Standard,,163,2023-08-09 23:35:26,skyrider_sword,Skyrider Sword,weapon,3,1,,,True,2023-08-09,2023-08,False,False,True
main,887284572,60,9,Standard,,164,2023-08-11 11:10:11,sharpshooters_oath,Sharpshooter's Oath,weapon,3,1,,,True,2023-08-11,2023-08,False,False,True
main,887284572,60,9,Standard,,165,2023-08-11 11:10:21,slingshot,Slingshot,weapon,3,1,,,True,2023-08-11,2023-08,False,False,True
main,887284572,60,9,Standard,,166,2023-08-15 16:12:44,thrilling_tales_of_dragon_slayers,Thrilling Tales of Dragon Slayers,weapon,3,1,,,True,2023-08-15,2023-08,False,False,True
main,887284572,60,9,Standard,,167,2023-08-15 16:12:56,mika,Mika,character,4,9,,,True,2023-08-15,2023-08,False,True,False
main,887284572,60,9,Standard,,168,2023-08-18 09:12:29,raven_bow,Raven Bow,weapon,3,1,,,True,2023-08-18,2023-08,False,False,True
main,887284572,60,9,Standard,,169,2023-08-18 09:12:37,emerald_orb,Emerald Orb,weapon,3,1,,,True,2023-08-18,2023-08,False,False,True
main,887284572,60,9,Standard,,170,2023-08-18 09:12:45,emerald_orb,Emerald Orb,weapon,3,1,,,True,2023-08-18,2023-08,False,False,True
main,887284572,60,9,Standard,,171,2023-08-18 09:12:54,thrilling_tales_of_dragon_slayers,Thrilling Tales of Dragon Slayers,weapon,3,1,,,True,2023-08-18,2023-08,False,False,True
main,887284572,60,9,Standard,,172,2023-08-21 02:16:32,black_tassel,Black Tassel,weapon,3,1,,,True,2023-08-21,2023-08,False,False,True
main,887284572,60,9,Standard,,173,2023-08-22 01:47:53,ferrous_shadow,Ferrous Shadow,weapon,3,1,,,True,2023-08-22,2023-08,False,False,True
main,887284572,60,9,Standard,,174,2023-08-23 12:10:14,debate_club,Debate Club,weapon,3,1,,,True,2023-08-23,2023-08,False,False,True
main,887284572,60,9,Standard,,175,2023-08-23 12:10:24,ferrous_shadow,Ferrous Shadow,weapon,3,1,,,True,2023-08-23,2023-08,False,False,True
main,887284572,60,9,Standard,,176,2023-08-26 22:40:57,sacrificial_fragments,Sacrificial Fragments,weapon,4,9,,,True,2023-08-26,2023-08,False,True,False
main,887284572,60,9,Standard,,177,2023-08-26 22:41:07,sharpshooters_oath,Sharpshooter's Oath,weapon,3,1,,,True,2023-08-26,2023-08,False,False,True
main,887284572,60,9,Standard,,178,2023-08-26 22:41:14,magic_guide,Magic Guide,weapon,3,1,,,True,2023-08-26,2023-08,False,False,True
main,887284572,60,9,Standard,,179,2023-08-26 22:41:20,raven_bow,Raven Bow,weapon,3,1,,,True,2023-08-26,2023-08,False,False,True
main,887284572,60,9,Standard,,180,2023-08-27 16:30:33,sharpshooters_oath,Sharpshooter's Oath,weapon,3,1,,,True,2023-08-27,2023-08,False,False,True
main,887284572,60,9,Standard,,181,2023-08-27 16:30:43,bloodtainted_greatsword,Bloodtainted Greatsword,weapon,3,1,,,True,2023-08-27,2023-08,False,False,True
main,887284572,60,9,Standard,,182,2023-08-28 09:42:32,sharpshooters_oath,Sharpshooter's Oath,weapon,3,1,,,True,2023-08-28,2023-08,False,False,True
main,887284572,60,9,Standard,,183,2023-08-29 21:00:28,thrilling_tales_of_dragon_slayers,Thrilling Tales of Dragon Slayers,weapon,3,1,,,True,2023-08-29,2023-08,False,False,True
main,887284572,60,9,Standard,,184,2023-08-29 21:00:36,black_tassel,Black Tassel,weapon,3,1,,,True,2023-08-29,2023-08,False,False,True
main,887284572,60,9,Standard,,185,2023-08-29 21:46:04,layla,Layla,character,4,9,,,True,2023-08-29,2023-08,False,True,False
main,887284572,60,9,Standard,,186,2023-09-01 10:56:27,slingshot,Slingshot,weapon,3,1,,,True,2023-09-01,2023-09,False,False,True
main,887284572,60,9,Standard,,187,2023-09-01 10:56:36,black_tassel,Black Tassel,weapon,3,1,,,True,2023-09-01,2023-09,False,False,True
main,887284572,60,9,Standard,,188,2023-09-01 10:56:43,bloodtainted_greatsword,Bloodtainted Greatsword,weapon,3,1,,,True,2023-09-01,2023-09,False,False,True
main,887284572,60,9,Standard,,189,2023-09-01 10:56:51,emerald_orb,Emerald Orb,weapon,3,1,,,True,2023-09-01,2023-09,False,False,True
main,887284572,60,9,Standard,,190,2023-09-01 10:56:59,debate_club,Debate Club,weapon,3,1,,,True,2023-09-01,2023-09,False,False,True
main,887284572,60,9,Standard,,191,2023-09-01 10:57:08,cool_steel,Cool Steel,weapon,3,1,,,True,2023-09-01,2023-09,False,False,True
main,887284572,60,9,Standard,,192,2023-09-01 10:57:18,debate_club,Debate Club,weapon,3,1,,,True,2023-09-01,2023-09,False,False,True
main,887284572,60,9,Standard,,193,2023-09-03 01:45:19,harbinger_of_dawn,Harbinger of Dawn,weapon,3,1,,,True,2023-09-03,2023-09,False,False,True
main,887284572,60,9,Standard,,194,2023-09-04 12:25:15,magic_guide,Magic Guide,weapon,3,1,,,True,2023-09-04,2023-09,False,False,True
main,887284572,60,9,Standard,,195,2023-09-08 02:29:45,sacrificial_fragments,Sacrificial Fragments,weapon,4,10,,,True,2023-09-08,2023-09,False,True,False
main,887284572,60,9,Standard,,196,2023-09-08 02:29:56,harbinger_of_dawn,Harbinger of Dawn,weapon,3,1,,,True,2023-09-08,2023-09,False,False,True
main,887284572,60,9,Standard,,197,2023-09-09 11:02:59,favonius_warbow,Favonius Warbow,weapon,4,2,,,True,2023-09-09,2023-09,False,True,False
main,887284572,60,9,Standard,,198,2023-09-10 02:20:22,raven_bow,Raven Bow,weapon,3,1,,,True,2023-09-10,2023-09,False,False,True
main,887284572,60,9,Standard,,199,2023-09-10 02:20:31,bloodtainted_greatsword,Bloodtainted Greatsword,weapon,3,1,,,True,2023-09-10,2023-09,False,False,True
main,887284572,60,9,Standard,,200,2023-09-15 22:12:37,skyrider_sword,Skyrider Sword,weapon,3,1,,,True,2023-09-15,2023-09,False,False,True
main,887284572,60,9,Standard,,201,2023-09-15 22:12:49,magic_guide,Magic Guide,weapon,3,1,,,True,2023-09-15,2023-09,False,False,True
main,887284572,60,9,Standard,,202,2023-09-18 10:18:19,skyrider_sword,Skyrider Sword,weapon,3,1,,,True,2023-09-18,2023-09,False,False,True
main,887284572,60,9,Standard,,203,2023-09-18 15:29:12,thrilling_tales_of_dragon_slayers,Thrilling Tales of Dragon Slayers,weapon,3,1,,,True,2023-09-18,2023-09,False,False,True
main,887284572,60,9,Standard,,204,2023-09-18 15:29:24,skyrider_sword,Skyrider Sword,weapon,3,1,,,True,2023-09-18,2023-09,False,False,True
main,887284572,60,9,Standard,,205,2023-09-18 19:59:30,faruzan,Faruzan,character,4,8,,,True,2023-09-18,2023-09,False,True,False
main,887284572,60,9,Standard,,206,2023-09-18 23:56:23,bloodtainted_greatsword,Bloodtainted Greatsword,weapon,3,1,,,True,2023-09-18,2023-09,False,False,True
main,887284572,60,9,Standard,,207,2023-09-20 23:43:55,emerald_orb,Emerald Orb,weapon,3,1,,,True,2023-09-20,2023-09,False,False,True
main,887284572,60,9,Standard,,208,2023-09-20 23:44:05,bloodtainted_greatsword,Bloodtainted Greatsword,weapon,3,1,,,True,2023-09-20,2023-09,False,False,True
main,887284572,60,9,Standard,,209,2023-09-27 17:07:39,cool_steel,Cool Steel,weapon,3,1,,,True,2023-09-27,2023-09,False,False,True
main,887284572,60,9,Standard,,210,2023-09-27 17:07:48,magic_guide,Magic Guide,weapon,3,1,,,True,2023-09-27,2023-09,False,False,True
main,887284572,60,9,Standard,,211,2023-09-28 22:06:33,black_tassel,Black Tassel,weapon,3,1,,,True,2023-09-28,2023-09,False,False,True
main,887284572,60,9,Standard,,212,2023-09-28 22:06:40,bloodtainted_greatsword,Bloodtainted Greatsword,weapon,3,1,,,True,2023-09-28,2023-09,False,False,True
main,887284572,60,9,Standard,,213,2023-09-29 02:48:10,raven_bow,Raven Bow,weapon,3,1,,,True,2023-09-29,2023-09,False,False,True
main,887284572,60,9,Standard,,214,2023-09-29 02:48:21,emerald_orb,Emerald Orb,weapon,3,1,,,True,2023-09-29,2023-09,False,False,True
main,887284572,60,9,Standard,,215,2023-10-01 21:08:13,favonius_codex,Favonius Codex,weapon,4,10,,,True,2023-10-01,2023-10,False,True,False
main,887284572,60,9,Standard,,216,2023-10-01 21:08:24,magic_guide,Magic Guide,weapon,3,1,,,True,2023-10-01,2023-10,False,False,True
main,887284572,60,9,Standard,,217,2023-10-01 21:08:31,slingshot,Slingshot,weapon,3,1,,,True,2023-10-01,2023-10,False,False,True
main,887284572,60,9,Standard,,218,2023-10-01 21:08:38,thrilling_tales_of_dragon_slayers,Thrilling Tales of Dragon Slayers,weapon,3,1,,,True,2023-10-01,2023-10,False,False,True
main,887284572,60,9,Standard,,219,2023-10-01 21:08:45,harbinger_of_dawn,Harbinger of Dawn,weapon,3,1,,,True,2023-10-01,2023-10,False,False,True
main,887284572,60,9,Standard,,220,2023-10-01 21:08:52,debate_club,Debate Club,weapon,3,1,,,True,2023-10-01,2023-10,False,False,True
main,887284572,60,9,Standard,,221,2023-10-03 13:59:14,cool_steel,Cool Steel,weapon,3,1,,,True,2023-10-03,2023-10,False,False,True
main,887284572,60,9,Standard,,222,2023-10-03 22:24:06,raven_bow,Raven Bow,weapon,3,1,,,True,2023-10-03,2023-10,False,False,True
main,887284572,60,9,Standard,,223,2023-10-10 10:37:13,bloodtainted_greatsword,Bloodtainted Greatsword,weapon,3,1,,,True,2023-10-10,2023-10,False,False,True
main,887284572,60,9,Standard,,224,2023-10-16 13:00:50,slingshot,Slingshot,weapon,3,1,,,True,2023-10-16,2023-10,False,False,True
main,887284572,60,9,Standard,,225,2023-10-18 09:08:46,lynette,Lynette,character,4,10,,,True,2023-10-18,2023-10,False,True,False
main,887284572,60,9,Standard,,226,2023-10-18 09:10:22,cool_steel,Cool Steel,weapon,3,1,,,True,2023-10-18,2023-10,False,False,True
main,887284572,60,9,Standard,,227,2023-10-19 21:00:02,slingshot,Slingshot,weapon,3,1,,,True,2023-10-19,2023-10,False,False,True
main,887284572,60,9,Standard,,228,2023-10-19 21:00:11,magic_guide,Magic Guide,weapon,3,1,,,True,2023-10-19,2023-10,False,False,True
main,887284572,60,9,Standard,,229,2023-10-19 23:24:11,ferrous_shadow,Ferrous Shadow,weapon,3,1,,,True,2023-10-19,2023-10,False,False,True
main,887284572,60,9,Standard,,230,2023-11-01 10:43:25,sharpshooters_oath,Sharpshooter's Oath,weapon,3,1,,,True,2023-11-01,2023-11,False,False,True
main,887284572,60,9,Standard,,231,2023-11-01 10:43:33,emerald_orb,Emerald Orb,weapon,3,1,,,True,2023-11-01,2023-11,False,False,True
main,887284572,60,9,Standard,,232,2023-11-01 10:43:40,magic_guide,Magic Guide,weapon,3,1,,,True,2023-11-01,2023-11,False,False,True
main,887284572,60,9,Standard,,233,2023-11-01 10:43:48,lost_prayer_to_the_sacred_winds,Lost Prayer to the Sacred Winds,weapon,5,76,,,True,2023-11-01,2023-11,True,False,False
main,887284572,60,9,Standard,,234,2023-11-01 10:44:07,favonius_greatsword,Favonius Greatsword,weapon,4,9,,,True,2023-11-01,2023-11,False,True,False
main,887284572,60,9,Standard,,235,2023-11-06 03:06:35,magic_guide,Magic Guide,weapon,3,1,,,True,2023-11-06,2023-11,False,False,True
main,887284572,60,9,Standard,,236,2023-11-08 11:38:09,cool_steel,Cool Steel,weapon,3,1,,,True,2023-11-08,2023-11,False,False,True
main,887284572,60,9,Standard,,237,2023-11-08 11:38:16,ferrous_shadow,Ferrous Shadow,weapon,3,1,,,True,2023-11-08,2023-11,False,False,True
main,887284572,60,9,Standard,,238,2023-11-08 11:38:22,magic_guide,Magic Guide,weapon,3,1,,,True,2023-11-08,2023-11,False,False,True
main,887284572,60,9,Standard,,239,2023-11-08 11:38:28,harbinger_of_dawn,Harbinger of Dawn,weapon,3,1,,,True,2023-11-08,2023-11,False,False,True
main,887284572,60,9,Standard,,240,2023-11-08 11:38:34,raven_bow,Raven Bow,weapon,3,1,,,True,2023-11-08,2023-11,False,False,True
main,887284572,60,9,Standard,,241,2023-11-08 12:48:35,sharpshooters_oath,Sharpshooter's Oath,weapon,3,1,,,True,2023-11-08,2023-11,False,False,True
main,887284572,60,9,Standard,,242,2023-11-08 16:22:42,magic_guide,Magic Guide,weapon,3,1,,,True,2023-11-08,2023-11,False,False,True
main,887284572,60,9,Standard,,243,2023-11-10 05:18:51,lisa,Lisa,character,4,9,,,True,2023-11-10,2023-11,False,True,False
main,887284572,60,9,Standard,,244,2023-11-10 05:19:03,raven_bow,Raven Bow,weapon,3,1,,,True,2023-11-10,2023-11,False,False,True
main,887284572,60,9,Standard,,245,2023-11-10 05:19:10,cool_steel,Cool Steel,weapon,3,1,,,True,2023-11-10,2023-11,False,False,True
main,887284572,60,9,Standard,,246,2023-11-10 16:51:59,raven_bow,Raven Bow,weapon,3,1,,,True,2023-11-10,2023-11,False,False,True
main,887284572,60,9,Standard,,247,2023-11-10 18:24:30,raven_bow,Raven Bow,weapon,3,1,,,True,2023-11-10,2023-11,False,False,True
main,887284572,60,9,Standard,,248,2023-11-14 06:23:04,raven_bow,Raven Bow,weapon,3,1,,,True,2023-11-14,2023-11,False,False,True
main,887284572,60,9,Standard,,249,2023-11-15 13:43:21,debate_club,Debate Club,weapon,3,1,,,True,2023-11-15,2023-11,False,False,True
main,887284572,60,9,Standard,,250,2023-11-20 11:29:17,black_tassel,Black Tassel,weapon,3,1,,,True,2023-11-20,2023-11,False,False,True
main,887284572,60,9,Standard,,251,2023-11-24 04:33:56,skyrider_sword,Skyrider Sword,weapon,3,1,,,True,2023-11-24,2023-11,False,False,True
main,887284572,60,9,Standard,,252,2023-11-24 09:12:03,lions_roar,Lion's Roar,weapon,4,9,,,True,2023-11-24,2023-11,False,True,False
main,887284572,60,9,Standard,,253,2023-11-27 04:18:22,cool_steel,Cool Steel,weapon,3,1,,,True,2023-11-27,2023-11,False,False,True
main,887284572,60,9,Standard,,254,2023-11-29 07:02:15,emerald_orb,Emerald Orb,weapon,3,1,,,True,2023-11-29,2023-11,False,False,True
main,887284572,60,9,Standard,,255,2023-12-01 09:34:26,cool_steel,Cool Steel,weapon,3,1,,,True,2023-12-01,2023-12,False,False,True
main,887284572,60,9,Standard,,256,2023-12-01 09:34:34,raven_bow,Raven Bow,weapon,3,1,,,True,2023-12-01,2023-12,False,False,True
main,887284572,60,9,Standard,,257,2023-12-01 09:34:40,thrilling_tales_of_dragon_slayers,Thrilling Tales of Dragon Slayers,weapon,3,1,,,True,2023-12-01,2023-12,False,False,True
main,887284572,60,9,Standard,,258,2023-12-01 09:34:47,bloodtainted_greatsword,Bloodtainted Greatsword,weapon,3,1,,,True,2023-12-01,2023-12,False,False,True
main,887284572,60,9,Standard,,259,2023-12-01 09:35:03,sharpshooters_oath,Sharpshooter's Oath,weapon,3,1,,,True,2023-12-01,2023-12,False,False,True
main,887284572,60,9,Standard,,260,2023-12-21 08:45:54,bloodtainted_greatsword,Bloodtainted Greatsword,weapon,3,1,,,True,2023-12-21,2023-12,False,False,True
main,887284572,60,9,Standard,,261,2023-12-21 08:46:01,yanfei,Yanfei,character,4,9,,,True,2023-12-21,2023-12,False,True,False
main,887284572,60,9,Standard,,262,2023-12-21 08:46:09,eye_of_perception,Eye of Perception,weapon,4,1,,,True,2023-12-21,2023-12,False,True,False
main,887284572,60,9,Standard,,263,2023-12-22 17:23:44,slingshot,Slingshot,weapon,3,1,,,True,2023-12-22,2023-12,False,False,True
main,887284572,60,9,Standard,,264,2023-12-22 17:23:50,harbinger_of_dawn,Harbinger of Dawn,weapon,3,1,,,True,2023-12-22,2023-12,False,False,True
main,887284572,60,9,Standard,,265,2023-12-22 17:23:56,ferrous_shadow,Ferrous Shadow,weapon,3,1,,,True,2023-12-22,2023-12,False,False,True
main,887284572,60,9,Standard,,266,2023-12-23 10:35:10,debate_club,Debate Club,weapon,3,1,,,True,2023-12-23,2023-12,False,False,True
main,887284572,60,9,Standard,,267,2023-12-23 11:43:56,ferrous_shadow,Ferrous Shadow,weapon,3,1,,,True,2023-12-23,2023-12,False,False,True
main,887284572,60,9,Standard,,268,2023-12-27 09:05:34,bloodtainted_greatsword,Bloodtainted Greatsword,weapon,3,1,,,True,2023-12-27,2023-12,False,False,True
main,887284572,60,9,Standard,,269,2024-01-01 04:21:23,debate_club,Debate Club,weapon,3,1,,,True,2024-01-01,2024-01,False,False,True
main,887284572,60,9,Standard,,270,2024-01-01 04:21:33,slingshot,Slingshot,weapon,3,1,,,True,2024-01-01,2024-01,False,False,True
main,887284572,60,9,Standard,,271,2024-01-01 04:21:39,magic_guide,Magic Guide,weapon,3,1,,,True,2024-01-01,2024-01,False,False,True
main,887284572,60,9,Standard,,272,2024-01-01 04:21:45,layla,Layla,character,4,10,,,True,2024-01-01,2024-01,False,True,False
main,887284572,60,9,Standard,,273,2024-01-01 04:21:52,emerald_orb,Emerald Orb,weapon,3,1,,,True,2024-01-01,2024-01,False,False,True
main,887284572,60,9,Standard,,274,2024-01-01 05:51:35,lions_roar,Lion's Roar,weapon,4,2,,,True,2024-01-01,2024-01,False,True,False
main,887284572,60,9,Standard,,275,2024-01-01 07:15:27,ferrous_shadow,Ferrous Shadow,weapon,3,1,,,True,2024-01-01,2024-01,False,False,True
main,887284572,60,9,Standard,,276,2024-01-01 07:28:40,bloodtainted_greatsword,Bloodtainted Greatsword,weapon,3,1,,,True,2024-01-01,2024-01,False,False,True
main,887284572,60,9,Standard,,277,2024-01-04 01:34:15,black_tassel,Black Tassel,weapon,3,1,,,True,2024-01-04,2024-01,False,False,True
main,887284572,60,9,Standard,,278,2024-01-08 08:59:38,harbinger_of_dawn,Harbinger of Dawn,weapon,3,1,,,True,2024-01-08,2024-01,False,False,True
main,887284572,60,9,Standard,,279,2024-01-09 18:14:47,slingshot,Slingshot,weapon,3,1,,,True,2024-01-09,2024-01,False,False,True
main,887284572,60,9,Standard,,280,2024-01-09 18:14:53,raven_bow,Raven Bow,weapon,3,1,,,True,2024-01-09,2024-01,False,False,True
main,887284572,60,9,Standard,,281,2024-01-09 18:45:44,emerald_orb,Emerald Orb,weapon,3,1,,,True,2024-01-09,2024-01,False,False,True
main,887284572,60,9,Standard,,282,2024-01-09 23:38:11,cool_steel,Cool Steel,weapon,3,1,,,True,2024-01-09,2024-01,False,False,True
main,887284572,60,9,Standard,,283,2024-01-11 11:21:09,the_widsith,The Widsith,weapon,4,9,,,True,2024-01-11,2024-01,False,True,False
main,887284572,60,9,Standard,,284,2024-01-16 19:37:40,ferrous_shadow,Ferrous Shadow,weapon,3,1,,,True,2024-01-16,2024-01,False,False,True
main,887284572,60,9,Standard,,285,2024-01-23 18:12:57,magic_guide,Magic Guide,weapon,3,1,,,True,2024-01-23,2024-01,False,False,True
main,887284572,60,9,Standard,,286,2024-02-01 01:17:22,slingshot,Slingshot,weapon,3,1,,,True,2024-02-01,2024-02,False,False,True
main,887284572,60,9,Standard,,287,2024-02-01 04:48:37,thrilling_tales_of_dragon_slayers,Thrilling Tales of Dragon Slayers,weapon,3,1,,,True,2024-02-01,2024-02,False,False,True
main,887284572,60,9,Standard,,288,2024-02-01 04:48:42,sharpshooters_oath,Sharpshooter's Oath,weapon,3,1,,,True,2024-02-01,2024-02,False,False,True
main,887284572,60,9,Standard,,289,2024-02-01 04:49:32,debate_club,Debate Club,weapon,3,1,,,True,2024-02-01,2024-02,False,False,True
main,887284572,60,9,Standard,,290,2024-02-01 04:49:36,bloodtainted_greatsword,Bloodtainted Greatsword,weapon,3,1,,,True,2024-02-01,2024-02,False,False,True
main,887284572,60,9,Standard,,291,2024-02-01 04:49:41,raven_bow,Raven Bow,weapon,3,1,,,True,2024-02-01,2024-02,False,False,True
main,887284572,60,9,Standard,,292,2024-02-01 04:49:47,chevreuse,Chevreuse,character,4,9,,,True,2024-02-01,2024-02,False,True,False
main,887284572,60,9,Standard,,293,2024-02-01 04:49:53,slingshot,Slingshot,weapon,3,1,,,True,2024-02-01,2024-02,False,False,True
main,887284572,60,9,Standard,,294,2024-02-01 22:31:34,slingshot,Slingshot,weapon,3,1,,,True,2024-02-01,2024-02,False,False,True
main,887284572,60,9,Standard,,295,2024-02-01 22:31:42,slingshot,Slingshot,weapon,3,1,,,True,2024-02-01,2024-02,False,False,True
main,887284572,60,9,Standard,,296,2024-02-02 07:21:27,debate_club,Debate Club,weapon,3,1,,,True,2024-02-02,2024-02,False,False,True
main,887284572,60,9,Standard,,297,2024-02-02 07:21:35,debate_club,Debate Club,weapon,3,1,,,True,2024-02-02,2024-02,False,False,True
main,887284572,60,9,Standard,,298,2024-02-02 15:03:38,ferrous_shadow,Ferrous Shadow,weapon,3,1,,,True,2024-02-02,2024-02,False,False,True
main,887284572,60,9,Standard,,299,2024-02-03 12:11:16,raven_bow,Raven Bow,weapon,3,1,,,True,2024-02-03,2024-02,False,False,True
main,887284572,60,9,Standard,,300,2024-02-05 21:11:15,thrilling_tales_of_dragon_slayers,Thrilling Tales of Dragon Slayers,weapon,3,1,,,True,2024-02-05,2024-02,False,False,True
main,887284572,60,9,Standard,,301,2024-02-12 04:37:28,debate_club,Debate Club,weapon,3,1,,,True,2024-02-12,2024-02,False,False,True
main,887284572,60,9,Standard,,302,2024-02-19 07:26:20,rust,Rust,weapon,4,10,,,True,2024-02-19,2024-02,False,True,False
main,887284572,60,9,Standard,,303,2024-02-22 06:13:21,bloodtainted_greatsword,Bloodtainted Greatsword,weapon,3,1,,,True,2024-02-22,2024-02,False,False,True
main,887284572,60,9,Standard,,304,2024-02-22 06:13:28,raven_bow,Raven Bow,weapon,3,1,,,True,2024-02-22,2024-02,False,False,True
main,887284572,60,9,Standard,,305,2024-02-24 10:34:21,ferrous_shadow,Ferrous Shadow,weapon,3,1,,,True,2024-02-24,2024-02,False,False,True
main,887284572,60,9,Standard,,306,2024-02-27 21:33:49,fischl,Fischl,character,4,4,,,True,2024-02-27,2024-02,False,True,False
main,887284572,60,9,Standard,,307,2024-02-28 09:33:40,debate_club,Debate Club,weapon,3,1,,,True,2024-02-28,2024-02,False,False,True
main,887284572,60,9,Standard,,308,2024-03-01 04:13:37,bloodtainted_greatsword,Bloodtainted Greatsword,weapon,3,1,,,True,2024-03-01,2024-03,False,False,True
main,887284572,60,9,Standard,,309,2024-03-01 04:13:45,magic_guide,Magic Guide,weapon,3,1,,,True,2024-03-01,2024-03,False,False,True
main,887284572,60,9,Standard,,310,2024-03-01 04:13:52,slingshot,Slingshot,weapon,3,1,,,True,2024-03-01,2024-03,False,False,True
main,887284572,60,9,Standard,,311,2024-03-01 04:14:06,debate_club,Debate Club,weapon,3,1,,,True,2024-03-01,2024-03,False,False,True
main,887284572,60,9,Standard,,312,2024-03-01 04:14:12,debate_club,Debate Club,weapon,3,1,,,True,2024-03-01,2024-03,False,False,True
main,887284572,60,9,Standard,,313,2024-03-01 05:01:04,keqing,Keqing,character,5,80,,,True,2024-03-01,2024-03,True,False,False
main,887284572,60,9,Standard,,314,2024-03-01 05:01:14,skyrider_sword,Skyrider Sword,weapon,3,1,,,True,2024-03-01,2024-03,False,False,True
main,887284572,60,9,Standard,,315,2024-03-01 05:04:42,favonius_codex,Favonius Codex,weapon,4,9,,,True,2024-03-01,2024-03,False,True,False
main,887284572,60,9,Standard,,316,2024-03-01 19:16:33,magic_guide,Magic Guide,weapon,3,1,,,True,2024-03-01,2024-03,False,False,True
main,887284572,60,9,Standard,,317,2024-03-06 04:35:26,cool_steel,Cool Steel,weapon,3,1,,,True,2024-03-06,2024-03,False,False,True
main,887284572,60,9,Standard,,318,2024-03-16 11:38:58,qiqi,Qiqi,character,5,5,,,True,2024-03-16,2024-03,True,False,False
main,887284572,60,9,Standard,,319,2024-03-18 09:55:46,debate_club,Debate Club,weapon,3,1,,,True,2024-03-18,2024-03,False,False,True
main,887284572,60,9,Standard,,320,2024-03-21 04:44:17,slingshot,Slingshot,weapon,3,1,,,True,2024-03-21,2024-03,False,False,True
main,887284572,60,9,Standard,,321,2024-03-21 04:44:24,magic_guide,Magic Guide,weapon,3,1,,,True,2024-03-21,2024-03,False,False,True
main,887284572,60,9,Standard,,322,2024-03-25 07:14:27,cool_steel,Cool Steel,weapon,3,1,,,True,2024-03-25,2024-03,False,False,True
main,887284572,60,9,Standard,,323,2024-04-01 05:26:43,emerald_orb,Emerald Orb,weapon,3,1,,,True,2024-04-01,2024-04,False,False,True
main,887284572,60,9,Standard,,324,2024-04-01 05:26:51,magic_guide,Magic Guide,weapon,3,1,,,True,2024-04-01,2024-04,False,False,True
main,887284572,60,9,Standard,,325,2024-04-01 05:26:59,yun_jin,Yun Jin,character,4,10,,,True,2024-04-01,2024-04,False,True,False
main,887284572,60,9,Standard,,326,2024-04-01 05:36:00,slingshot,Slingshot,weapon,3,1,,,True,2024-04-01,2024-04,False,False,True
main,887284572,60,9,Standard,,327,2024-04-01 05:36:20,thrilling_tales_of_dragon_slayers,Thrilling Tales of Dragon Slayers,weapon,3,1,,,True,2024-04-01,2024-04,False,False,True
main,887284572,60,9,Standard,,328,2024-04-01 06:17:49,ferrous_shadow,Ferrous Shadow,weapon,3,1,,,True,2024-04-01,2024-04,False,False,True
main,887284572,60,9,Standard,,329,2024-04-02 18:46:44,ferrous_shadow,Ferrous Shadow,weapon,3,1,,,True,2024-04-02,2024-04,False,False,True
main,887284572,60,9,Standard,,330,2024-04-04 04:36:06,ferrous_shadow,Ferrous Shadow,weapon,3,1,,,True,2024-04-04,2024-04,False,False,True
main,887284572,60,9,Standard,,331,2024-04-04 04:36:14,black_tassel,Black Tassel,weapon,3,1,,,True,2024-04-04,2024-04,False,False,True
main,887284572,60,9,Standard,,332,2024-04-04 22:54:54,thrilling_tales_of_dragon_slayers,Thrilling Tales of Dragon Slayers,weapon,3,1,,,True,2024-04-04,2024-04,False,False,True
main,887284572,60,9,Standard,,333,2024-04-04 22:55:00,magic_guide,Magic Guide,weapon,3,1,,,True,2024-04-04,2024-04,False,False,True
main,887284572,60,9,Standard,,334,2024-04-24 11:47:16,magic_guide,Magic Guide,weapon,3,1,,,True,2024-04-24,2024-04,False,False,True
main,887284572,60,9,Standard,,335,2024-04-24 11:47:23,favonius_greatsword,Favonius Greatsword,weapon,4,10,,,True,2024-04-24,2024-04,False,True,False
main,887284572,60,9,Standard,,336,2024-04-24 11:47:31,ferrous_shadow,Ferrous Shadow,weapon,3,1,,,True,2024-04-24,2024-04,False,False,True
main,887284572,60,9,Standard,,337,2024-04-24 11:47:36,magic_guide,Magic Guide,weapon,3,1,,,True,2024-04-24,2024-04,False,False,True
main,887284572,60,9,Standard,,338,2024-04-26 05:20:38,ferrous_shadow,Ferrous Shadow,weapon,3,1,,,True,2024-04-26,2024-04,False,False,True
main,887284572,60,9,Standard,,339,2024-04-28 03:23:13,bloodtainted_greatsword,Bloodtainted Greatsword,weapon,3,1,,,True,2024-04-28,2024-04,False,False,True
main,887284572,60,9,Standard,,340,2024-05-01 08:11:22,emerald_orb,Emerald Orb,weapon,3,1,,,True,2024-05-01,2024-05,False,False,True
main,887284572,60,9,Standard,,341,2024-05-01 08:11:37,magic_guide,Magic Guide,weapon,3,1,,,True,2024-05-01,2024-05,False,False,True
main,887284572,60,9,Standard,,342,2024-05-01 08:11:42,rosaria,Rosaria,character,4,7,,,True,2024-05-01,2024-05,False,True,False
main,887284572,60,9,Standard,,343,2024-05-01 08:11:48,debate_club,Debate Club,weapon,3,1,,,True,2024-05-01,2024-05,False,False,True
main,887284572,60,9,Standard,,344,2024-05-01 08:11:53,sharpshooters_oath,Sharpshooter's Oath,weapon,3,1,,,True,2024-05-01,2024-05,False,False,True
main,887284572,60,9,Standard,,345,2024-05-01 08:12:33,black_tassel,Black Tassel,weapon,3,1,,,True,2024-05-01,2024-05,False,False,True
main,887284572,60,9,Standard,,346,2024-05-06 12:32:14,slingshot,Slingshot,weapon,3,1,,,True,2024-05-06,2024-05,False,False,True
main,887284572,60,9,Standard,,347,2024-05-07 10:08:55,cool_steel,Cool Steel,weapon,3,1,,,True,2024-05-07,2024-05,False,False,True
main,887284572,60,9,Standard,,348,2024-05-08 07:07:30,thrilling_tales_of_dragon_slayers,Thrilling Tales of Dragon Slayers,weapon,3,1,,,True,2024-05-08,2024-05,False,False,True
main,887284572,60,9,Standard,,349,2024-05-12 04:23:27,skyrider_sword,Skyrider Sword,weapon,3,1,,,True,2024-05-12,2024-05,False,False,True
main,887284572,60,9,Standard,,350,2024-05-17 05:36:41,debate_club,Debate Club,weapon,3,1,,,True,2024-05-17,2024-05,False,False,True
main,887284572,60,9,Standard,,351,2024-05-26 05:29:16,yanfei,Yanfei,character,4,9,,,True,2024-05-26,2024-05,False,True,False
main,887284572,60,9,Standard,,352,2024-06-01 06:41:23,ferrous_shadow,Ferrous Shadow,weapon,3,1,,,True,2024-06-01,2024-06,False,False,True
main,887284572,60,9,Standard,,353,2024-06-01 06:41:30,bloodtainted_greatsword,Bloodtainted Greatsword,weapon,3,1,,,True,2024-06-01,2024-06,False,False,True
main,887284572,60,9,Standard,,354,2024-06-01 06:41:36,magic_guide,Magic Guide,weapon,3,1,,,True,2024-06-01,2024-06,False,False,True
main,887284572,60,9,Standard,,355,2024-06-01 06:42:11,thrilling_tales_of_dragon_slayers,Thrilling Tales of Dragon Slayers,weapon,3,1,,,True,2024-06-01,2024-06,False,False,True
main,887284572,60,9,Standard,,356,2024-06-01 06:43:44,slingshot,Slingshot,weapon,3,1,,,True,2024-06-01,2024-06,False,False,True
main,887284572,60,9,Standard,,357,2024-06-05 11:32:25,thrilling_tales_of_dragon_slayers,Thrilling Tales of Dragon Slayers,weapon,3,1,,,True,2024-06-05,2024-06,False,False,True
main,887284572,60,9,Standard,,358,2024-06-05 11:41:23,magic_guide,Magic Guide,weapon,3,1,,,True,2024-06-05,2024-06,False,False,True
main,887284572,60,9,Standard,,359,2024-06-07 13:35:11,black_tassel,Black Tassel,weapon,3,1,,,True,2024-06-07,2024-06,False,False,True
main,887284572,60,9,Standard,,360,2024-06-10 11:27:13,rust,Rust,weapon,4,9,,,True,2024-06-10,2024-06,False,True,False
main,887284572,60,9,Standard,,361,2024-06-11 14:27:50,sharpshooters_oath,Sharpshooter's Oath,weapon,3,1,,,True,2024-06-11,2024-06,False,False,True
main,887284572,60,9,Standard,,362,2024-06-15 10:35:39,bloodtainted_greatsword,Bloodtainted Greatsword,weapon,3,1,,,True,2024-06-15,2024-06,False,False,True
main,887284572,60,9,Standard,,363,2024-06-17 04:42:30,bloodtainted_greatsword,Bloodtainted Greatsword,weapon,3,1,,,True,2024-06-17,2024-06,False,False,True
main,887284572,60,9,Standard,,364,2024-06-21 12:39:17,sharpshooters_oath,Sharpshooter's Oath,weapon,3,1,,,True,2024-06-21,2024-06,False,False,True
main,887284572,60,9,Standard,,365,2024-06-28 14:29:41,raven_bow,Raven Bow,weapon,3,1,,,True,2024-06-28,2024-06,False,False,True
main,887284572,60,9,Standard,,366,2024-07-01 05:38:54,thrilling_tales_of_dragon_slayers,Thrilling Tales of Dragon Slayers,weapon,3,1,,,True,2024-07-01,2024-07,False,False,True
main,887284572,60,9,Standard,,367,2024-07-01 05:39:02,magic_guide,Magic Guide,weapon,3,1,,,True,2024-07-01,2024-07,False,False,True
main,887284572,60,9,Standard,,368,2024-07-01 05:39:11,ferrous_shadow,Ferrous Shadow,weapon,3,1,,,True,2024-07-01,2024-07,False,False,True
main,887284572,60,9,Standard,,369,2024-07-01 05:39:19,lynette,Lynette,character,4,9,,,True,2024-07-01,2024-07,False,True,False
main,887284572,60,9,Standard,,370,2024-07-01 05:39:26,debate_club,Debate Club,weapon,3,1,,,True,2024-07-01,2024-07,False,False,True
main,887284572,60,9,Standard,,371,2024-07-19 02:14:00,black_tassel,Black Tassel,weapon,3,1,,,True,2024-07-19,2024-07,False,False,True
main,887284572,60,9,Standard,,372,2024-07-19 02:14:07,sharpshooters_oath,Sharpshooter's Oath,weapon,3,1,,,True,2024-07-19,2024-07,False,False,True
main,887284572,60,9,Standard,,373,2024-07-19 20:16:03,harbinger_of_dawn,Harbinger of Dawn,weapon,3,1,,,True,2024-07-19,2024-07,False,False,True
main,887284572,60,9,Standard,,374,2024-07-21 14:10:37,thrilling_tales_of_dragon_slayers,Thrilling Tales of Dragon Slayers,weapon,3,1,,,True,2024-07-21,2024-07,False,False,True
main,887284572,60,9,Standard,,375,2024-07-22 20:49:39,emerald_orb,Emerald Orb,weapon,3,1,,,True,2024-07-22,2024-07,False,False,True
main,887284572,60,9,Standard,,376,2024-07-22 20:49:56,skyrider_sword,Skyrider Sword,weapon,3,1,,,True,2024-07-22,2024-07,False,False,True
main,887284572,60,9,Standard,,377,2024-07-23 14:01:10,sharpshooters_oath,Sharpshooter's Oath,weapon,3,1,,,True,2024-07-23,2024-07,False,False,True
main,887284572,60,9,Standard,,378,2024-07-23 19:56:22,ferrous_shadow,Ferrous Shadow,weapon,3,1,,,True,2024-07-23,2024-07,False,False,True
main,887284572,60,9,Standard,,379,2024-07-29 10:34:00,favonius_sword,Favonius Sword,weapon,4,10,,,True,2024-07-29,2024-07,False,True,False
main,887284572,60,9,Standard,,380,2024-08-01 07:46:46,debate_club,Debate Club,weapon,3,1,,,True,2024-08-01,2024-08,False,False,True
main,887284572,60,9,Standard,,381,2024-08-01 07:46:53,slingshot,Slingshot,weapon,3,1,,,True,2024-08-01,2024-08,False,False,True
main,887284572,60,9,Standard,,382,2024-08-01 07:46:59,cool_steel,Cool Steel,weapon,3,1,,,True,2024-08-01,2024-08,False,False,True
main,887284572,60,9,Standard,,383,2024-08-01 07:47:06,ferrous_shadow,Ferrous Shadow,weapon,3,1,,,True,2024-08-01,2024-08,False,False,True
main,887284572,60,9,Standard,,384,2024-08-01 07:47:58,harbinger_of_dawn,Harbinger of Dawn,weapon,3,1,,,True,2024-08-01,2024-08,False,False,True
main,887284572,60,9,Standard,,385,2024-08-05 11:52:43,sharpshooters_oath,Sharpshooter's Oath,weapon,3,1,,,True,2024-08-05,2024-08,False,False,True
main,887284572,60,9,Standard,,386,2024-08-05 21:23:11,bloodtainted_greatsword,Bloodtainted Greatsword,weapon,3,1,,,True,2024-08-05,2024-08,False,False,True
main,887284572,60,9,Standard,,387,2024-08-09 22:41:58,cool_steel,Cool Steel,weapon,3,1,,,True,2024-08-09,2024-08,False,False,True
main,887284572,60,9,Standard,,388,2024-08-10 10:43:16,thrilling_tales_of_dragon_slayers,Thrilling Tales of Dragon Slayers,weapon,3,1,,,True,2024-08-10,2024-08,False,False,True
main,887284572,60,9,Standard,,389,2024-08-11 07:14:31,kaeya,Kaeya,character,4,10,,,True,2024-08-11,2024-08,False,True,False
main,887284572,60,9,Standard,,390,2024-08-13 19:18:55,favonius_lance,Favonius Lance,weapon,4,1,,,True,2024-08-13,2024-08,False,True,False
main,887284572,60,9,Standard,,391,2024-08-24 11:16:43,raven_bow,Raven Bow,weapon,3,1,,,True,2024-08-24,2024-08,False,False,True
main,887284572,60,9,Standard,,392,2024-08-26 20:40:32,primordial_jade_winged-spear,Primordial Jade Winged-Spear,weapon,5,74,,,True,2024-08-26,2024-08,True,False,False
main,887284572,60,9,Standard,,393,2024-08-28 12:25:07,bloodtainted_greatsword,Bloodtainted Greatsword,weapon,3,1,,,True,2024-08-28,2024-08,False,False,True
main,887284572,60,9,Standard,,394,2024-08-28 12:25:15,emerald_orb,Emerald Orb,weapon,3,1,,,True,2024-08-28,2024-08,False,False,True
main,887284572,60,9,Standard,,395,2024-08-28 12:25:21,slingshot,Slingshot,weapon,3,1,,,True,2024-08-28,2024-08,False,False,True
main,887284572,60,9,Standard,,396,2024-08-28 12:25:29,magic_guide,Magic Guide,weapon,3,1,,,True,2024-08-28,2024-08,False,False,True
main,887284572,60,9,Standard,,397,2024-08-29 12:24:30,bloodtainted_greatsword,Bloodtainted Greatsword,weapon,3,1,,,True,2024-08-29,2024-08,False,False,True
main,887284572,60,9,Standard,,398,2024-08-30 12:54:45,sacrificial_greatsword,Sacrificial Greatsword,weapon,4,8,,,True,2024-08-30,2024-08,False,True,False
main,887284572,60,9,Standard,,399,2024-09-01 04:42:44,sharpshooters_oath,Sharpshooter's Oath,weapon,3,1,,,True,2024-09-01,2024-09,False,False,True
main,887284572,60,9,Standard,,400,2024-09-01 04:42:51,cool_steel,Cool Steel,weapon,3,1,,,True,2024-09-01,2024-09,False,False,True
main,887284572,60,9,Standard,,401,2024-09-01 04:42:58,emerald_orb,Emerald Orb,weapon,3,1,,,True,2024-09-01,2024-09,False,False,True
main,887284572,60,9,Standard,,402,2024-09-01 04:43:07,skyrider_sword,Skyrider Sword,weapon,3,1,,,True,2024-09-01,2024-09,False,False,True
main,887284572,60,9,Standard,,403,2024-09-01 04:43:18,slingshot,Slingshot,weapon,3,1,,,True,2024-09-01,2024-09,False,False,True
main,887284572,60,9,Standard,,404,2024-09-01 04:43:26,cool_steel,Cool Steel,weapon,3,1,,,True,2024-09-01,2024-09,False,False,True
main,887284572,60,9,Standard,,405,2024-09-01 06:11:17,raven_bow,Raven Bow,weapon,3,1,,,True,2024-09-01,2024-09,False,False,True
main,887284572,60,9,Standard,,406,2024-09-01 22:11:23,thrilling_tales_of_dragon_slayers,Thrilling Tales of Dragon Slayers,weapon,3,1,,,True,2024-09-01,2024-09,False,False,True
main,887284572,60,9,Standard,,407,2024-09-01 22:11:30,yun_jin,Yun Jin,character,4,9,,,True,2024-09-01,2024-09,False,True,False
main,887284572,60,9,Standard,,408,2024-09-05 05:03:17,sharpshooters_oath,Sharpshooter's Oath,weapon,3,1,,,True,2024-09-05,2024-09,False,False,True
main,887284572,60,9,Standard,,409,2024-09-10 08:06:36,favonius_lance,Favonius Lance,weapon,4,2,,,True,2024-09-10,2024-09,False,True,False
main,887284572,60,9,Standard,,410,2024-09-11 05:04:43,emerald_orb,Emerald Orb,weapon,3,1,,,True,2024-09-11,2024-09,False,False,True
main,887284572,60,9,Standard,,411,2024-09-11 05:06:33,sharpshooters_oath,Sharpshooter's Oath,weapon,3,1,,,True,2024-09-11,2024-09,False,False,True
main,887284572,60,9,Standard,,412,2024-09-16 07:40:30,slingshot,Slingshot,weapon,3,1,,,True,2024-09-16,2024-09,False,False,True
main,887284572,60,9,Standard,,413,2024-09-29 00:09:41,raven_bow,Raven Bow,weapon,3,1,,,True,2024-09-29,2024-09,False,False,True
main,887284572,60,9,Standard,,414,2024-09-29 00:09:47,skyrider_sword,Skyrider Sword,weapon,3,1,,,True,2024-09-29,2024-09,False,False,True
main,887284572,60,9,Standard,,415,2024-09-29 00:09:52,ferrous_shadow,Ferrous Shadow,weapon,3,1,,,True,2024-09-29,2024-09,False,False,True
main,887284572,60,9,Standard,,416,2024-09-29 00:09:58,thrilling_tales_of_dragon_slayers,Thrilling Tales of Dragon Slayers,weapon,3,1,,,True,2024-09-29,2024-09,False,False,True
main,887284572,60,9,Standard,,417,2024-09-29 00:10:05,raven_bow,Raven Bow,weapon,3,1,,,True,2024-09-29,2024-09,False,False,True
main,887284572,60,9,Standard,,418,2024-09-29 00:10:12,favonius_warbow,Favonius Warbow,weapon,4,9,,,True,2024-09-29,2024-09,False,True,False
main,887284572,60,9,Standard,,419,2024-09-29 00:10:21,thrilling_tales_of_dragon_slayers,Thrilling Tales of Dragon Slayers,weapon,3,1,,,True,2024-09-29,2024-09,False,False,True
main,887284572,60,9,Standard,,420,2024-09-29 00:10:29,raven_bow,Raven Bow,weapon,3,1,,,True,2024-09-29,2024-09,False,False,True
main,887284572,60,9,Standard,,421,2024-10-01 04:43:26,black_tassel,Black Tassel,weapon,3,1,,,True,2024-10-01,2024-10,False,False,True
main,887284572,60,9,Standard,,422,2024-10-01 04:43:34,emerald_orb,Emerald Orb,weapon,3,1,,,True,2024-10-01,2024-10,False,False,True
main,887284572,60,9,Standard,,423,2024-10-01 04:43:40,slingshot,Slingshot,weapon,3,1,,,True,2024-10-01,2024-10,False,False,True
main,887284572,60,9,Standard,,424,2024-10-01 04:43:46,sharpshooters_oath,Sharpshooter's Oath,weapon,3,1,,,True,2024-10-01,2024-10,False,False,True
main,887284572,60,9,Standard,,425,2024-10-01 04:43:52,magic_guide,Magic Guide,weapon,3,1,,,True,2024-10-01,2024-10,False,False,True
main,887284572,60,9,Standard,,426,2024-10-01 10:37:42,bloodtainted_greatsword,Bloodtainted Greatsword,weapon,3,1,,,True,2024-10-01,2024-10,False,False,True
main,887284572,60,9,Standard,,427,2024-10-03 07:36:13,layla,Layla,character,4,9,,,True,2024-10-03,2024-10,False,True,False
main,887284572,60,9,Standard,,428,2024-10-05 13:34:27,black_tassel,Black Tassel,weapon,3,1,,,True,2024-10-05,2024-10,False,False,True
main,887284572,60,9,Standard,,429,2024-10-05 13:34:34,harbinger_of_dawn,Harbinger of Dawn,weapon,3,1,,,True,2024-10-05,2024-10,False,False,True
main,887284572,60,9,Standard,,430,2024-10-05 13:34:40,bloodtainted_greatsword,Bloodtainted Greatsword,weapon,3,1,,,True,2024-10-05,2024-10,False,False,True
main,887284572,60,9,Standard,,431,2024-10-10 15:18:45,magic_guide,Magic Guide,weapon,3,1,,,True,2024-10-10,2024-10,False,False,True
main,887284572,60,9,Standard,,432,2024-10-10 15:19:14,bloodtainted_greatsword,Bloodtainted Greatsword,weapon,3,1,,,True,2024-10-10,2024-10,False,False,True
main,887284572,60,9,Standard,,433,2024-10-12 07:51:48,cool_steel,Cool Steel,weapon,3,1,,,True,2024-10-12,2024-10,False,False,True
main,887284572,60,9,Standard,,434,2024-10-13 08:11:39,emerald_orb,Emerald Orb,weapon,3,1,,,True,2024-10-13,2024-10,False,False,True
main,887284572,60,9,Standard,,435,2024-10-16 09:46:08,ferrous_shadow,Ferrous Shadow,weapon,3,1,,,True,2024-10-16,2024-10,False,False,True
main,887284572,60,9,Standard,,436,2024-10-19 18:45:12,bloodtainted_greatsword,Bloodtainted Greatsword,weapon,3,1,,,True,2024-10-19,2024-10,False,False,True
main,887284572,60,9,Standard,,437,2024-10-25 12:39:40,the_widsith,The Widsith,weapon,4,10,,,True,2024-10-25,2024-10,False,True,False
main,887284572,60,9,Standard,,438,2024-10-28 07:55:38,emerald_orb,Emerald Orb,weapon,3,1,,,True,2024-10-28,2024-10,False,False,True
main,887284572,60,9,Standard,,439,2024-11-01 05:39:49,sharpshooters_oath,Sharpshooter's Oath,weapon,3,1,,,True,2024-11-01,2024-11,False,False,True
main,887284572,60,9,Standard,,440,2024-11-01 05:39:57,sharpshooters_oath,Sharpshooter's Oath,weapon,3,1,,,True,2024-11-01,2024-11,False,False,True
main,887284572,60,9,Standard,,441,2024-11-01 05:40:03,bloodtainted_greatsword,Bloodtainted Greatsword,weapon,3,1,,,True,2024-11-01,2024-11,False,False,True
main,887284572,60,9,Standard,,442,2024-11-01 05:40:09,black_tassel,Black Tassel,weapon,3,1,,,True,2024-11-01,2024-11,False,False,True
main,887284572,60,9,Standard,,443,2024-11-01 05:40:15,emerald_orb,Emerald Orb,weapon,3,1,,,True,2024-11-01,2024-11,False,False,True
main,887284572,60,9,Standard,,444,2024-11-21 03:41:33,bloodtainted_greatsword,Bloodtainted Greatsword,weapon,3,1,,,True,2024-11-21,2024-11,False,False,True
main,887284572,60,9,Standard,,445,2024-11-21 03:41:39,sharpshooters_oath,Sharpshooter's Oath,weapon,3,1,,,True,2024-11-21,2024-11,False,False,True
main,887284572,60,9,Standard,,446,2024-11-21 03:41:45,kuki_shinobu,Kuki Shinobu,character,4,9,,,True,2024-11-21,2024-11,False,True,False
main,887284572,60,9,Standard,,447,2024-11-21 18:57:12,black_tassel,Black Tassel,weapon,3,1,,,True,2024-11-21,2024-11,False,False,True
main,887284572,60,9,Standard,,448,2024-11-22 07:17:29,ferrous_shadow,Ferrous Shadow,weapon,3,1,,,True,2024-11-22,2024-11,False,False,True
main,887284572,60,9,Standard,,449,2024-11-22 08:19:15,ferrous_shadow,Ferrous Shadow,weapon,3,1,,,True,2024-11-22,2024-11,False,False,True
main,887284572,60,9,Standard,200,450,2024-11-25 18:57:17,black_tassel,Black Tassel,weapon,3,1,,,,2024-11-25,2024-11,False,False,True
main,887284572,60,9,Standard,200,451,2024-11-29 01:35:07,bloodtainted_greatsword,Bloodtainted Greatsword,weapon,3,1,,,,2024-11-29,2024-11,False,False,True
main,887284572,60,9,Standard,200,452,2024-11-29 01:35:15,raven_bow,Raven Bow,weapon,3,1,,,,2024-11-29,2024-11,False,False,True
main,887284572,60,9,Standard,200,453,2024-11-29 01:41:00,ferrous_shadow,Ferrous Shadow,weapon,3,1,,,,2024-11-29,2024-11,False,False,True
main,887284572,60,9,Standard,200,454,2024-12-01 05:08:32,cool_steel,Cool Steel,weapon,3,1,,,,2024-12-01,2024-12,False,False,True
main,887284572,60,9,Standard,200,455,2024-12-01 05:09:09,thrilling_tales_of_dragon_slayers,Thrilling Tales of Dragon Slayers,weapon,3,1,,,,2024-12-01,2024-12,False,False,True
main,887284572,60,9,Standard,200,456,2024-12-01 05:09:14,favonius_greatsword,Favonius Greatsword,weapon,4,10,,,,2024-12-01,2024-12,False,True,False
main,887284572,60,9,Standard,200,457,2024-12-01 05:09:20,magic_guide,Magic Guide,weapon,3,1,,,,2024-12-01,2024-12,False,False,True
main,887284572,60,9,Standard,200,458,2024-12-01 05:09:25,emerald_orb,Emerald Orb,weapon,3,1,,,,2024-12-01,2024-12,False,False,True
main,887284572,60,9,Standard,200,459,2024-12-01 05:09:30,skyrider_sword,Skyrider Sword,weapon,3,1,,,,2024-12-01,2024-12,False,False,True
main,887284572,60,9,Standard,200,460,2024-12-01 05:54:49,sharpshooters_oath,Sharpshooter's Oath,weapon,3,1,,,,2024-12-01,2024-12,False,False,True
main,887284572,60,9,Standard,200,461,2024-12-02 19:45:39,skyrider_sword,Skyrider Sword,weapon,3,1,,,,2024-12-02,2024-12,False,False,True
main,887284572,60,9,Standard,200,462,2024-12-03 05:27:39,cool_steel,Cool Steel,weapon,3,1,,,,2024-12-03,2024-12,False,False,True
main,887284572,60,9,Standard,200,463,2024-12-05 17:40:07,ferrous_shadow,Ferrous Shadow,weapon,3,1,,,,2024-12-05,2024-12,False,False,True
main,887284572,60,9,Standard,200,464,2024-12-06 06:23:48,bloodtainted_greatsword,Bloodtainted Greatsword,weapon,3,1,,,,2024-12-06,2024-12,False,False,True
main,887284572,60,9,Standard,200,465,2024-12-08 05:32:23,xingqiu,Xingqiu,character,4,9,,,,2024-12-08,2024-12,False,True,False
main,887284572,60,9,Standard,200,466,2024-12-08 05:42:10,raven_bow,Raven Bow,weapon,3,1,,,,2024-12-08,2024-12,False,False,True
main,887284572,60,9,Standard,200,467,2024-12-08 05:58:31,debate_club,Debate Club,weapon,3,1,,,,2024-12-08,2024-12,False,False,True
main,887284572,60,9,Standard,200,468,2024-12-09 05:07:33,dehya,Dehya,character,5,76,,,,2024-12-09,2024-12,True,False,False
main,887284572,60,9,Standard,200,469,2025-01-01 04:48:25,skyrider_sword,Skyrider Sword,weapon,3,1,,,,2025-01-01,2025-01,False,False,True
main,887284572,60,9,Standard,200,470,2025-01-01 04:48:31,sharpshooters_oath,Sharpshooter's Oath,weapon,3,1,,,,2025-01-01,2025-01,False,False,True
main,887284572,60,9,Standard,200,471,2025-01-01 04:48:37,black_tassel,Black Tassel,weapon,3,1,,,,2025-01-01,2025-01,False,False,True
main,887284572,60,9,Standard,200,472,2025-01-01 04:48:41,ferrous_shadow,Ferrous Shadow,weapon,3,1,,,,2025-01-01,2025-01,False,False,True
main,887284572,60,9,Standard,200,473,2025-01-01 04:48:48,cool_steel,Cool Steel,weapon,3,1,,,,2025-01-01,2025-01,False,False,True
main,887284572,60,9,Standard,200,474,2025-01-01 04:48:54,the_widsith,The Widsith,weapon,4,9,,,,2025-01-01,2025-01,False,True,False
main,887284572,60,9,Standard,200,475,2025-01-01 04:49:14,skyrider_sword,Skyrider Sword,weapon,3,1,,,,2025-01-01,2025-01,False,False,True
main,887284572,60,9,Standard,200,476,2025-01-01 05:15:31,bloodtainted_greatsword,Bloodtainted Greatsword,weapon,3,1,,,,2025-01-01,2025-01,False,False,True
main,887284572,60,9,Standard,200,477,2025-01-01 11:42:12,raven_bow,Raven Bow,weapon,3,1,,,,2025-01-01,2025-01,False,False,True
main,887284572,60,9,Standard,200,478,2025-01-01 13:32:49,slingshot,Slingshot,weapon,3,1,,,,2025-01-01,2025-01,False,False,True
main,887284572,60,9,Standard,200,479,2025-01-02 14:54:00,skyrider_sword,Skyrider Sword,weapon,3,1,,,,2025-01-02,2025-01,False,False,True
main,887284572,60,9,Standard,200,480,2025-01-03 17:58:30,skyrider_sword,Skyrider Sword,weapon,3,1,,,,2025-01-03,2025-01,False,False,True
main,887284572,60,9,Standard,200,481,2025-01-06 08:53:44,thrilling_tales_of_dragon_slayers,Thrilling Tales of Dragon Slayers,weapon,3,1,,,,2025-01-06,2025-01,False,False,True
main,887284572,60,9,Standard,200,482,2025-01-13 16:34:08,harbinger_of_dawn,Harbinger of Dawn,weapon,3,1,,,,2025-01-13,2025-01,False,False,True
main,887284572,60,9,Standard,200,483,2025-01-13 16:34:14,cool_steel,Cool Steel,weapon,3,1,,,,2025-01-13,2025-01,False,False,True
main,887284572,60,9,Standard,200,484,2025-01-16 17:09:19,gaming,Gaming,character,4,10,,,,2025-01-16,2025-01,False,True,False
main,887284572,60,9,Standard,200,485,2025-01-20 06:24:31,thrilling_tales_of_dragon_slayers,Thrilling Tales of Dragon Slayers,weapon,3,1,,,,2025-01-20,2025-01,False,False,True
main,887284572,60,9,Standard,200,486,2025-01-20 06:24:39,black_tassel,Black Tassel,weapon,3,1,,,,2025-01-20,2025-01,False,False,True
main,887284572,60,9,Standard,200,487,2025-01-21 05:35:33,black_tassel,Black Tassel,weapon,3,1,,,,2025-01-21,2025-01,False,False,True
main,887284572,60,9,Standard,200,488,2025-01-21 05:51:51,magic_guide,Magic Guide,weapon,3,1,,,,2025-01-21,2025-01,False,False,True
main,887284572,60,9,Standard,200,489,2025-01-23 07:07:34,bloodtainted_greatsword,Bloodtainted Greatsword,weapon,3,1,,,,2025-01-23,2025-01,False,False,True
main,887284572,60,9,Standard,200,490,2025-01-28 17:38:14,harbinger_of_dawn,Harbinger of Dawn,weapon,3,1,,,,2025-01-28,2025-01,False,False,True
main,887284572,60,9,Standard,200,491,2025-02-01 07:40:04,cool_steel,Cool Steel,weapon,3,1,,,,2025-02-01,2025-02,False,False,True
main,887284572,60,9,Standard,200,492,2025-02-01 07:40:13,slingshot,Slingshot,weapon,3,1,,,,2025-02-01,2025-02,False,False,True
main,887284572,60,9,Standard,200,493,2025-02-01 07:40:19,skyrider_sword,Skyrider Sword,weapon,3,1,,,,2025-02-01,2025-02,False,False,True
main,887284572,60,9,Standard,200,494,2025-02-01 07:40:25,sacrificial_bow,Sacrificial Bow,weapon,4,10,,,,2025-02-01,2025-02,False,True,False
main,887284572,60,9,Standard,200,495,2025-02-01 07:40:33,magic_guide,Magic Guide,weapon,3,1,,,,2025-02-01,2025-02,False,False,True
main,887284572,60,9,Standard,200,496,2025-02-27 09:53:49,raven_bow,Raven Bow,weapon,3,1,,,,2025-02-27,2025-02,False,False,True
main,887284572,60,9,Standard,200,497,2025-02-27 09:53:57,debate_club,Debate Club,weapon,3,1,,,,2025-02-27,2025-02,False,False,True
main,887284572,60,9,Standard,200,498,2025-02-27 09:54:03,harbinger_of_dawn,Harbinger of Dawn,weapon,3,1,,,,2025-02-27,2025-02,False,False,True
main,887284572,60,9,Standard,200,499,2025-02-27 09:54:10,slingshot,Slingshot,weapon,3,1,,,,2025-02-27,2025-02,False,False,True
main,887284572,60,9,Standard,200,500,2025-02-27 09:54:16,cool_steel,Cool Steel,weapon,3,1,,,,2025-02-27,2025-02,False,False,True
main,887284572,60,9,Standard,200,501,2025-02-27 09:54:22,ferrous_shadow,Ferrous Shadow,weapon,3,1,,,,2025-02-27,2025-02,False,False,True
main,887284572,60,9,Standard,200,502,2025-02-27 09:54:29,cool_steel,Cool Steel,weapon,3,1,,,,2025-02-27,2025-02,False,False,True
main,887284572,60,9,Standard,200,503,2025-02-28 10:21:54,slingshot,Slingshot,weapon,3,1,,,,2025-02-28,2025-02,False,False,True
main,887284572,60,9,Standard,200,504,2025-02-28 10:38:14,layla,Layla,character,4,10,,,,2025-02-28,2025-02,False,True,False
main,887284572,60,9,Standard,200,505,2025-03-01 04:06:07,magic_guide,Magic Guide,weapon,3,1,,,,2025-03-01,2025-03,False,False,True
main,887284572,60,9,Standard,200,506,2025-03-01 04:06:14,bloodtainted_greatsword,Bloodtainted Greatsword,weapon,3,1,,,,2025-03-01,2025-03,False,False,True
main,887284572,60,9,Standard,200,507,2025-03-01 04:06:21,slingshot,Slingshot,weapon,3,1,,,,2025-03-01,2025-03,False,False,True
main,887284572,60,9,Standard,200,508,2025-03-01 04:06:27,ferrous_shadow,Ferrous Shadow,weapon,3,1,,,,2025-03-01,2025-03,False,False,True
main,887284572,60,9,Standard,200,509,2025-03-01 04:06:33,raven_bow,Raven Bow,weapon,3,1,,,,2025-03-01,2025-03,False,False,True
main,887284572,60,9,Standard,200,510,2025-03-01 12:32:13,emerald_orb,Emerald Orb,weapon,3,1,,,,2025-03-01,2025-03,False,False,True
main,887284572,60,9,Standard,200,511,2025-03-03 16:09:56,debate_club,Debate Club,weapon,3,1,,,,2025-03-03,2025-03,False,False,True
main,887284572,60,9,Standard,200,512,2025-03-26 09:59:51,magic_guide,Magic Guide,weapon,3,1,,,,2025-03-26,2025-03,False,False,True
main,887284572,60,9,Standard,200,513,2025-03-26 09:59:57,the_bell,The Bell,weapon,4,9,,,,2025-03-26,2025-03,False,True,False
main,887284572,60,9,Standard,200,514,2025-03-26 10:00:07,skyrider_sword,Skyrider Sword,weapon,3,1,,,,2025-03-26,2025-03,False,False,True
main,887284572,60,9,Standard,200,515,2025-03-26 10:00:13,candace,Candace,character,4,2,,,,2025-03-26,2025-03,False,True,False
main,887284572,60,9,Standard,200,516,2025-03-28 05:21:34,slingshot,Slingshot,weapon,3,1,,,,2025-03-28,2025-03,False,False,True
main,887284572,60,9,Standard,200,517,2025-03-28 05:21:40,black_tassel,Black Tassel,weapon,3,1,,,,2025-03-28,2025-03,False,False,True
main,887284572,60,9,Standard,200,518,2025-03-28 05:24:39,black_tassel,Black Tassel,weapon,3,1,,,,2025-03-28,2025-03,False,False,True
main,887284572,60,9,Standard,200,519,2025-03-28 07:49:37,magic_guide,Magic Guide,weapon,3,1,,,,2025-03-28,2025-03,False,False,True
main,887284572,60,9,Standard,200,520,2025-03-28 07:54:31,raven_bow,Raven Bow,weapon,3,1,,,,2025-03-28,2025-03,False,False,True
main,887284572,60,9,Standard,200,521,2025-04-01 06:19:12,ferrous_shadow,Ferrous Shadow,weapon,3,1,,,,2025-04-01,2025-04,False,False,True
main,887284572,60,9,Standard,200,522,2025-04-01 06:19:18,cool_steel,Cool Steel,weapon,3,1,,,,2025-04-01,2025-04,False,False,True
main,887284572,60,9,Standard,200,523,2025-04-01 06:19:24,ferrous_shadow,Ferrous Shadow,weapon,3,1,,,,2025-04-01,2025-04,False,False,True
main,887284572,60,9,Standard,200,524,2025-04-01 06:19:29,thrilling_tales_of_dragon_slayers,Thrilling Tales of Dragon Slayers,weapon,3,1,,,,2025-04-01,2025-04,False,False,True
main,887284572,60,9,Standard,200,525,2025-04-01 06:19:34,sacrificial_bow,Sacrificial Bow,weapon,4,10,,,,2025-04-01,2025-04,False,True,False
main,887284572,60,9,Standard,200,526,2025-04-01 06:19:40,skyrider_sword,Skyrider Sword,weapon,3,1,,,,2025-04-01,2025-04,False,False,True
main,887284572,60,9,Standard,200,527,2025-04-04 16:56:16,harbinger_of_dawn,Harbinger of Dawn,weapon,3,1,,,,2025-04-04,2025-04,False,False,True
main,887284572,60,9,Standard,200,528,2025-04-04 16:58:17,magic_guide,Magic Guide,weapon,3,1,,,,2025-04-04,2025-04,False,False,True
main,887284572,60,9,Standard,200,529,2025-04-09 08:23:52,cool_steel,Cool Steel,weapon,3,1,,,,2025-04-09,2025-04,False,False,True
main,887284572,60,9,Standard,200,530,2025-04-13 14:04:57,bloodtainted_greatsword,Bloodtainted Greatsword,weapon,3,1,,,,2025-04-13,2025-04,False,False,True
main,887284572,60,9,Standard,200,531,2025-04-14 11:15:26,debate_club,Debate Club,weapon,3,1,,,,2025-04-14,2025-04,False,False,True
main,887284572,60,9,Standard,200,532,2025-04-16 13:06:03,cool_steel,Cool Steel,weapon,3,1,,,,2025-04-16,2025-04,False,False,True
main,887284572,60,9,Standard,200,533,2025-04-16 13:06:11,sharpshooters_oath,Sharpshooter's Oath,weapon,3,1,,,,2025-04-16,2025-04,False,False,True
main,887284572,60,9,Standard,200,534,2025-04-28 13:41:27,sucrose,Sucrose,character,4,9,,,,2025-04-28,2025-04,False,True,False
main,887284572,60,9,Standard,200,535,2025-05-01 06:11:10,sharpshooters_oath,Sharpshooter's Oath,weapon,3,1,,,,2025-05-01,2025-05,False,False,True
main,887284572,60,9,Standard,200,536,2025-05-01 06:11:18,thrilling_tales_of_dragon_slayers,Thrilling Tales of Dragon Slayers,weapon,3,1,,,,2025-05-01,2025-05,False,False,True
main,887284572,60,9,Standard,200,537,2025-05-01 06:11:24,razor,Razor,character,4,3,,,,2025-05-01,2025-05,False,True,False
main,887284572,60,9,Standard,200,538,2025-05-01 06:11:32,slingshot,Slingshot,weapon,3,1,,,,2025-05-01,2025-05,False,False,True
main,887284572,60,9,Standard,200,539,2025-05-01 06:11:38,debate_club,Debate Club,weapon,3,1,,,,2025-05-01,2025-05,False,False,True
main,887284572,60,9,Standard,200,540,2025-05-08 12:35:16,skyrider_sword,Skyrider Sword,weapon,3,1,,,,2025-05-08,2025-05,False,False,True
main,887284572,60,9,Standard,200,541,2025-05-10 06:32:12,sharpshooters_oath,Sharpshooter's Oath,weapon,3,1,,,,2025-05-10,2025-05,False,False,True
main,887284572,60,9,Standard,200,542,2025-05-10 06:32:21,black_tassel,Black Tassel,weapon,3,1,,,,2025-05-10,2025-05,False,False,True
main,887284572,60,9,Standard,200,543,2025-05-10 06:32:27,skyward_atlas,Skyward Atlas,weapon,5,75,,,,2025-05-10,2025-05,True,False,False
main,887284572,60,9,Standard,200,544,2025-05-15 05:25:49,black_tassel,Black Tassel,weapon,3,1,,,,2025-05-15,2025-05,False,False,True
main,887284572,60,9,Standard,200,545,2025-05-15 05:41:40,emerald_orb,Emerald Orb,weapon,3,1,,,,2025-05-15,2025-05,False,False,True
main,887284572,60,9,Standard,200,546,2025-05-21 04:22:16,magic_guide,Magic Guide,weapon,3,1,,,,2025-05-21,2025-05,False,False,True
main,887284572,60,9,Standard,200,547,2025-05-27 05:05:56,favonius_sword,Favonius Sword,weapon,4,10,,,,2025-05-27,2025-05,False,True,False
main,887284572,60,9,Standard,200,548,2025-05-27 05:06:42,debate_club,Debate Club,weapon,3,1,,,,2025-05-27,2025-05,False,False,True
main,887284572,60,9,Standard,200,549,2025-06-01 11:06:14,thrilling_tales_of_dragon_slayers,Thrilling Tales of Dragon Slayers,weapon,3,1,,,,2025-06-01,2025-06,False,False,True
main,887284572,60,9,Standard,200,550,2025-06-01 11:06:22,ferrous_shadow,Ferrous Shadow,weapon,3,1,,,,2025-06-01,2025-06,False,False,True
main,887284572,60,9,Standard,200,551,2025-06-01 11:06:28,skyrider_sword,Skyrider Sword,weapon,3,1,,,,2025-06-01,2025-06,False,False,True
main,887284572,60,9,Standard,200,552,2025-06-01 11:06:34,debate_club,Debate Club,weapon,3,1,,,,2025-06-01,2025-06,False,False,True
main,887284572,60,9,Standard,200,553,2025-06-01 11:06:46,emerald_orb,Emerald Orb,weapon,3,1,,,,2025-06-01,2025-06,False,False,True
main,887284572,60,9,Standard,200,554,2025-06-18 15:54:45,harbinger_of_dawn,Harbinger of Dawn,weapon,3,1,,,,2025-06-18,2025-06,False,False,True
main,887284572,60,9,Standard,200,555,2025-06-18 15:55:00,ferrous_shadow,Ferrous Shadow,weapon,3,1,,,,2025-06-18,2025-06,False,False,True
main,887284572,60,9,Standard,200,556,2025-06-18 16:22:03,lan_yan,Lan Yan,character,4,9,,,,2025-06-18,2025-06,False,True,False
main,887284572,60,9,Standard,200,557,2025-06-18 16:22:11,slingshot,Slingshot,weapon,3,1,,,,2025-06-18,2025-06,False,False,True
main,887284572,60,9,Standard,200,558,2025-06-19 17:30:15,slingshot,Slingshot,weapon,3,1,,,,2025-06-19,2025-06,False,False,True
main,887284572,60,9,Standard,200,559,2025-06-20 03:45:00,skyrider_sword,Skyrider Sword,weapon,3,1,,,,2025-06-20,2025-06,False,False,True
main,887284572,60,9,Standard,200,560,2025-06-21 17:30:00,cool_steel,Cool Steel,weapon,3,1,,,,2025-06-21,2025-06,False,False,True
main,887284572,60,9,Standard,200,561,2025-06-23 05:03:36,emerald_orb,Emerald Orb,weapon,3,1,,,,2025-06-23,2025-06,False,False,True
main,887284572,60,9,Standard,200,562,2025-06-23 05:53:24,black_tassel,Black Tassel,weapon,3,1,,,,2025-06-23,2025-06,False,False,True
main,887284572,60,9,Standard,200,563,2025-06-26 12:28:55,kachina,Kachina,character,4,7,,,,2025-06-26,2025-06,False,True,False
main,887284572,60,9,Standard,200,564,2025-07-01 05:09:30,skyrider_sword,Skyrider Sword,weapon,3,1,,,,2025-07-01,2025-07,False,False,True
main,887284572,60,9,Standard,200,565,2025-07-01 05:09:36,sharpshooters_oath,Sharpshooter's Oath,weapon,3,1,,,,2025-07-01,2025-07,False,False,True
main,887284572,60,9,Standard,200,566,2025-07-01 05:09:41,sharpshooters_oath,Sharpshooter's Oath,weapon,3,1,,,,2025-07-01,2025-07,False,False,True
main,887284572,60,9,Standard,200,567,2025-07-01 05:09:46,black_tassel,Black Tassel,weapon,3,1,,,,2025-07-01,2025-07,False,False,True
main,887284572,60,9,Standard,200,568,2025-07-01 05:09:51,thrilling_tales_of_dragon_slayers,Thrilling Tales of Dragon Slayers,weapon,3,1,,,,2025-07-01,2025-07,False,False,True
main,887284572,60,9,Standard,200,569,2025-07-01 05:09:56,keqing,Keqing,character,5,26,,,,2025-07-01,2025-07,True,False,False
main,887284572,60,9,Standard,200,570,2025-07-08 06:23:12,sharpshooters_oath,Sharpshooter's Oath,weapon,3,1,,,,2025-07-08,2025-07,False,False,True
main,887284572,60,9,Standard,200,571,2025-08-01 04:05:48,slingshot,Slingshot,weapon,3,1,,,,2025-08-01,2025-08,False,False,True
main,887284572,60,9,Standard,200,572,2025-08-01 04:05:55,the_flute,The Flute,weapon,4,9,,,,2025-08-01,2025-08,False,True,False
main,887284572,60,9,Standard,200,573,2025-08-01 04:06:02,sharpshooters_oath,Sharpshooter's Oath,weapon,3,1,,,,2025-08-01,2025-08,False,False,True
main,887284572,60,9,Standard,200,574,2025-08-01 04:06:07,skyrider_sword,Skyrider Sword,weapon,3,1,,,,2025-08-01,2025-08,False,False,True
main,887284572,60,9,Standard,200,575,2025-08-01 04:06:12,raven_bow,Raven Bow,weapon,3,1,,,,2025-08-01,2025-08,False,False,True
main,887284572,60,9,Standard,200,576,2025-08-01 04:06:18,ferrous_shadow,Ferrous Shadow,weapon,3,1,,,,2025-08-01,2025-08,False,False,True
main,887284572,60,9,Standard,200,577,2025-08-01 04:06:24,debate_club,Debate Club,weapon,3,1,,,,2025-08-01,2025-08,False,False,True
main,887284572,60,9,Standard,200,578,2025-08-01 04:06:29,emerald_orb,Emerald Orb,weapon,3,1,,,,2025-08-01,2025-08,False,False,True
main,887284572,60,9,Standard,200,579,2025-08-01 04:06:36,slingshot,Slingshot,weapon,3,1,,,,2025-08-01,2025-08,False,False,True
main,887284572,60,9,Standard,200,580,2025-08-01 11:40:31,sharpshooters_oath,Sharpshooter's Oath,weapon,3,1,,,,2025-08-01,2025-08,False,False,True
main,887284572,60,9,Standard,200,581,2025-08-03 10:33:12,raven_bow,Raven Bow,weapon,3,1,,,,2025-08-03,2025-08,False,False,True
main,887284572,60,9,Standard,200,582,2025-08-05 16:38:23,razor,Razor,character,4,10,,,,2025-08-05,2025-08,False,True,False
main,887284572,60,9,Standard,200,583,2025-08-15 07:26:30,ferrous_shadow,Ferrous Shadow,weapon,3,1,,,,2025-08-15,2025-08,False,False,True
main,887284572,60,9,Standard,200,584,2025-08-19 04:57:12,sharpshooters_oath,Sharpshooter's Oath,weapon,3,1,,,,2025-08-19,2025-08,False,False,True
main,887284572,60,9,Standard,200,585,2025-08-26 06:41:36,raven_bow,Raven Bow,weapon,3,1,,,,2025-08-26,2025-08,False,False,True
main,887284572,60,9,Standard,200,586,2025-08-26 06:41:45,sharpshooters_oath,Sharpshooter's Oath,weapon,3,1,,,,2025-08-26,2025-08,False,False,True
main,887284572,60,9,Standard,200,587,2025-08-29 15:55:48,harbinger_of_dawn,Harbinger of Dawn,weapon,3,1,,,,2025-08-29,2025-08,False,False,True
main,887284572,60,9,Standard,200,588,2025-09-10 23:28:50,skyrider_sword,Skyrider Sword,weapon,3,1,,,,2025-09-10,2025-09,False,False,True
main,887284572,60,9,Standard,200,589,2025-09-10 23:28:56,black_tassel,Black Tassel,weapon,3,1,,,,2025-09-10,2025-09,False,False,True
main,887284572,60,9,Standard,200,590,2025-09-10 23:29:01,slingshot,Slingshot,weapon,3,1,,,,2025-09-10,2025-09,False,False,True
main,887284572,60,9,Standard,200,591,2025-09-10 23:29:07,the_widsith,The Widsith,weapon,4,9,,,,2025-09-10,2025-09,False,True,False
main,887284572,60,9,Standard,200,592,2025-09-10 23:29:14,skyrider_sword,Skyrider Sword,weapon,3,1,,,,2025-09-10,2025-09,False,False,True
main,887284572,60,9,Standard,200,593,2025-09-10 23:29:18,thrilling_tales_of_dragon_slayers,Thrilling Tales of Dragon Slayers,weapon,3,1,,,,2025-09-10,2025-09,False,False,True
main,887284572,60,9,Standard,200,594,2025-09-10 23:29:22,cool_steel,Cool Steel,weapon,3,1,,,,2025-09-10,2025-09,False,False,True
main,887284572,60,9,Standard,200,595,2025-09-10 23:29:28,skyward_harp,Skyward Harp,weapon,5,26,,,,2025-09-10,2025-09,True,False,False
main,887284572,60,9,Standard,200,596,2025-09-12 00:40:52,cool_steel,Cool Steel,weapon,3,1,,,,2025-09-12,2025-09,False,False,True
main,887284572,60,9,Standard,200,597,2025-09-12 10:26:43,black_tassel,Black Tassel,weapon,3,1,,,,2025-09-12,2025-09,False,False,True
main,887284572,60,9,Standard,200,598,2025-09-14 00:52:40,skyrider_sword,Skyrider Sword,weapon,3,1,,,,2025-09-14,2025-09,False,False,True
main,887284572,60,9,Standard,200,599,2025-09-14 01:27:50,bennett,Bennett,character,4,8,,,,2025-09-14,2025-09,False,True,False
main,887284572,60,9,Standard,200,600,2025-09-14 01:27:59,thrilling_tales_of_dragon_slayers,Thrilling Tales of Dragon Slayers,weapon,3,1,,,,2025-09-14,2025-09,False,False,True
main,887284572,60,9,Standard,200,601,2025-09-15 04:47:31,thrilling_tales_of_dragon_slayers,Thrilling Tales of Dragon Slayers,weapon,3,1,,,,2025-09-15,2025-09,False,False,True
main,887284572,60,9,Standard,200,602,2025-09-17 05:54:49,debate_club,Debate Club,weapon,3,1,,,,2025-09-17,2025-09,False,False,True
main,887284572,60,9,Standard,200,603,2025-09-17 05:56:18,raven_bow,Raven Bow,weapon,3,1,,,,2025-09-17,2025-09,False,False,True
main,887284572,60,9,Standard,200,604,2025-09-17 07:44:02,skyrider_sword,Skyrider Sword,weapon,3,1,,,,2025-09-17,2025-09,False,False,True
main,887284572,60,9,Standard,200,605,2025-09-18 05:29:48,raven_bow,Raven Bow,weapon,3,1,,,,2025-09-18,2025-09,False,False,True
main,887284572,60,9,Standard,200,606,2025-09-19 05:56:23,sharpshooters_oath,Sharpshooter's Oath,weapon,3,1,,,,2025-09-19,2025-09,False,False,True
main,887284572,60,9,Standard,200,607,2025-09-21 07:15:42,slingshot,Slingshot,weapon,3,1,,,,2025-09-21,2025-09,False,False,True
main,887284572,60,9,Standard,200,608,2025-09-23 13:34:17,favonius_sword,Favonius Sword,weapon,4,9,,,,2025-09-23,2025-09,False,True,False
main,887284572,60,9,Standard,200,609,2025-09-30 05:26:20,magic_guide,Magic Guide,weapon,3,1,,,,2025-09-30,2025-09,False,False,True
main,887284572,60,9,Standard,200,610,2025-10-01 04:10:29,cool_steel,Cool Steel,weapon,3,1,,,,2025-10-01,2025-10,False,False,True
main,887284572,60,9,Standard,200,611,2025-10-01 04:10:38,raven_bow,Raven Bow,weapon,3,1,,,,2025-10-01,2025-10,False,False,True
main,887284572,60,9,Standard,200,612,2025-10-01 04:10:45,slingshot,Slingshot,weapon,3,1,,,,2025-10-01,2025-10,False,False,True
main,887284572,60,9,Standard,200,613,2025-10-01 04:10:51,raven_bow,Raven Bow,weapon,3,1,,,,2025-10-01,2025-10,False,False,True
main,887284572,60,9,Standard,200,614,2025-10-01 04:10:57,debate_club,Debate Club,weapon,3,1,,,,2025-10-01,2025-10,False,False,True
main,887284572,60,9,Standard,200,615,2025-10-01 04:11:03,sharpshooters_oath,Sharpshooter's Oath,weapon,3,1,,,,2025-10-01,2025-10,False,False,True
main,887284572,60,9,Standard,200,616,2025-10-01 04:11:09,sharpshooters_oath,Sharpshooter's Oath,weapon,3,1,,,,2025-10-01,2025-10,False,False,True
main,887284572,60,9,Standard,200,617,2025-10-01 04:11:16,emerald_orb,Emerald Orb,weapon,3,1,,,,2025-10-01,2025-10,False,False,True
main,887284572,60,9,Standard,200,618,2025-10-01 04:11:22,amber,Amber,character,4,10,,,,2025-10-01,2025-10,False,True,False
main,887284572,60,9,Standard,200,619,2025-10-17 09:22:12,thrilling_tales_of_dragon_slayers,Thrilling Tales of Dragon Slayers,weapon,3,1,,,,2025-10-17,2025-10,False,False,True
main,887284572,60,9,Standard,200,620,2025-10-22 13:19:31,harbinger_of_dawn,Harbinger of Dawn,weapon,3,1,,,,2025-10-22,2025-10,False,False,True
main,887284572,60,9,Standard,200,621,2025-10-22 13:51:10,thrilling_tales_of_dragon_slayers,Thrilling Tales of Dragon Slayers,weapon,3,1,,,,2025-10-22,2025-10,False,False,True
main,887284572,60,9,Standard,200,622,2025-10-22 14:25:27,slingshot,Slingshot,weapon,3,1,,,,2025-10-22,2025-10,False,False,True
main,887284572,60,9,Standard,200,623,2025-10-24 00:23:47,slingshot,Slingshot,weapon,3,1,,,,2025-10-24,2025-10,False,False,True
main,887284572,60,9,Standard,200,624,2025-10-27 09:56:05,magic_guide,Magic Guide,weapon,3,1,,,,2025-10-27,2025-10,False,False,True
main,887284572,60,9,Standard,200,625,2025-11-01 09:40:31,ferrous_shadow,Ferrous Shadow,weapon,3,1,,,,2025-11-01,2025-11,False,False,True
main,887284572,60,9,Standard,200,626,2025-11-01 09:40:36,ferrous_shadow,Ferrous Shadow,weapon,3,1,,,,2025-11-01,2025-11,False,False,True
main,887284572,60,9,Standard,200,627,2025-11-01 09:40:41,black_tassel,Black Tassel,weapon,3,1,,,,2025-11-01,2025-11,False,False,True
main,887284572,60,9,Standard,200,628,2025-11-01 09:40:47,the_flute,The Flute,weapon,4,10,,,,2025-11-01,2025-11,False,True,False
main,887284572,60,9,Standard,200,629,2025-11-01 09:40:55,raven_bow,Raven Bow,weapon,3,1,,,,2025-11-01,2025-11,False,False,True
main,887284572,60,9,Standard,200,630,2025-11-01 12:40:03,bloodtainted_greatsword,Bloodtainted Greatsword,weapon,3,1,,,,2025-11-01,2025-11,False,False,True
main,887284572,60,9,Standard,200,631,2025-11-03 14:55:06,thrilling_tales_of_dragon_slayers,Thrilling Tales of Dragon Slayers,weapon,3,1,,,,2025-11-03,2025-11,False,False,True
main,887284572,60,9,Standard,200,632,2025-11-03 14:55:15,dragons_bane,Dragon's Bane,weapon,4,4,,,,2025-11-03,2025-11,False,True,False
main,887284572,60,9,Standard,200,633,2025-11-06 09:28:44,skyrider_sword,Skyrider Sword,weapon,3,1,,,,2025-11-06,2025-11,False,False,True
main,887284572,60,9,Standard,200,634,2025-11-10 04:34:29,thrilling_tales_of_dragon_slayers,Thrilling Tales of Dragon Slayers,weapon,3,1,,,,2025-11-10,2025-11,False,False,True
main,887284572,60,9,Standard,200,635,2025-11-16 17:38:15,kuki_shinobu,Kuki Shinobu,character,4,3,,,,2025-11-16,2025-11,False,True,False
main,887284572,60,9,Standard,200,636,2025-11-16 17:38:24,thrilling_tales_of_dragon_slayers,Thrilling Tales of Dragon Slayers,weapon,3,1,,,,2025-11-16,2025-11,False,False,True
main,887284572,60,9,Standard,200,637,2025-11-16 17:38:30,emerald_orb,Emerald Orb,weapon,3,1,,,,2025-11-16,2025-11,False,False,True
main,887284572,60,9,Standard,200,638,2025-11-16 17:38:36,cool_steel,Cool Steel,weapon,3,1,,,,2025-11-16,2025-11,False,False,True
main,887284572,60,9,Standard,200,639,2025-11-16 17:38:42,magic_guide,Magic Guide,weapon,3,1,,,,2025-11-16,2025-11,False,False,True
main,887284572,60,9,Standard,200,640,2025-11-16 17:38:47,thrilling_tales_of_dragon_slayers,Thrilling Tales of Dragon Slayers,weapon,3,1,,,,2025-11-16,2025-11,False,False,True
main,887284572,60,9,Standard,200,641,2025-11-25 06:46:21,ifa,Ifa,character,4,6,,,,2025-11-25,2025-11,False,True,False
main,887284572,60,9,Standard,200,642,2025-11-25 06:46:30,harbinger_of_dawn,Harbinger of Dawn,weapon,3,1,,,,2025-11-25,2025-11,False,False,True
main,887284572,60,9,Standard,200,643,2025-11-25 06:46:36,thrilling_tales_of_dragon_slayers,Thrilling Tales of Dragon Slayers,weapon,3,1,,,,2025-11-25,2025-11,False,False,True
main,887284572,60,9,Standard,200,644,2025-12-02 05:05:48,slingshot,Slingshot,weapon,3,1,,,,2025-12-02,2025-12,False,False,True
main,887284572,60,9,Standard,200,645,2025-12-02 05:05:57,harbinger_of_dawn,Harbinger of Dawn,weapon,3,1,,,,2025-12-02,2025-12,False,False,True
main,887284572,60,9,Standard,200,646,2025-12-02 05:06:03,harbinger_of_dawn,Harbinger of Dawn,weapon,3,1,,,,2025-12-02,2025-12,False,False,True
main,887284572,60,9,Standard,200,647,2025-12-02 05:06:17,debate_club,Debate Club,weapon,3,1,,,,2025-12-02,2025-12,False,False,True
main,887284572,60,9,Standard,200,648,2025-12-02 05:06:25,bloodtainted_greatsword,Bloodtainted Greatsword,weapon,3,1,,,,2025-12-02,2025-12,False,False,True
main,887284572,60,9,Standard,200,649,2025-12-03 15:38:39,skyrider_sword,Skyrider Sword,weapon,3,1,,,,2025-12-03,2025-12,False,False,True
main,887284572,60,9,Standard,200,650,2025-12-08 06:59:34,black_tassel,Black Tassel,weapon,3,1,,,,2025-12-08,2025-12,False,False,True
main,887284572,60,9,Standard,200,651,2025-12-12 05:58:48,favonius_warbow,Favonius Warbow,weapon,4,10,,,,2025-12-12,2025-12,False,True,False
main,887284572,60,9,Standard,200,652,2025-12-16 04:46:03,yumemizuki_mizuki,Yumemizuki Mizuki,character,5,57,,,,2025-12-16,2025-12,True,False,False
main,887284572,60,9,Standard,200,653,2025-12-17 06:10:47,black_tassel,Black Tassel,weapon,3,1,,,,2025-12-17,2025-12,False,False,True
main,887284572,60,9,Standard,200,654,2025-12-19 07:20:18,thrilling_tales_of_dragon_slayers,Thrilling Tales of Dragon Slayers,weapon,3,1,,,,2025-12-19,2025-12,False,False,True
main,887284572,60,9,Standard,200,655,2025-12-19 07:20:38,cool_steel,Cool Steel,weapon,3,1,,,,2025-12-19,2025-12,False,False,True
main,887284572,60,9,Standard,200,656,2025-12-22 08:21:50,skyrider_sword,Skyrider Sword,weapon,3,1,,,,2025-12-22,2025-12,False,False,True
main,887284572,60,9,Standard,200,657,2025-12-24 13:08:47,emerald_orb,Emerald Orb,weapon,3,1,,,,2025-12-24,2025-12,False,False,True
main,887284572,60,9,Standard,200,658,2026-01-01 04:12:50,sacrificial_bow,Sacrificial Bow,weapon,4,7,,,,2026-01-01,2026-01,False,True,False
main,887284572,60,9,Standard,200,659,2026-01-01 04:12:58,ferrous_shadow,Ferrous Shadow,weapon,3,1,,,,2026-01-01,2026-01,False,False,True
main,887284572,60,9,Standard,200,660,2026-01-01 04:13:02,bloodtainted_greatsword,Bloodtainted Greatsword,weapon,3,1,,,,2026-01-01,2026-01,False,False,True
main,887284572,60,9,Standard,200,661,2026-01-01 04:13:07,black_tassel,Black Tassel,weapon,3,1,,,,2026-01-01,2026-01,False,False,True
main,887284572,60,9,Standard,200,662,2026-01-01 04:13:13,cool_steel,Cool Steel,weapon,3,1,,,,2026-01-01,2026-01,False,False,True
main,887284572,60,9,Standard,200,663,2026-01-15 07:32:38,debate_club,Debate Club,weapon,3,1,,,,2026-01-15,2026-01,False,False,True
main,887284572,60,9,Standard,200,664,2026-01-16 12:01:58,black_tassel,Black Tassel,weapon,3,1,,,,2026-01-16,2026-01,False,False,True
main,887284572,60,9,Standard,200,665,2026-01-16 12:02:05,debate_club,Debate Club,weapon,3,1,,,,2026-01-16,2026-01,False,False,True
main,887284572,60,9,Standard,200,666,2026-01-16 12:02:10,thrilling_tales_of_dragon_slayers,Thrilling Tales of Dragon Slayers,weapon,3,1,,,,2026-01-16,2026-01,False,False,True
main,887284572,60,9,Standard,200,667,2026-01-17 12:09:16,emerald_orb,Emerald Orb,weapon,3,1,,,,2026-01-17,2026-01,False,False,True
main,887284572,60,9,Standard,200,668,2026-01-20 04:16:24,chongyun,Chongyun,character,4,10,,,,2026-01-20,2026-01,False,True,False
main,887284572,60,9,Standard,200,669,2026-01-24 05:03:10,cool_steel,Cool Steel,weapon,3,1,,,,2026-01-24,2026-01,False,False,True
main,887284572,60,9,Standard,200,670,2026-01-29 07:23:51,sharpshooters_oath,Sharpshooter's Oath,weapon,3,1,,,,2026-01-29,2026-01,False,False,True
main,887284572,60,9,Standard,200,671,2026-01-31 14:26:06,thrilling_tales_of_dragon_slayers,Thrilling Tales of Dragon Slayers,weapon,3,1,,,,2026-01-31,2026-01,False,False,True
main,887284572,60,9,Standard,200,672,2026-01-31 15:04:43,emerald_orb,Emerald Orb,weapon,3,1,,,,2026-01-31,2026-01,False,False,True
main,887284572,60,9,Standard,200,673,2026-02-01 05:10:03,thrilling_tales_of_dragon_slayers,Thrilling Tales of Dragon Slayers,weapon,3,1,,,,2026-02-01,2026-02,False,False,True
main,887284572,60,9,Standard,200,674,2026-02-01 05:10:12,harbinger_of_dawn,Harbinger of Dawn,weapon,3,1,,,,2026-02-01,2026-02,False,False,True
main,887284572,60,9,Standard,200,675,2026-02-01 05:10:16,black_tassel,Black Tassel,weapon,3,1,,,,2026-02-01,2026-02,False,False,True
main,887284572,60,9,Standard,200,676,2026-02-01 05:10:23,skyrider_sword,Skyrider Sword,weapon,3,1,,,,2026-02-01,2026-02,False,False,True
main,887284572,60,9,Standard,200,677,2026-02-01 05:10:28,cool_steel,Cool Steel,weapon,3,1,,,,2026-02-01,2026-02,False,False,True
main,887284572,60,9,Standard,200,678,2026-02-01 20:03:40,favonius_codex,Favonius Codex,weapon,4,10,,,,2026-02-01,2026-02,False,True,False
main,887284572,60,9,Standard,200,679,2026-02-01 20:03:52,skyrider_sword,Skyrider Sword,weapon,3,1,,,,2026-02-01,2026-02,False,False,True
main,887284572,60,9,Standard,200,680,2026-02-02 08:23:48,skyrider_sword,Skyrider Sword,weapon,3,1,,,,2026-02-02,2026-02,False,False,True
main,887284572,60,9,Standard,200,681,2026-02-02 08:23:55,debate_club,Debate Club,weapon,3,1,,,,2026-02-02,2026-02,False,False,True
main,887284572,60,9,Standard,200,682,2026-02-02 08:24:00,thrilling_tales_of_dragon_slayers,Thrilling Tales of Dragon Slayers,weapon,3,1,,,,2026-02-02,2026-02,False,False,True
main,887284572,60,9,Standard,200,683,2026-02-02 09:02:39,black_tassel,Black Tassel,weapon,3,1,,,,2026-02-02,2026-02,False,False,True
main,887284572,60,9,Standard,200,684,2026-02-24 10:30:28,cool_steel,Cool Steel,weapon,3,1,,,,2026-02-24,2026-02,False,False,True
main,887284572,60,9,Standard,200,685,2026-02-24 10:30:33,thrilling_tales_of_dragon_slayers,Thrilling Tales of Dragon Slayers,weapon,3,1,,,,2026-02-24,2026-02,False,False,True
main,887284572,60,9,Standard,200,686,2026-02-24 11:52:01,bloodtainted_greatsword,Bloodtainted Greatsword,weapon,3,1,,,,2026-02-24,2026-02,False,False,True
main,887284572,60,9,Standard,200,687,2026-02-26 04:51:42,skyrider_sword,Skyrider Sword,weapon,3,1,,,,2026-02-26,2026-02,False,False,True
main,887284572,60,9,Standard,200,688,2026-03-01 05:41:32,lan_yan,Lan Yan,character,4,10,,,,2026-03-01,2026-03,False,True,False
main,887284572,60,9,Standard,200,689,2026-03-01 05:41:39,raven_bow,Raven Bow,weapon,3,1,,,,2026-03-01,2026-03,False,False,True
main,887284572,60,9,Standard,200,690,2026-03-01 05:41:44,thrilling_tales_of_dragon_slayers,Thrilling Tales of Dragon Slayers,weapon,3,1,,,,2026-03-01,2026-03,False,False,True
main,887284572,60,9,Standard,200,691,2026-03-01 05:41:50,cool_steel,Cool Steel,weapon,3,1,,,,2026-03-01,2026-03,False,False,True
main,887284572,60,9,Standard,200,692,2026-03-01 05:41:56,magic_guide,Magic Guide,weapon,3,1,,,,2026-03-01,2026-03,False,False,True
main,887284572,60,9,Standard,200,693,2026-03-02 09:24:08,ferrous_shadow,Ferrous Shadow,weapon,3,1,,,,2026-03-02,2026-03,False,False,True
main,887284572,60,9,Standard,200,694,2026-03-04 05:04:41,sharpshooters_oath,Sharpshooter's Oath,weapon,3,1,,,,2026-03-04,2026-03,False,False,True
main,887284572,60,9,Standard,200,695,2026-03-09 20:51:40,bloodtainted_greatsword,Bloodtainted Greatsword,weapon,3,1,,,,2026-03-09,2026-03,False,False,True
main,887284572,60,9,Standard,200,696,2026-03-17 19:06:05,bloodtainted_greatsword,Bloodtainted Greatsword,weapon,3,1,,,,2026-03-17,2026-03,False,False,True
main,887284572,60,9,Standard,200,697,2026-03-19 06:09:06,favonius_sword,Favonius Sword,weapon,4,9,,,,2026-03-19,2026-03,False,True,False
main,887284572,60,9,Standard,200,698,2026-03-19 06:09:15,slingshot,Slingshot,weapon,3,1,,,,2026-03-19,2026-03,False,False,True
main,887284572,60,9,Standard,200,699,2026-03-19 06:09:22,harbinger_of_dawn,Harbinger of Dawn,weapon,3,1,,,,2026-03-19,2026-03,False,False,True
main,887284572,60,9,Standard,200,700,2026-03-29 06:30:58,black_tassel,Black Tassel,weapon,3,1,,,,2026-03-29,2026-03,False,False,True
main,887284572,60,9,Standard,200,701,2026-04-01 05:45:50,harbinger_of_dawn,Harbinger of Dawn,weapon,3,1,,,,2026-04-01,2026-04,False,False,True
main,887284572,60,9,Standard,200,702,2026-04-01 05:45:57,slingshot,Slingshot,weapon,3,1,,,,2026-04-01,2026-04,False,False,True
main,887284572,60,9,Standard,200,703,2026-04-01 05:46:02,sharpshooters_oath,Sharpshooter's Oath,weapon,3,1,,,,2026-04-01,2026-04,False,False,True
main,887284572,60,9,Standard,200,704,2026-04-01 05:46:18,skyrider_sword,Skyrider Sword,weapon,3,1,,,,2026-04-01,2026-04,False,False,True
main,887284572,60,9,Standard,200,705,2026-04-01 05:46:24,emerald_orb,Emerald Orb,weapon,3,1,,,,2026-04-01,2026-04,False,False,True
main,887284572,60,9,Standard,200,706,2026-04-08 14:43:34,yaoyao,Yaoyao,character,4,9,,,,2026-04-08,2026-04,False,True,False
main,887284572,60,9,Standard,200,707,2026-04-09 20:08:35,skyrider_sword,Skyrider Sword,weapon,3,1,,,,2026-04-09,2026-04,False,False,True
main,887284572,60,9,Standard,200,708,2026-04-09 20:08:39,thrilling_tales_of_dragon_slayers,Thrilling Tales of Dragon Slayers,weapon,3,1,,,,2026-04-09,2026-04,False,False,True
main,887284572,60,9,Standard,200,709,2026-04-09 20:08:45,cool_steel,Cool Steel,weapon,3,1,,,,2026-04-09,2026-04,False,False,True
main,887284572,60,9,Standard,200,710,2026-04-09 22:01:37,raven_bow,Raven Bow,weapon,3,1,,,,2026-04-09,2026-04,False,False,True
main,887284572,60,9,Standard,200,711,2026-04-09 22:01:49,slingshot,Slingshot,weapon,3,1,,,,2026-04-09,2026-04,False,False,True
main,887284572,60,9,Standard,200,712,2026-04-13 02:59:50,black_tassel,Black Tassel,weapon,3,1,,,,2026-04-13,2026-04,False,False,True
main,887284572,60,9,Standard,200,713,2026-04-13 02:59:55,debate_club,Debate Club,weapon,3,1,,,,2026-04-13,2026-04,False,False,True
main,887284572,60,9,Standard,200,714,2026-04-13 04:24:25,bloodtainted_greatsword,Bloodtainted Greatsword,weapon,3,1,,,,2026-04-13,2026-04,False,False,True
main,887284572,60,9,Standard,200,715,2026-04-13 04:24:30,raven_bow,Raven Bow,weapon,3,1,,,,2026-04-13,2026-04,False,False,True
main,887284572,60,9,Standard,200,716,2026-04-13 04:40:07,favonius_sword,Favonius Sword,weapon,4,10,,,,2026-04-13,2026-04,False,True,False
main,887284572,60,9,Standard,200,717,2026-04-17 05:14:50,skyrider_sword,Skyrider Sword,weapon,3,1,,,,2026-04-17,2026-04,False,False,True
main,887284572,60,9,Standard,200,718,2026-04-19 04:10:09,sharpshooters_oath,Sharpshooter's Oath,weapon,3,1,,,,2026-04-19,2026-04,False,False,True
main,887284572,60,9,Standard,200,719,2026-04-22 06:39:39,debate_club,Debate Club,weapon,3,1,,,,2026-04-22,2026-04,False,False,True
main,887284572,60,9,Standard,200,720,2026-04-28 17:32:41,raven_bow,Raven Bow,weapon,3,1,,,,2026-04-28,2026-04,False,False,True
main,887284572,60,9,Standard,200,721,2026-05-01 04:53:14,thrilling_tales_of_dragon_slayers,Thrilling Tales of Dragon Slayers,weapon,3,1,,,,2026-05-01,2026-05,False,False,True
main,887284572,60,9,Standard,200,722,2026-05-01 04:53:32,magic_guide,Magic Guide,weapon,3,1,,,,2026-05-01,2026-05,False,False,True
main,887284572,60,9,Standard,200,723,2026-05-01 04:53:37,gaming,Gaming,character,4,7,,,,2026-05-01,2026-05,False,True,False
main,887284572,60,9,Standard,200,724,2026-05-01 04:53:44,black_tassel,Black Tassel,weapon,3,1,,,,2026-05-01,2026-05,False,False,True
main,887284572,60,9,Standard,200,725,2026-05-01 04:53:50,harbinger_of_dawn,Harbinger of Dawn,weapon,3,1,,,,2026-05-01,2026-05,False,False,True
main,887284572,60,9,Standard,200,726,2026-05-20 04:16:52,black_tassel,Black Tassel,weapon,3,1,,,,2026-05-20,2026-05,False,False,True
main,887284572,60,9,Standard,200,727,2026-05-21 04:13:21,magic_guide,Magic Guide,weapon,3,1,,,,2026-05-21,2026-05,False,False,True
main,887284572,60,9,Standard,200,728,2026-05-21 04:13:29,emerald_orb,Emerald Orb,weapon,3,1,,,,2026-05-21,2026-05,False,False,True
main,887284572,60,9,Standard,200,729,2026-05-21 04:16:51,favonius_warbow,Favonius Warbow,weapon,4,6,,,,2026-05-21,2026-05,False,True,False
main,887284572,60,9,Standard,200,730,2026-05-21 04:29:54,emerald_orb,Emerald Orb,weapon,3,1,,,,2026-05-21,2026-05,False,False,True
main,887284572,60,9,Standard,200,731,2026-05-21 06:01:36,wolfs_gravestone,Wolf's Gravestone,weapon,5,79,,,,2026-05-21,2026-05,True,False,False
main,887284572,60,9,Standard,200,732,2026-05-25 07:36:59,debate_club,Debate Club,weapon,3,1,,,,2026-05-25,2026-05,False,False,True
main,887284572,60,9,Standard,200,733,2026-05-27 01:21:00,magic_guide,Magic Guide,weapon,3,1,,,,2026-05-27,2026-05,False,False,True
main,887284572,60,9,Standard,200,734,2026-05-27 01:21:05,bloodtainted_greatsword,Bloodtainted Greatsword,weapon,3,1,,,,2026-05-27,2026-05,False,False,True
main,887284572,60,9,Standard,200,735,2026-05-27 04:24:29,magic_guide,Magic Guide,weapon,3,1,,,,2026-05-27,2026-05,False,False,True
main,887284572,60,9,Standard,200,736,2026-05-27 04:24:35,the_flute,The Flute,weapon,4,7,,,,2026-05-27,2026-05,False,True,False
main,887284572,60,9,Standard,200,737,2026-06-01 05:12:29,raven_bow,Raven Bow,weapon,3,1,,,,2026-06-01,2026-06,False,False,True
main,887284572,60,9,Standard,200,738,2026-06-01 05:12:36,emerald_orb,Emerald Orb,weapon,3,1,,,,2026-06-01,2026-06,False,False,True
main,887284572,60,9,Standard,200,739,2026-06-01 05:12:41,harbinger_of_dawn,Harbinger of Dawn,weapon,3,1,,,,2026-06-01,2026-06,False,False,True
main,887284572,60,9,Standard,200,740,2026-06-01 05:12:46,bloodtainted_greatsword,Bloodtainted Greatsword,weapon,3,1,,,,2026-06-01,2026-06,False,False,True
main,887284572,60,9,Standard,200,741,2026-06-01 05:12:51,magic_guide,Magic Guide,weapon,3,1,,,,2026-06-01,2026-06,False,False,True
main,887284572,60,9,Standard,200,742,2026-06-01 15:47:35,ferrous_shadow,Ferrous Shadow,weapon,3,1,,,,2026-06-01,2026-06,False,False,True
main,887284572,60,9,Standard,200,743,2026-06-08 06:46:11,emerald_orb,Emerald Orb,weapon,3,1,,,,2026-06-08,2026-06,False,False,True
main,887284572,60,9,Standard,200,744,2026-06-12 06:08:20,bloodtainted_greatsword,Bloodtainted Greatsword,weapon,3,1,,,,2026-06-12,2026-06,False,False,True
main,887284572,60,9,Standard,200,745,2026-06-16 06:28:16,collei,Collei,character,4,9,,,,2026-06-16,2026-06,False,True,False
main,887284572,60,9,Standard,200,746,2026-06-18 18:05:16,harbinger_of_dawn,Harbinger of Dawn,weapon,3,1,,,,2026-06-18,2026-06,False,False,True
main,887284572,60,9,Standard,200,747,2026-07-01 04:16:07,debate_club,Debate Club,weapon,3,1,,,,2026-07-01,2026-07,False,False,True
main,887284572,60,9,Standard,200,748,2026-07-01 04:16:13,magic_guide,Magic Guide,weapon,3,1,,,,2026-07-01,2026-07,False,False,True
main,887284572,60,9,Standard,200,749,2026-07-01 04:16:18,thrilling_tales_of_dragon_slayers,Thrilling Tales of Dragon Slayers,weapon,3,1,,,,2026-07-01,2026-07,False,False,True
main,887284572,60,9,Standard,200,750,2026-07-01 04:16:23,black_tassel,Black Tassel,weapon,3,1,,,,2026-07-01,2026-07,False,False,True
main,887284572,60,9,Standard,200,751,2026-07-01 04:16:28,thrilling_tales_of_dragon_slayers,Thrilling Tales of Dragon Slayers,weapon,3,1,,,,2026-07-01,2026-07,False,False,True
main,887284572,60,9,Standard,200,752,2026-07-02 07:56:25,harbinger_of_dawn,Harbinger of Dawn,weapon,3,1,,,,2026-07-02,2026-07,False,False,True
main,887284572,60,9,Standard,200,753,2026-07-03 05:16:42,sharpshooters_oath,Sharpshooter's Oath,weapon,3,1,,,,2026-07-03,2026-07,False,False,True
main,887284572,60,9,Standard,200,754,2026-07-03 05:16:47,favonius_sword,Favonius Sword,weapon,4,9,,,,2026-07-03,2026-07,False,True,False
main,887284572,60,9,Standard,200,755,2026-07-03 06:26:25,skyrider_sword,Skyrider Sword,weapon,3,1,,,,2026-07-03,2026-07,False,False,True
main,887284572,60,9,Standard,200,756,2026-07-03 06:26:32,raven_bow,Raven Bow,weapon,3,1,,,,2026-07-03,2026-07,False,False,True
main,887284572,60,9,Standard,200,757,2026-07-03 06:26:37,emerald_orb,Emerald Orb,weapon,3,1,,,,2026-07-03,2026-07,False,False,True
main,887284572,60,9,Standard,200,758,2026-07-06 06:18:12,emerald_orb,Emerald Orb,weapon,3,1,,,,2026-07-06,2026-07,False,False,True
main,887284572,60,9,Standard,200,759,2026-07-07 05:28:10,raven_bow,Raven Bow,weapon,3,1,,,,2026-07-07,2026-07,False,False,True
main,887284572,60,9,Standard,200,760,2026-07-10 12:58:40,debate_club,Debate Club,weapon,3,1,,,,2026-07-10,2026-07,False,False,True
main,887284572,60,9,Standard,200,761,2026-07-10 14:02:43,ferrous_shadow,Ferrous Shadow,weapon,3,1,,,,2026-07-10,2026-07,False,False,True
main,887284572,60,9,Standard,200,762,2026-07-16 10:26:57,black_tassel,Black Tassel,weapon,3,1,,,,2026-07-16,2026-07,False,False,True
main,887284572,60,9,Standard,200,763,2026-07-19 05:35:36,raven_bow,Raven Bow,weapon,3,1,,,,2026-07-19,2026-07,False,False,True
main,887284572,60,9,Standard,200,764,2026-07-20 05:34:37,thoma,Thoma,character,4,10,,,,2026-07-20,2026-07,False,True,False
main,887284572,60,9,Standard,200,765,2026-07-21 05:47:39,emerald_orb,Emerald Orb,weapon,3,1,,,,2026-07-21,2026-07,False,False,True
main,887284572,60,9,Standard,200,766,2026-08-01 05:11:23,ferrous_shadow,Ferrous Shadow,weapon,3,1,,,,2026-08-01,2026-08,False,False,True
main,887284572,60,9,Standard,200,767,2026-08-01 05:11:29,bloodtainted_greatsword,Bloodtainted Greatsword,weapon,3,1,,,,2026-08-01,2026-08,False,False,True
main,887284572,60,9,Standard,200,768,2026-08-01 05:11:34,thrilling_tales_of_dragon_slayers,Thrilling Tales of Dragon Slayers,weapon,3,1,,,,2026-08-01,2026-08,False,False,True
main,887284572,60,9,Standard,200,769,2026-08-01 05:11:37,emerald_orb,Emerald Orb,weapon,3,1,,,,2026-08-01,2026-08,False,False,True
main,887284572,60,9,Standard,200,770,2026-08-01 05:11:42,slingshot,Slingshot,weapon,3,1,,,,2026-08-01,2026-08,False,False,True
main,887284572,60,9,Standard,200,771,2026-08-12 11:52:10,emerald_orb,Emerald Orb,weapon,3,1,,,,2026-08-12,2026-08,False,False,True
main,887284572,60,9,Standard,200,772,2026-08-13 10:50:20,emerald_orb,Emerald Orb,weapon,3,1,,,,2026-08-13,2026-08,False,False,True
main,887284572,60,9,Standard,200,773,2026-08-13 12:14:39,emerald_orb,Emerald Orb,weapon,3,1,,,,2026-08-13,2026-08,False,False,True
main,887284572,60,9,Standard,200,774,2026-08-16 08:36:50,the_stringless,The Stringless,weapon,4,10,,,,2026-08-16,2026-08,False,True,False
main,887284572,60,9,Standard,200,775,2026-08-16 11:04:41,emerald_orb,Emerald Orb,weapon,3,1,,,,2026-08-16,2026-08,False,False,True
main,887284572,60,9,Standard,200,776,2026-08-16 11:04:47,magic_guide,Magic Guide,weapon,3,1,,,,2026-08-16,2026-08,False,False,True
main,887284572,60,9,Standard,200,777,2026-08-16 23:08:21,emerald_orb,Emerald Orb,weapon,3,1,,,,2026-08-16,2026-08,False,False,True
main,887284572,60,9,Standard,200,778,2026-08-17 00:46:32,harbinger_of_dawn,Harbinger of Dawn,weapon,3,1,,,,2026-08-17,2026-08,False,False,True
main,887284572,60,9,Standard,200,779,2026-08-17 00:46:38,ferrous_shadow,Ferrous Shadow,weapon,3,1,,,,2026-08-17,2026-08,False,False,True
main,887284572,60,9,Standard,200,780,2026-08-18 15:22:44,raven_bow,Raven Bow,weapon,3,1,,,,2026-08-18,2026-08,False,False,True
main,887284572,60,9,Standard,200,781,2026-08-19 00:41:49,magic_guide,Magic Guide,weapon,3,1,,,,2026-08-19,2026-08,False,False,True
main,887284572,60,9,Standard,200,782,2026-08-20 02:55:35,sharpshooters_oath,Sharpshooter's Oath,weapon,3,1,,,,2026-08-20,2026-08,False,False,True
main,887284572,60,9,Standard,200,783,2026-08-21 04:50:41,ifa,Ifa,character,4,9,,,,2026-08-21,2026-08,False,True,False
main,887284572,60,9,Standard,200,784,2026-08-24 05:37:13,thrilling_tales_of_dragon_slayers,Thrilling Tales of Dragon Slayers,weapon,3,1,,,,2026-08-24,2026-08,False,False,True
main,887284572,60,9,Standard,200,785,2026-08-25 10:05:25,bloodtainted_greatsword,Bloodtainted Greatsword,weapon,3,1,,,,2026-08-25,2026-08,False,False,True
main,887284572,60,9,Standard,200,786,2026-08-25 10:05:32,skyrider_sword,Skyrider Sword,weapon,3,1,,,,2026-08-25,2026-08,False,False,True
main,887284572,60,9,Standard,200,787,2026-08-26 06:45:40,slingshot,Slingshot,weapon,3,1,,,,2026-08-26,2026-08,False,False,True
main,887284572,60,9,Standard,200,788,2026-08-27 07:05:00,slingshot,Slingshot,weapon,3,1,,,,2026-08-27,2026-08,False,False,True
main,887284572,60,9,Standard,200,789,2026-08-31 11:38:41,slingshot,Slingshot,weapon,3,1,,,,2026-08-31,2026-08,False,False,True
main,887284572,60,9,Standard,200,790,2026-09-01 06:30:20,black_tassel,Black Tassel,weapon,3,1,,,,2026-09-01,2026-09,False,False,True
main,887284572,60,9,Standard,200,791,2026-09-01 06:30:35,thrilling_tales_of_dragon_slayers,Thrilling Tales of Dragon Slayers,weapon,3,1,,,,2026-09-01,2026-09,False,False,True
main,887284572,60,9,Standard,200,792,2026-09-01 06:30:40,the_widsith,The Widsith,weapon,4,9,,,,2026-09-01,2026-09,False,True,False
main,887284572,60,9,Standard,200,793,2026-09-01 06:30:47,sharpshooters_oath,Sharpshooter's Oath,weapon,3,1,,,,2026-09-01,2026-09,False,False,True
main,887284572,60,9,Standard,200,794,2026-09-01 06:30:52,harbinger_of_dawn,Harbinger of Dawn,weapon,3,1,,,,2026-09-01,2026-09,False,False,True
main,887284572,60,9,Standard,200,795,2026-09-22 16:21:52,raven_bow,Raven Bow,weapon,3,1,,,,2026-09-22,2026-09,False,False,True
main,887284572,60,9,Standard,200,796,2026-09-23 15:48:27,thrilling_tales_of_dragon_slayers,Thrilling Tales of Dragon Slayers,weapon,3,1,,,,2026-09-23,2026-09,False,False,True
main,887284572,60,9,Standard,200,797,2026-09-24 11:24:19,magic_guide,Magic Guide,weapon,3,1,,,,2026-09-24,2026-09,False,False,True
main,887284572,60,9,Standard,200,798,2026-09-24 11:24:27,sacrificial_bow,Sacrificial Bow,weapon,4,6,,,,2026-09-24,2026-09,False,True,False
main,887284572,60,9,Standard,200,799,2026-09-25 08:31:28,black_tassel,Black Tassel,weapon,3,1,,,,2026-09-25,2026-09,False,False,True
main,887284572,60,9,Standard,200,800,2026-09-27 06:59:12,emerald_orb,Emerald Orb,weapon,3,1,,,,2026-09-27,2026-09,False,False,True
main,887284572,60,9,Standard,200,801,2026-09-29 08:04:21,noelle,Noelle,character,4,3,,,,2026-09-29,2026-09,False,True,False
main,887284572,60,9,Standard,200,802,2026-10-01 04:20:16,raven_bow,Raven Bow,weapon,3,1,,,,2026-10-01,2026-10,False,False,True
main,887284572,60,9,Standard,200,803,2026-10-01 04:20:22,sharpshooters_oath,Sharpshooter's Oath,weapon,3,1,,,,2026-10-01,2026-10,False,False,True
main,887284572,60,9,Standard,200,804,2026-10-01 04:20:26,slingshot,Slingshot,weapon,3,1,,,,2026-10-01,2026-10,False,False,True
main,887284572,60,9,Standard,200,805,2026-10-01 04:21:01,raven_bow,Raven Bow,weapon,3,1,,,,2026-10-01,2026-10,False,False,True
main,887284572,60,9,Standard,200,806,2026-10-01 04:21:06,thrilling_tales_of_dragon_slayers,Thrilling Tales of Dragon Slayers,weapon,3,1,,,,2026-10-01,2026-10,False,False,True
main,887284572,60,9,Standard,200,807,2026-10-01 05:22:27,skyrider_sword,Skyrider Sword,weapon,3,1,,,,2026-10-01,2026-10,False,False,True
main,887284572,60,9,Standard,200,808,2026-10-01 05:22:34,slingshot,Slingshot,weapon,3,1,,,,2026-10-01,2026-10,False,False,True
main,887284572,60,9,Weapon Event,,1,2023-09-03 01:39:26,ferrous_shadow,Ferrous Shadow,weapon,3,1,,,True,2023-09-03,2023-09,False,False,True
main,887284572,60,9,Weapon Event,,2,2023-09-03 01:39:36,harbinger_of_dawn,Harbinger of Dawn,weapon,3,1,,,True,2023-09-03,2023-09,False,False,True
main,887284572,60,9,Weapon Event,,3,2023-09-03 01:39:45,harbinger_of_dawn,Harbinger of Dawn,weapon,3,1,,,True,2023-09-03,2023-09,False,False,True
main,887284572,60,9,Weapon Event,,4,2023-09-03 01:39:54,magic_guide,Magic Guide,weapon,3,1,,,True,2023-09-03,2023-09,False,False,True
main,887284572,60,9,Weapon Event,,5,2023-09-03 19:41:32,emerald_orb,Emerald Orb,weapon,3,1,,,True,2023-09-03,2023-09,False,False,True
main,887284572,60,9,Weapon Event,,6,2023-11-05 20:38:56,skyrider_sword,Skyrider Sword,weapon,3,1,,,True,2023-11-05,2023-11,False,False,True
main,887284572,60,9,Weapon Event,,7,2023-11-05 20:39:06,slingshot,Slingshot,weapon,3,1,,,True,2023-11-05,2023-11,False,False,True
main,887284572,60,9,Weapon Event,,8,2023-11-05 20:39:14,sharpshooters_oath,Sharpshooter's Oath,weapon,3,1,,,True,2023-11-05,2023-11,False,False,True
main,887284572,60,9,Weapon Event,,9,2023-11-05 20:39:21,rainslasher,Rainslasher,weapon,4,9,1.0,Win,True,2023-11-05,2023-11,False,True,False
main,887284572,60,9,Weapon Event,,10,2023-11-05 20:39:33,skyrider_sword,Skyrider Sword,weapon,3,1,,,True,2023-11-05,2023-11,False,False,True
main,887284572,60,9,Weapon Event,,11,2024-03-21 04:45:21,harbinger_of_dawn,Harbinger of Dawn,weapon,3,1,,,True,2024-03-21,2024-03,False,False,True
main,887284572,60,9,Weapon Event,,12,2024-03-21 04:45:28,debate_club,Debate Club,weapon,3,1,,,True,2024-03-21,2024-03,False,False,True
main,887284572,60,9,Weapon Event,,13,2024-03-21 04:45:34,bloodtainted_greatsword,Bloodtainted Greatsword,weapon,3,1,,,True,2024-03-21,2024-03,False,False,True
main,887284572,60,9,Weapon Event,,14,2024-03-21 04:45:40,magic_guide,Magic Guide,weapon,3,1,,,True,2024-03-21,2024-03,False,False,True
main,887284572,60,9,Weapon Event,,15,2024-03-21 04:45:54,raven_bow,Raven Bow,weapon,3,1,,,True,2024-03-21,2024-03,False,False,True
main,887284572,60,9,Weapon Event,,16,2024-03-21 04:46:01,sharpshooters_oath,Sharpshooter's Oath,weapon,3,1,,,True,2024-03-21,2024-03,False,False,True
main,887284572,60,9,Weapon Event,,17,2024-04-10 16:54:06,favonius_lance,Favonius Lance,weapon,4,8,1.0,Win,True,2024-04-10,2024-04,False,True,False
main,887284572,60,9,Weapon Event,,18,2024-04-10 16:54:14,ferrous_shadow,Ferrous Shadow,weapon,3,1,,,True,2024-04-10,2024-04,False,False,True
main,887284572,60,9,Weapon Event,,19,2024-04-10 16:54:19,bloodtainted_greatsword,Bloodtainted Greatsword,weapon,3,1,,,True,2024-04-10,2024-04,False,False,True
main,887284572,60,9,Weapon Event,,20,2024-04-10 16:54:25,raven_bow,Raven Bow,weapon,3,1,,,True,2024-04-10,2024-04,False,False,True
main,887284572,60,9,Weapon Event,,21,2024-04-10 16:54:32,black_tassel,Black Tassel,weapon,3,1,,,True,2024-04-10,2024-04,False,False,True
main,887284572,60,9,Weapon Event,,22,2024-04-10 16:54:44,freedom-sworn,Freedom-Sworn,weapon,5,22,1.0,Win,True,2024-04-10,2024-04,True,False,False
main,887284572,60,9,Weapon Event,,23,2024-04-10 16:55:01,harbinger_of_dawn,Harbinger of Dawn,weapon,3,1,,,True,2024-04-10,2024-04,False,False,True
main,887284572,60,9,Weapon Event,,24,2024-04-11 05:07:10,black_tassel,Black Tassel,weapon,3,1,,,True,2024-04-11,2024-04,False,False,True
main,887284572,60,9,Weapon Event,,25,2024-04-11 05:07:34,wolfs_gravestone,Wolf's Gravestone,weapon,5,3,0.0,Lose,True,2024-04-11,2024-04,True,False,False
main,887284572,60,9,Weapon Event,,26,2024-04-11 05:07:42,wine_and_song,Wine and Song,weapon,4,9,1.0,Win,True,2024-04-11,2024-04,False,True,False
main,887284572,60,9,Weapon Event,,27,2024-04-11 05:08:01,harbinger_of_dawn,Harbinger of Dawn,weapon,3,1,,,True,2024-04-11,2024-04,False,False,True
main,887284572,60,9,Weapon Event,,28,2024-04-11 05:08:06,cool_steel,Cool Steel,weapon,3,1,,,True,2024-04-11,2024-04,False,False,True
main,887284572,60,9,Weapon Event,,29,2024-04-11 05:08:12,ferrous_shadow,Ferrous Shadow,weapon,3,1,,,True,2024-04-11,2024-04,False,False,True
main,887284572,60,9,Weapon Event,,30,2024-04-11 19:23:10,thrilling_tales_of_dragon_slayers,Thrilling Tales of Dragon Slayers,weapon,3,1,,,True,2024-04-11,2024-04,False,False,True
main,887284572,60,9,Weapon Event,,31,2024-04-11 19:23:23,black_tassel,Black Tassel,weapon,3,1,,,True,2024-04-11,2024-04,False,False,True
main,887284572,60,9,Weapon Event,,32,2024-04-12 06:04:19,ferrous_shadow,Ferrous Shadow,weapon,3,1,,,True,2024-04-12,2024-04,False,False,True
main,887284572,60,9,Weapon Event,,33,2024-04-12 21:00:28,skyrider_sword,Skyrider Sword,weapon,3,1,,,True,2024-04-12,2024-04,False,False,True
main,887284572,60,9,Weapon Event,,34,2024-04-12 21:00:36,ferrous_shadow,Ferrous Shadow,weapon,3,1,,,True,2024-04-12,2024-04,False,False,True
main,887284572,60,9,Weapon Event,,35,2024-04-13 05:07:26,wine_and_song,Wine and Song,weapon,4,9,1.0,Win,True,2024-04-13,2024-04,False,True,False
main,887284572,60,9,Weapon Event,,36,2024-04-14 06:22:39,magic_guide,Magic Guide,weapon,3,1,,,True,2024-04-14,2024-04,False,False,True
main,887284572,60,9,Weapon Event,,37,2024-04-15 06:11:03,thrilling_tales_of_dragon_slayers,Thrilling Tales of Dragon Slayers,weapon,3,1,,,True,2024-04-15,2024-04,False,False,True
main,887284572,60,9,Weapon Event,,38,2024-04-16 04:22:22,emerald_orb,Emerald Orb,weapon,3,1,,,True,2024-04-16,2024-04,False,False,True
main,887284572,60,9,Weapon Event,,39,2024-04-16 05:10:15,ferrous_shadow,Ferrous Shadow,weapon,3,1,,,True,2024-04-16,2024-04,False,False,True
main,887284572,60,9,Weapon Event,,40,2024-04-16 05:10:23,cool_steel,Cool Steel,weapon,3,1,,,True,2024-04-16,2024-04,False,False,True
main,887284572,60,9,Weapon Event,,41,2024-04-16 05:10:30,ferrous_shadow,Ferrous Shadow,weapon,3,1,,,True,2024-04-16,2024-04,False,False,True
main,887284572,60,9,Weapon Event,,42,2024-04-17 07:15:07,magic_guide,Magic Guide,weapon,3,1,,,True,2024-04-17,2024-04,False,False,True
main,887284572,60,9,Weapon Event,,43,2024-04-17 07:15:20,beidou,Beidou,character,4,8,0.0,Lose,True,2024-04-17,2024-04,False,True,False
main,887284572,60,9,Weapon Event,,44,2024-04-17 07:15:31,magic_guide,Magic Guide,weapon,3,1,,,True,2024-04-17,2024-04,False,False,True
main,887284572,60,9,Weapon Event,,45,2024-04-18 07:46:46,tome_of_the_eternal_flow,Tome of the Eternal Flow,weapon,5,20,2.0,Guaranteed,True,2024-04-18,2024-04,True,False,False
main,887284572,60,9,Weapon Event,,46,2024-04-24 11:12:39,emerald_orb,Emerald Orb,weapon,3,1,,,True,2024-04-24,2024-04,False,False,True
main,887284572,60,9,Weapon Event,,47,2024-04-24 11:12:39,magic_guide,Magic Guide,weapon,3,1,,,True,2024-04-24,2024-04,False,False,True
main,887284572,60,9,Weapon Event,,48,2024-04-24 11:12:39,slingshot,Slingshot,weapon,3,1,,,True,2024-04-24,2024-04,False,False,True
main,887284572,60,9,Weapon Event,,49,2024-04-24 11:12:39,dragons_bane,Dragon's Bane,weapon,4,6,2.0,Guaranteed,True,2024-04-24,2024-04,False,True,False
main,887284572,60,9,Weapon Event,,50,2024-04-24 11:12:39,debate_club,Debate Club,weapon,3,1,,,True,2024-04-24,2024-04,False,False,True
main,887284572,60,9,Weapon Event,,51,2024-04-24 11:12:39,raven_bow,Raven Bow,weapon,3,1,,,True,2024-04-24,2024-04,False,False,True
main,887284572,60,9,Weapon Event,,52,2024-04-24 11:12:39,magic_guide,Magic Guide,weapon,3,1,,,True,2024-04-24,2024-04,False,False,True
main,887284572,60,9,Weapon Event,,53,2024-04-24 11:12:39,skyrider_sword,Skyrider Sword,weapon,3,1,,,True,2024-04-24,2024-04,False,False,True
main,887284572,60,9,Weapon Event,,54,2024-04-24 11:12:39,slingshot,Slingshot,weapon,3,1,,,True,2024-04-24,2024-04,False,False,True
main,887284572,60,9,Weapon Event,,55,2024-04-24 11:12:39,thrilling_tales_of_dragon_slayers,Thrilling Tales of Dragon Slayers,weapon,3,1,,,True,2024-04-24,2024-04,False,False,True
main,887284572,60,9,Weapon Event,,56,2024-04-24 16:56:31,bloodtainted_greatsword,Bloodtainted Greatsword,weapon,3,1,,,True,2024-04-24,2024-04,False,False,True
main,887284572,60,9,Weapon Event,,57,2024-04-24 16:56:40,thrilling_tales_of_dragon_slayers,Thrilling Tales of Dragon Slayers,weapon,3,1,,,True,2024-04-24,2024-04,False,False,True
main,887284572,60,9,Weapon Event,,58,2024-04-24 17:05:14,xinyan,Xinyan,character,4,9,0.0,Lose,True,2024-04-24,2024-04,False,True,False
main,887284572,60,9,Weapon Event,,59,2024-04-24 18:43:33,slingshot,Slingshot,weapon,3,1,,,True,2024-04-24,2024-04,False,False,True
main,887284572,60,9,Weapon Event,,60,2024-04-24 20:25:29,ferrous_shadow,Ferrous Shadow,weapon,3,1,,,True,2024-04-24,2024-04,False,False,True
main,887284572,60,9,Weapon Event,,61,2024-06-05 11:17:32,slingshot,Slingshot,weapon,3,1,,,True,2024-06-05,2024-06,False,False,True
main,887284572,60,9,Weapon Event,,62,2024-06-05 11:17:32,debate_club,Debate Club,weapon,3,1,,,True,2024-06-05,2024-06,False,False,True
main,887284572,60,9,Weapon Event,,63,2024-06-05 11:17:32,slingshot,Slingshot,weapon,3,1,,,True,2024-06-05,2024-06,False,False,True
main,887284572,60,9,Weapon Event,,64,2024-06-05 11:17:32,aquila_favonia,Aquila Favonia,weapon,5,19,0.0,Lose,True,2024-06-05,2024-06,True,False,False
main,887284572,60,9,Weapon Event,,65,2024-06-05 11:17:32,bloodtainted_greatsword,Bloodtainted Greatsword,weapon,3,1,,,True,2024-06-05,2024-06,False,False,True
main,887284572,60,9,Weapon Event,,66,2024-06-05 11:17:32,the_widsith,The Widsith,weapon,4,8,2.0,Guaranteed,True,2024-06-05,2024-06,False,True,False
main,887284572,60,9,Weapon Event,,67,2024-06-05 11:17:32,ferrous_shadow,Ferrous Shadow,weapon,3,1,,,True,2024-06-05,2024-06,False,False,True
main,887284572,60,9,Weapon Event,,68,2024-06-05 11:17:32,emerald_orb,Emerald Orb,weapon,3,1,,,True,2024-06-05,2024-06,False,False,True
main,887284572,60,9,Weapon Event,,69,2024-06-05 11:17:32,slingshot,Slingshot,weapon,3,1,,,True,2024-06-05,2024-06,False,False,True
main,887284572,60,9,Weapon Event,,70,2024-06-05 11:17:32,cool_steel,Cool Steel,weapon,3,1,,,True,2024-06-05,2024-06,False,False,True
main,887284572,60,9,Weapon Event,,71,2024-06-05 11:18:12,sharpshooters_oath,Sharpshooter's Oath,weapon,3,1,,,True,2024-06-05,2024-06,False,False,True
main,887284572,60,9,Weapon Event,,72,2024-06-05 11:18:12,magic_guide,Magic Guide,weapon,3,1,,,True,2024-06-05,2024-06,False,False,True
main,887284572,60,9,Weapon Event,,73,2024-06-05 11:18:12,cool_steel,Cool Steel,weapon,3,1,,,True,2024-06-05,2024-06,False,False,True
main,887284572,60,9,Weapon Event,,74,2024-06-05 11:18:12,sacrificial_sword,Sacrificial Sword,weapon,4,8,1.0,Win,True,2024-06-05,2024-06,False,True,False
main,887284572,60,9,Weapon Event,,75,2024-06-05 11:18:12,slingshot,Slingshot,weapon,3,1,,,True,2024-06-05,2024-06,False,False,True
main,887284572,60,9,Weapon Event,,76,2024-06-05 11:18:12,emerald_orb,Emerald Orb,weapon,3,1,,,True,2024-06-05,2024-06,False,False,True
main,887284572,60,9,Weapon Event,,77,2024-06-05 11:18:12,sharpshooters_oath,Sharpshooter's Oath,weapon,3,1,,,True,2024-06-05,2024-06,False,False,True
main,887284572,60,9,Weapon Event,,78,2024-06-05 11:18:12,lithic_spear,Lithic Spear,weapon,4,4,1.0,Win,True,2024-06-05,2024-06,False,True,False
main,887284572,60,9,Weapon Event,,79,2024-06-05 11:18:12,magic_guide,Magic Guide,weapon,3,1,,,True,2024-06-05,2024-06,False,False,True
main,887284572,60,9,Weapon Event,,80,2024-06-05 11:18:12,magic_guide,Magic Guide,weapon,3,1,,,True,2024-06-05,2024-06,False,False,True
main,887284572,60,9,Weapon Event,,81,2024-06-05 11:19:43,black_tassel,Black Tassel,weapon,3,1,,,True,2024-06-05,2024-06,False,False,True
main,887284572,60,9,Weapon Event,,82,2024-06-05 11:19:43,sharpshooters_oath,Sharpshooter's Oath,weapon,3,1,,,True,2024-06-05,2024-06,False,False,True
main,887284572,60,9,Weapon Event,,83,2024-06-05 11:19:43,the_stringless,The Stringless,weapon,4,5,1.0,Win,True,2024-06-05,2024-06,False,True,False
main,887284572,60,9,Weapon Event,,84,2024-06-05 11:19:43,cool_steel,Cool Steel,weapon,3,1,,,True,2024-06-05,2024-06,False,False,True
main,887284572,60,9,Weapon Event,,85,2024-06-05 11:19:43,sharpshooters_oath,Sharpshooter's Oath,weapon,3,1,,,True,2024-06-05,2024-06,False,False,True
main,887284572,60,9,Weapon Event,,86,2024-06-05 11:19:43,magic_guide,Magic Guide,weapon,3,1,,,True,2024-06-05,2024-06,False,False,True
main,887284572,60,9,Weapon Event,,87,2024-06-05 11:19:43,debate_club,Debate Club,weapon,3,1,,,True,2024-06-05,2024-06,False,False,True
main,887284572,60,9,Weapon Event,,88,2024-06-05 11:19:43,debate_club,Debate Club,weapon,3,1,,,True,2024-06-05,2024-06,False,False,True
main,887284572,60,9,Weapon Event,,89,2024-06-05 11:19:43,harbinger_of_dawn,Harbinger of Dawn,weapon,3,1,,,True,2024-06-05,2024-06,False,False,True
main,887284572,60,9,Weapon Event,,90,2024-06-05 11:19:43,harbinger_of_dawn,Harbinger of Dawn,weapon,3,1,,,True,2024-06-05,2024-06,False,False,True
main,887284572,60,9,Weapon Event,,91,2024-06-05 11:19:54,charlotte,Charlotte,character,4,8,0.0,Lose,True,2024-06-05,2024-06,False,True,False
main,887284572,60,9,Weapon Event,,92,2024-06-05 11:19:54,thrilling_tales_of_dragon_slayers,Thrilling Tales of Dragon Slayers,weapon,3,1,,,True,2024-06-05,2024-06,False,False,True
main,887284572,60,9,Weapon Event,,93,2024-06-05 11:19:54,slingshot,Slingshot,weapon,3,1,,,True,2024-06-05,2024-06,False,False,True
main,887284572,60,9,Weapon Event,,94,2024-06-05 11:19:54,lithic_spear,Lithic Spear,weapon,4,3,2.0,Guaranteed,True,2024-06-05,2024-06,False,True,False
main,887284572,60,9,Weapon Event,,95,2024-06-05 11:19:54,emerald_orb,Emerald Orb,weapon,3,1,,,True,2024-06-05,2024-06,False,False,True
main,887284572,60,9,Weapon Event,,96,2024-06-05 11:19:54,thrilling_tales_of_dragon_slayers,Thrilling Tales of Dragon Slayers,weapon,3,1,,,True,2024-06-05,2024-06,False,False,True
main,887284572,60,9,Weapon Event,,97,2024-06-05 11:19:54,emerald_orb,Emerald Orb,weapon,3,1,,,True,2024-06-05,2024-06,False,False,True
main,887284572,60,9,Weapon Event,,98,2024-06-05 11:19:54,sharpshooters_oath,Sharpshooter's Oath,weapon,3,1,,,True,2024-06-05,2024-06,False,False,True
main,887284572,60,9,Weapon Event,,99,2024-06-05 11:19:54,raven_bow,Raven Bow,weapon,3,1,,,True,2024-06-05,2024-06,False,False,True
main,887284572,60,9,Weapon Event,,100,2024-06-05 11:19:54,emerald_orb,Emerald Orb,weapon,3,1,,,True,2024-06-05,2024-06,False,False,True
main,887284572,60,9,Weapon Event,,101,2024-06-05 11:25:16,raven_bow,Raven Bow,weapon,3,1,,,True,2024-06-05,2024-06,False,False,True
main,887284572,60,9,Weapon Event,,102,2024-06-05 11:25:23,layla,Layla,character,4,8,0.0,Lose,True,2024-06-05,2024-06,False,True,False
main,887284572,60,9,Weapon Event,,103,2024-06-05 11:25:30,magic_guide,Magic Guide,weapon,3,1,,,True,2024-06-05,2024-06,False,False,True
main,887284572,60,9,Weapon Event,,104,2024-06-05 11:25:35,cool_steel,Cool Steel,weapon,3,1,,,True,2024-06-05,2024-06,False,False,True
main,887284572,60,9,Weapon Event,,105,2024-06-06 10:30:07,sharpshooters_oath,Sharpshooter's Oath,weapon,3,1,,,True,2024-06-06,2024-06,False,False,True
main,887284572,60,9,Weapon Event,,106,2024-06-07 06:38:02,skyrider_sword,Skyrider Sword,weapon,3,1,,,True,2024-06-07,2024-06,False,False,True
main,887284572,60,9,Weapon Event,,107,2024-06-07 13:34:52,slingshot,Slingshot,weapon,3,1,,,True,2024-06-07,2024-06,False,False,True
main,887284572,60,9,Weapon Event,,108,2024-06-07 13:35:00,magic_guide,Magic Guide,weapon,3,1,,,True,2024-06-07,2024-06,False,False,True
main,887284572,60,9,Weapon Event,,109,2024-06-07 19:23:07,the_stringless,The Stringless,weapon,4,7,2.0,Guaranteed,True,2024-06-07,2024-06,False,True,False
main,887284572,60,9,Weapon Event,,110,2024-06-07 19:23:23,slingshot,Slingshot,weapon,3,1,,,True,2024-06-07,2024-06,False,False,True
main,887284572,60,9,Weapon Event,,111,2024-06-08 08:25:39,magic_guide,Magic Guide,weapon,3,1,,,True,2024-06-08,2024-06,False,False,True
main,887284572,60,9,Weapon Event,,112,2024-06-08 12:33:37,the_stringless,The Stringless,weapon,4,3,1.0,Win,True,2024-06-08,2024-06,False,True,False
main,887284572,60,9,Weapon Event,,113,2024-06-08 12:33:47,bloodtainted_greatsword,Bloodtainted Greatsword,weapon,3,1,,,True,2024-06-08,2024-06,False,False,True
main,887284572,60,9,Weapon Event,,114,2024-06-09 08:40:48,sacrificial_greatsword,Sacrificial Greatsword,weapon,4,2,1.0,Win,True,2024-06-09,2024-06,False,True,False
main,887284572,60,9,Weapon Event,,115,2024-06-09 08:40:57,skyrider_sword,Skyrider Sword,weapon,3,1,,,True,2024-06-09,2024-06,False,False,True
main,887284572,60,9,Weapon Event,,116,2024-06-09 08:41:03,sharpshooters_oath,Sharpshooter's Oath,weapon,3,1,,,True,2024-06-09,2024-06,False,False,True
main,887284572,60,9,Weapon Event,,117,2024-06-09 08:41:33,skyrider_sword,Skyrider Sword,weapon,3,1,,,True,2024-06-09,2024-06,False,False,True
main,887284572,60,9,Weapon Event,,118,2024-06-10 11:05:30,debate_club,Debate Club,weapon,3,1,,,True,2024-06-10,2024-06,False,False,True
main,887284572,60,9,Weapon Event,,119,2024-06-11 14:27:08,sharpshooters_oath,Sharpshooter's Oath,weapon,3,1,,,True,2024-06-11,2024-06,False,False,True
main,887284572,60,9,Weapon Event,,120,2024-06-11 14:27:17,magic_guide,Magic Guide,weapon,3,1,,,True,2024-06-11,2024-06,False,False,True
main,887284572,60,9,Weapon Event,,121,2024-06-12 11:27:36,emerald_orb,Emerald Orb,weapon,3,1,,,True,2024-06-12,2024-06,False,False,True
main,887284572,60,9,Weapon Event,,122,2024-06-13 12:32:17,the_stringless,The Stringless,weapon,4,8,1.0,Win,True,2024-06-13,2024-06,False,True,False
main,887284572,60,9,Weapon Event,,123,2024-06-14 07:35:09,sharpshooters_oath,Sharpshooter's Oath,weapon,3,1,,,True,2024-06-14,2024-06,False,False,True
main,887284572,60,9,Weapon Event,,124,2024-06-14 16:35:03,slingshot,Slingshot,weapon,3,1,,,True,2024-06-14,2024-06,False,False,True
main,887284572,60,9,Weapon Event,,125,2024-06-14 16:35:10,thrilling_tales_of_dragon_slayers,Thrilling Tales of Dragon Slayers,weapon,3,1,,,True,2024-06-14,2024-06,False,False,True
main,887284572,60,9,Weapon Event,,126,2024-06-15 10:19:29,ferrous_shadow,Ferrous Shadow,weapon,3,1,,,True,2024-06-15,2024-06,False,False,True
main,887284572,60,9,Weapon Event,,127,2024-06-16 10:24:01,ferrous_shadow,Ferrous Shadow,weapon,3,1,,,True,2024-06-16,2024-06,False,False,True
main,887284572,60,9,Weapon Event,,128,2024-06-16 10:24:10,slingshot,Slingshot,weapon,3,1,,,True,2024-06-16,2024-06,False,False,True
main,887284572,60,9,Weapon Event,,129,2024-06-16 10:24:16,cool_steel,Cool Steel,weapon,3,1,,,True,2024-06-16,2024-06,False,False,True
main,887284572,60,9,Weapon Event,,130,2024-06-16 10:24:24,sacrificial_sword,Sacrificial Sword,weapon,4,8,1.0,Win,True,2024-06-16,2024-06,False,True,False
main,887284572,60,9,Weapon Event,,131,2024-06-16 10:24:32,the_stringless,The Stringless,weapon,4,1,1.0,Win,True,2024-06-16,2024-06,False,True,False
main,887284572,60,9,Weapon Event,,132,2024-06-16 10:24:55,debate_club,Debate Club,weapon,3,1,,,True,2024-06-16,2024-06,False,False,True
main,887284572,60,9,Weapon Event,,133,2024-06-16 13:20:47,bloodtainted_greatsword,Bloodtainted Greatsword,weapon,3,1,,,True,2024-06-16,2024-06,False,False,True
main,887284572,60,9,Weapon Event,,134,2024-06-17 04:16:21,light_of_foliar_incision,Light of Foliar Incision,weapon,5,70,2.0,Guaranteed,True,2024-06-17,2024-06,True,False,False
main,887284572,60,9,Weapon Event,,135,2024-06-17 04:16:52,slingshot,Slingshot,weapon,3,1,,,True,2024-06-17,2024-06,False,False,True
main,887284572,60,9,Weapon Event,,136,2024-06-20 11:57:15,magic_guide,Magic Guide,weapon,3,1,,,True,2024-06-20,2024-06,False,False,True
main,887284572,60,9,Weapon Event,,137,2024-06-20 11:57:23,slingshot,Slingshot,weapon,3,1,,,True,2024-06-20,2024-06,False,False,True
main,887284572,60,9,Weapon Event,,138,2024-06-20 11:57:29,bloodtainted_greatsword,Bloodtainted Greatsword,weapon,3,1,,,True,2024-06-20,2024-06,False,False,True
main,887284572,60,9,Weapon Event,,139,2024-06-22 13:52:29,sacrificial_greatsword,Sacrificial Greatsword,weapon,4,8,1.0,Win,True,2024-06-22,2024-06,False,True,False
main,887284572,60,9,Weapon Event,,140,2024-06-22 14:04:19,raven_bow,Raven Bow,weapon,3,1,,,True,2024-06-22,2024-06,False,False,True
main,887284572,60,9,Weapon Event,,141,2024-06-23 04:42:17,ferrous_shadow,Ferrous Shadow,weapon,3,1,,,True,2024-06-23,2024-06,False,False,True
main,887284572,60,9,Weapon Event,,142,2024-06-24 13:49:16,cool_steel,Cool Steel,weapon,3,1,,,True,2024-06-24,2024-06,False,False,True
main,887284572,60,9,Weapon Event,,143,2024-06-25 12:41:16,raven_bow,Raven Bow,weapon,3,1,,,True,2024-06-25,2024-06,False,False,True
main,887284572,60,9,Weapon Event,,144,2024-06-28 14:30:48,bloodtainted_greatsword,Bloodtainted Greatsword,weapon,3,1,,,True,2024-06-28,2024-06,False,False,True
main,887284572,60,9,Weapon Event,,145,2024-07-08 04:39:54,sharpshooters_oath,Sharpshooter's Oath,weapon,3,1,,,True,2024-07-08,2024-07,False,False,True
main,887284572,60,9,Weapon Event,,146,2024-07-08 04:40:02,debate_club,Debate Club,weapon,3,1,,,True,2024-07-08,2024-07,False,False,True
main,887284572,60,9,Weapon Event,,147,2024-07-08 04:40:10,sacrificial_bow,Sacrificial Bow,weapon,4,8,1.0,Win,True,2024-07-08,2024-07,False,True,False
main,887284572,60,9,Weapon Event,,148,2024-07-08 04:40:21,slingshot,Slingshot,weapon,3,1,,,True,2024-07-08,2024-07,False,False,True
main,887284572,60,9,Weapon Event,,149,2024-07-08 04:40:29,skyrider_sword,Skyrider Sword,weapon,3,1,,,True,2024-07-08,2024-07,False,False,True
main,887284572,60,9,Weapon Event,,150,2024-07-08 04:40:48,sharpshooters_oath,Sharpshooter's Oath,weapon,3,1,,,True,2024-07-08,2024-07,False,False,True
main,887284572,60,9,Weapon Event,,151,2024-07-09 05:38:31,debate_club,Debate Club,weapon,3,1,,,True,2024-07-09,2024-07,False,False,True
main,887284572,60,9,Weapon Event,,152,2024-07-10 13:24:13,ferrous_shadow,Ferrous Shadow,weapon,3,1,,,True,2024-07-10,2024-07,False,False,True
main,887284572,60,9,Weapon Event,,153,2024-07-10 13:32:42,debate_club,Debate Club,weapon,3,1,,,True,2024-07-10,2024-07,False,False,True
main,887284572,60,9,Weapon Event,,154,2024-07-11 14:39:53,emerald_orb,Emerald Orb,weapon,3,1,,,True,2024-07-11,2024-07,False,False,True
main,887284572,60,9,Weapon Event,,155,2024-07-13 04:25:39,lithic_blade,Lithic Blade,weapon,4,8,1.0,Win,True,2024-07-13,2024-07,False,True,False
main,887284572,60,9,Weapon Event,,156,2024-07-13 04:25:57,skyrider_sword,Skyrider Sword,weapon,3,1,,,True,2024-07-13,2024-07,False,False,True
main,887284572,60,9,Weapon Event,,157,2024-07-14 08:52:22,harbinger_of_dawn,Harbinger of Dawn,weapon,3,1,,,True,2024-07-14,2024-07,False,False,True
main,887284572,60,9,Weapon Event,,158,2024-07-15 12:22:08,thrilling_tales_of_dragon_slayers,Thrilling Tales of Dragon Slayers,weapon,3,1,,,True,2024-07-15,2024-07,False,False,True
main,887284572,60,9,Weapon Event,,159,2024-07-16 04:16:01,lions_roar,Lion's Roar,weapon,4,4,1.0,Win,True,2024-07-16,2024-07,False,True,False
main,887284572,60,9,Weapon Event,,160,2024-07-23 14:00:47,cool_steel,Cool Steel,weapon,3,1,,,True,2024-07-23,2024-07,False,False,True
main,887284572,60,9,Weapon Event,,161,2024-07-23 14:00:56,emerald_orb,Emerald Orb,weapon,3,1,,,True,2024-07-23,2024-07,False,False,True
main,887284572,60,9,Weapon Event,,162,2024-07-23 16:50:51,thrilling_tales_of_dragon_slayers,Thrilling Tales of Dragon Slayers,weapon,3,1,,,True,2024-07-23,2024-07,False,False,True
main,887284572,60,9,Weapon Event,,163,2024-07-24 08:43:45,cool_steel,Cool Steel,weapon,3,1,,,True,2024-07-24,2024-07,False,False,True
main,887284572,60,9,Weapon Event,,164,2024-07-25 14:18:05,emerald_orb,Emerald Orb,weapon,3,1,,,True,2024-07-25,2024-07,False,False,True
main,887284572,60,9,Weapon Event,,165,2024-07-26 13:22:37,skyrider_sword,Skyrider Sword,weapon,3,1,,,True,2024-07-26,2024-07,False,False,True
main,887284572,60,9,Weapon Event,,166,2024-07-26 13:22:45,ferrous_shadow,Ferrous Shadow,weapon,3,1,,,True,2024-07-26,2024-07,False,False,True
main,887284572,60,9,Weapon Event,,167,2024-07-27 09:40:38,rust,Rust,weapon,4,8,1.0,Win,True,2024-07-27,2024-07,False,True,False
main,887284572,60,9,Weapon Event,,168,2024-07-28 13:41:48,raven_bow,Raven Bow,weapon,3,1,,,True,2024-07-28,2024-07,False,False,True
main,887284572,60,9,Weapon Event,,169,2024-07-29 09:26:54,slingshot,Slingshot,weapon,3,1,,,True,2024-07-29,2024-07,False,False,True
main,887284572,60,9,Weapon Event,,170,2024-08-01 07:48:31,thrilling_tales_of_dragon_slayers,Thrilling Tales of Dragon Slayers,weapon,3,1,,,True,2024-08-01,2024-08,False,False,True
main,887284572,60,9,Weapon Event,,171,2024-08-01 07:48:37,bloodtainted_greatsword,Bloodtainted Greatsword,weapon,3,1,,,True,2024-08-01,2024-08,False,False,True
main,887284572,60,9,Weapon Event,,172,2024-08-01 07:48:43,black_tassel,Black Tassel,weapon,3,1,,,True,2024-08-01,2024-08,False,False,True
main,887284572,60,9,Weapon Event,,173,2024-08-01 07:48:49,rust,Rust,weapon,4,6,1.0,Win,True,2024-08-01,2024-08,False,True,False
main,887284572,60,9,Weapon Event,,174,2024-08-01 07:48:57,rust,Rust,weapon,4,1,1.0,Win,True,2024-08-01,2024-08,False,True,False
main,887284572,60,9,Weapon Event,,175,2024-08-01 07:49:17,sharpshooters_oath,Sharpshooter's Oath,weapon,3,1,,,True,2024-08-01,2024-08,False,False,True
main,887284572,60,9,Weapon Event,,176,2024-08-01 07:49:23,debate_club,Debate Club,weapon,3,1,,,True,2024-08-01,2024-08,False,False,True
main,887284572,60,9,Weapon Event,,177,2024-08-01 07:50:03,rust,Rust,weapon,4,3,1.0,Win,True,2024-08-01,2024-08,False,True,False
main,887284572,60,9,Weapon Event,,178,2024-08-01 08:43:01,raven_bow,Raven Bow,weapon,3,1,,,True,2024-08-01,2024-08,False,False,True
main,887284572,60,9,Weapon Event,,179,2024-08-01 08:43:09,debate_club,Debate Club,weapon,3,1,,,True,2024-08-01,2024-08,False,False,True
main,887284572,60,9,Weapon Event,,180,2024-08-01 08:43:15,cool_steel,Cool Steel,weapon,3,1,,,True,2024-08-01,2024-08,False,False,True
main,887284572,60,9,Weapon Event,,181,2024-08-01 08:43:23,harbinger_of_dawn,Harbinger of Dawn,weapon,3,1,,,True,2024-08-01,2024-08,False,False,True
main,887284572,60,9,Weapon Event,,182,2024-08-02 07:51:10,sharpshooters_oath,Sharpshooter's Oath,weapon,3,1,,,True,2024-08-02,2024-08,False,False,True
main,887284572,60,9,Weapon Event,,183,2024-08-03 04:19:31,cool_steel,Cool Steel,weapon,3,1,,,True,2024-08-03,2024-08,False,False,True
main,887284572,60,9,Weapon Event,,184,2024-08-03 04:19:39,raven_bow,Raven Bow,weapon,3,1,,,True,2024-08-03,2024-08,False,False,True
main,887284572,60,9,Weapon Event,,185,2024-08-03 12:45:29,eye_of_perception,Eye of Perception,weapon,4,8,1.0,Win,True,2024-08-03,2024-08,False,True,False
main,887284572,60,9,Weapon Event,,186,2024-08-03 12:45:36,harbinger_of_dawn,Harbinger of Dawn,weapon,3,1,,,True,2024-08-03,2024-08,False,False,True
main,887284572,60,9,Weapon Event,,187,2024-08-03 12:45:43,sharpshooters_oath,Sharpshooter's Oath,weapon,3,1,,,True,2024-08-03,2024-08,False,False,True
main,887284572,60,9,Weapon Event,,188,2024-08-04 04:09:24,black_tassel,Black Tassel,weapon,3,1,,,True,2024-08-04,2024-08,False,False,True
main,887284572,60,9,Weapon Event,,189,2024-08-05 10:42:31,raven_bow,Raven Bow,weapon,3,1,,,True,2024-08-05,2024-08,False,False,True
main,887284572,60,9,Weapon Event,,190,2024-08-05 10:42:41,thrilling_tales_of_dragon_slayers,Thrilling Tales of Dragon Slayers,weapon,3,1,,,True,2024-08-05,2024-08,False,False,True
main,887284572,60,9,Weapon Event,,191,2024-08-06 17:18:46,magic_guide,Magic Guide,weapon,3,1,,,True,2024-08-06,2024-08,False,False,True
main,887284572,60,9,Weapon Event,,192,2024-08-06 19:32:06,bloodtainted_greatsword,Bloodtainted Greatsword,weapon,3,1,,,True,2024-08-06,2024-08,False,False,True
main,887284572,60,9,Weapon Event,,193,2024-08-07 00:35:37,cool_steel,Cool Steel,weapon,3,1,,,True,2024-08-07,2024-08,False,False,True
main,887284572,60,9,Weapon Event,,194,2024-08-07 00:35:54,wandering_evenstar,Wandering Evenstar,weapon,4,9,1.0,Win,True,2024-08-07,2024-08,False,True,False
main,887284572,60,9,Weapon Event,,195,2024-08-07 00:36:12,magic_guide,Magic Guide,weapon,3,1,,,True,2024-08-07,2024-08,False,False,True
main,887284572,60,9,Weapon Event,,196,2024-08-07 13:43:37,thrilling_tales_of_dragon_slayers,Thrilling Tales of Dragon Slayers,weapon,3,1,,,True,2024-08-07,2024-08,False,False,True
main,887284572,60,9,Weapon Event,,197,2024-08-07 13:50:55,debate_club,Debate Club,weapon,3,1,,,True,2024-08-07,2024-08,False,False,True
main,887284572,60,9,Weapon Event,,198,2024-08-08 10:30:10,harbinger_of_dawn,Harbinger of Dawn,weapon,3,1,,,True,2024-08-08,2024-08,False,False,True
main,887284572,60,9,Weapon Event,,199,2024-08-09 08:09:18,sharpshooters_oath,Sharpshooter's Oath,weapon,3,1,,,True,2024-08-09,2024-08,False,False,True
main,887284572,60,9,Weapon Event,,200,2024-08-09 22:32:53,thrilling_tales_of_dragon_slayers,Thrilling Tales of Dragon Slayers,weapon,3,1,,,True,2024-08-09,2024-08,False,False,True
main,887284572,60,9,Weapon Event,,201,2024-08-09 22:33:01,slingshot,Slingshot,weapon,3,1,,,True,2024-08-09,2024-08,False,False,True
main,887284572,60,9,Weapon Event,,202,2024-08-09 22:33:11,lumidouce_elegy,Lumidouce Elegy,weapon,5,68,1.0,Win,True,2024-08-09,2024-08,True,False,False
main,887284572,60,9,Weapon Event,,203,2024-08-09 22:33:22,makhaira_aquamarine,Makhaira Aquamarine,weapon,4,9,1.0,Win,True,2024-08-09,2024-08,False,True,False
main,887284572,60,9,Weapon Event,,204,2024-08-09 22:33:45,thrilling_tales_of_dragon_slayers,Thrilling Tales of Dragon Slayers,weapon,3,1,,,True,2024-08-09,2024-08,False,False,True
main,887284572,60,9,Weapon Event,,205,2024-08-09 22:33:51,magic_guide,Magic Guide,weapon,3,1,,,True,2024-08-09,2024-08,False,False,True
main,887284572,60,9,Weapon Event,,206,2024-08-10 10:25:38,sharpshooters_oath,Sharpshooter's Oath,weapon,3,1,,,True,2024-08-10,2024-08,False,False,True
main,887284572,60,9,Weapon Event,,207,2024-08-11 06:47:09,sharpshooters_oath,Sharpshooter's Oath,weapon,3,1,,,True,2024-08-11,2024-08,False,False,True
main,887284572,60,9,Weapon Event,,208,2024-08-11 07:14:07,lynette,Lynette,character,4,5,0.0,Lose,True,2024-08-11,2024-08,False,True,False
main,887284572,60,9,Weapon Event,,209,2024-08-11 07:14:49,debate_club,Debate Club,weapon,3,1,,,True,2024-08-11,2024-08,False,False,True
main,887284572,60,9,Weapon Event,,210,2024-08-11 14:02:33,cool_steel,Cool Steel,weapon,3,1,,,True,2024-08-11,2024-08,False,False,True
main,887284572,60,9,Weapon Event,,211,2024-08-12 04:58:04,favonius_warbow,Favonius Warbow,weapon,4,3,2.0,Guaranteed,True,2024-08-12,2024-08,False,True,False
main,887284572,60,9,Weapon Event,,212,2024-08-12 20:28:24,raven_bow,Raven Bow,weapon,3,1,,,True,2024-08-12,2024-08,False,False,True
main,887284572,60,9,Weapon Event,,213,2024-08-13 04:27:57,debate_club,Debate Club,weapon,3,1,,,True,2024-08-13,2024-08,False,False,True
main,887284572,60,9,Weapon Event,,214,2024-08-14 10:01:15,harbinger_of_dawn,Harbinger of Dawn,weapon,3,1,,,True,2024-08-14,2024-08,False,False,True
main,887284572,60,9,Weapon Event,,215,2024-08-14 10:01:25,black_tassel,Black Tassel,weapon,3,1,,,True,2024-08-14,2024-08,False,False,True
main,887284572,60,9,Weapon Event,,216,2024-08-15 15:27:08,thrilling_tales_of_dragon_slayers,Thrilling Tales of Dragon Slayers,weapon,3,1,,,True,2024-08-15,2024-08,False,False,True
main,887284572,60,9,Weapon Event,,217,2024-08-16 04:42:15,bloodtainted_greatsword,Bloodtainted Greatsword,weapon,3,1,,,True,2024-08-16,2024-08,False,False,True
main,887284572,60,9,Weapon Event,,218,2024-08-16 04:42:23,bloodtainted_greatsword,Bloodtainted Greatsword,weapon,3,1,,,True,2024-08-16,2024-08,False,False,True
main,887284572,60,9,Weapon Event,,219,2024-08-16 05:27:39,slingshot,Slingshot,weapon,3,1,,,True,2024-08-16,2024-08,False,False,True
main,887284572,60,9,Weapon Event,,220,2024-08-16 05:28:05,makhaira_aquamarine,Makhaira Aquamarine,weapon,4,9,1.0,Win,True,2024-08-16,2024-08,False,True,False
main,887284572,60,9,Weapon Event,,221,2024-08-16 05:28:14,magic_guide,Magic Guide,weapon,3,1,,,True,2024-08-16,2024-08,False,False,True
main,887284572,60,9,Weapon Event,,222,2024-08-16 05:28:28,skyrider_sword,Skyrider Sword,weapon,3,1,,,True,2024-08-16,2024-08,False,False,True
main,887284572,60,9,Weapon Event,,223,2024-08-16 07:11:50,slingshot,Slingshot,weapon,3,1,,,True,2024-08-16,2024-08,False,False,True
main,887284572,60,9,Weapon Event,,224,2024-08-16 13:50:19,slingshot,Slingshot,weapon,3,1,,,True,2024-08-16,2024-08,False,False,True
main,887284572,60,9,Weapon Event,,225,2024-08-16 13:50:28,cool_steel,Cool Steel,weapon,3,1,,,True,2024-08-16,2024-08,False,False,True
main,887284572,60,9,Weapon Event,,226,2024-08-17 08:25:28,black_tassel,Black Tassel,weapon,3,1,,,True,2024-08-17,2024-08,False,False,True
main,887284572,60,9,Weapon Event,,227,2024-08-17 08:25:37,favonius_warbow,Favonius Warbow,weapon,4,7,1.0,Win,True,2024-08-17,2024-08,False,True,False
main,887284572,60,9,Weapon Event,,228,2024-08-18 09:36:53,harbinger_of_dawn,Harbinger of Dawn,weapon,3,1,,,True,2024-08-18,2024-08,False,False,True
main,887284572,60,9,Weapon Event,,229,2024-08-19 10:42:39,magic_guide,Magic Guide,weapon,3,1,,,True,2024-08-19,2024-08,False,False,True
main,887284572,60,9,Weapon Event,,230,2024-08-20 05:14:07,magic_guide,Magic Guide,weapon,3,1,,,True,2024-08-20,2024-08,False,False,True
main,887284572,60,9,Weapon Event,,231,2024-08-20 19:57:26,ferrous_shadow,Ferrous Shadow,weapon,3,1,,,True,2024-08-20,2024-08,False,False,True
main,887284572,60,9,Weapon Event,,232,2024-08-21 10:38:32,raven_bow,Raven Bow,weapon,3,1,,,True,2024-08-21,2024-08,False,False,True
main,887284572,60,9,Weapon Event,,233,2024-08-23 09:07:03,sharpshooters_oath,Sharpshooter's Oath,weapon,3,1,,,True,2024-08-23,2024-08,False,False,True
main,887284572,60,9,Weapon Event,,234,2024-08-23 21:54:58,debate_club,Debate Club,weapon,3,1,,,True,2024-08-23,2024-08,False,False,True
main,887284572,60,9,Weapon Event,,235,2024-08-24 11:15:20,makhaira_aquamarine,Makhaira Aquamarine,weapon,4,8,1.0,Win,True,2024-08-24,2024-08,False,True,False
main,887284572,60,9,Weapon Event,,236,2024-08-24 11:15:43,charlotte,Charlotte,character,4,1,0.0,Lose,True,2024-08-24,2024-08,False,True,False
main,887284572,60,9,Weapon Event,,237,2024-08-25 10:07:51,ferrous_shadow,Ferrous Shadow,weapon,3,1,,,True,2024-08-25,2024-08,False,False,True
main,887284572,60,9,Weapon Event,,238,2024-08-26 11:34:10,ferrous_shadow,Ferrous Shadow,weapon,3,1,,,True,2024-08-26,2024-08,False,False,True
main,887284572,60,9,Weapon Event,,239,2024-08-26 11:34:18,sharpshooters_oath,Sharpshooter's Oath,weapon,3,1,,,True,2024-08-26,2024-08,False,False,True
main,887284572,60,9,Weapon Event,,240,2024-08-26 21:19:26,harbinger_of_dawn,Harbinger of Dawn,weapon,3,1,,,True,2024-08-26,2024-08,False,False,True
main,887284572,60,9,Weapon Event,,241,2024-08-26 21:19:34,bloodtainted_greatsword,Bloodtainted Greatsword,weapon,3,1,,,True,2024-08-26,2024-08,False,False,True
main,887284572,60,9,Weapon Event,,242,2024-08-27 10:23:32,black_tassel,Black Tassel,weapon,3,1,,,True,2024-08-27,2024-08,False,False,True
main,887284572,60,9,Weapon Event,,243,2024-08-27 10:23:40,debate_club,Debate Club,weapon,3,1,,,True,2024-08-27,2024-08,False,False,True
main,887284572,60,9,Weapon Event,,244,2024-08-28 18:34:54,favonius_greatsword,Favonius Greatsword,weapon,4,8,2.0,Guaranteed,True,2024-08-28,2024-08,False,True,False
main,887284572,60,9,Weapon Event,,245,2024-08-28 18:35:14,cool_steel,Cool Steel,weapon,3,1,,,True,2024-08-28,2024-08,False,False,True
main,887284572,60,9,Weapon Event,,246,2024-08-31 05:47:40,slingshot,Slingshot,weapon,3,1,,,True,2024-08-31,2024-08,False,False,True
main,887284572,60,9,Weapon Event,,247,2024-08-31 05:47:48,black_tassel,Black Tassel,weapon,3,1,,,True,2024-08-31,2024-08,False,False,True
main,887284572,60,9,Weapon Event,,248,2024-09-17 18:26:59,magic_guide,Magic Guide,weapon,3,1,,,True,2024-09-17,2024-09,False,False,True
main,887284572,60,9,Weapon Event,,249,2024-09-17 18:26:59,bloodtainted_greatsword,Bloodtainted Greatsword,weapon,3,1,,,True,2024-09-17,2024-09,False,False,True
main,887284572,60,9,Weapon Event,,250,2024-09-17 18:26:59,slingshot,Slingshot,weapon,3,1,,,True,2024-09-17,2024-09,False,False,True
main,887284572,60,9,Weapon Event,,251,2024-09-17 18:26:59,debate_club,Debate Club,weapon,3,1,,,True,2024-09-17,2024-09,False,False,True
main,887284572,60,9,Weapon Event,,252,2024-09-17 18:26:59,collei,Collei,character,4,8,0.0,Lose,True,2024-09-17,2024-09,False,True,False
main,887284572,60,9,Weapon Event,,253,2024-09-17 18:26:59,slingshot,Slingshot,weapon,3,1,,,True,2024-09-17,2024-09,False,False,True
main,887284572,60,9,Weapon Event,,254,2024-09-17 18:26:59,slingshot,Slingshot,weapon,3,1,,,True,2024-09-17,2024-09,False,False,True
main,887284572,60,9,Weapon Event,,255,2024-09-17 18:26:59,sharpshooters_oath,Sharpshooter's Oath,weapon,3,1,,,True,2024-09-17,2024-09,False,False,True
main,887284572,60,9,Weapon Event,,256,2024-09-17 18:26:59,ferrous_shadow,Ferrous Shadow,weapon,3,1,,,True,2024-09-17,2024-09,False,False,True
main,887284572,60,9,Weapon Event,,257,2024-09-17 18:26:59,debate_club,Debate Club,weapon,3,1,,,True,2024-09-17,2024-09,False,False,True
main,887284572,60,9,Weapon Event,,258,2024-09-18 06:37:10,magic_guide,Magic Guide,weapon,3,1,,,True,2024-09-18,2024-09,False,False,True
main,887284572,60,9,Weapon Event,,259,2024-09-18 06:37:19,bloodtainted_greatsword,Bloodtainted Greatsword,weapon,3,1,,,True,2024-09-18,2024-09,False,False,True
main,887284572,60,9,Weapon Event,,260,2024-09-18 06:37:26,sharpshooters_oath,Sharpshooter's Oath,weapon,3,1,,,True,2024-09-18,2024-09,False,False,True
main,887284572,60,9,Weapon Event,,261,2024-09-18 06:37:34,sacrificial_bow,Sacrificial Bow,weapon,4,9,2.0,Guaranteed,True,2024-09-18,2024-09,False,True,False
main,887284572,60,9,Weapon Event,,262,2024-09-18 06:37:43,raven_bow,Raven Bow,weapon,3,1,,,True,2024-09-18,2024-09,False,False,True
main,887284572,60,9,Weapon Event,,263,2024-09-18 07:26:24,raven_bow,Raven Bow,weapon,3,1,,,True,2024-09-18,2024-09,False,False,True
main,887284572,60,9,Weapon Event,,264,2024-09-18 07:26:32,ferrous_shadow,Ferrous Shadow,weapon,3,1,,,True,2024-09-18,2024-09,False,False,True
main,887284572,60,9,Weapon Event,,265,2024-09-18 07:26:39,ferrous_shadow,Ferrous Shadow,weapon,3,1,,,True,2024-09-18,2024-09,False,False,True
main,887284572,60,9,Weapon Event,,266,2024-09-18 07:26:59,bloodtainted_greatsword,Bloodtainted Greatsword,weapon,3,1,,,True,2024-09-18,2024-09,False,False,True
main,887284572,60,9,Weapon Event,,267,2024-09-18 10:08:54,lost_prayer_to_the_sacred_winds,Lost Prayer to the Sacred Winds,weapon,5,65,0.0,Lose,True,2024-09-18,2024-09,True,False,False
main,887284572,60,9,Weapon Event,,268,2024-09-18 10:09:40,black_tassel,Black Tassel,weapon,3,1,,,True,2024-09-18,2024-09,False,False,True
main,887284572,60,9,Weapon Event,,269,2024-09-18 10:09:48,favonius_lance,Favonius Lance,weapon,4,8,1.0,Win,True,2024-09-18,2024-09,False,True,False
main,887284572,60,9,Weapon Event,,270,2024-09-18 10:10:07,magic_guide,Magic Guide,weapon,3,1,,,True,2024-09-18,2024-09,False,False,True
main,887284572,60,9,Weapon Event,,271,2024-09-18 10:10:51,sacrificial_sword,Sacrificial Sword,weapon,4,2,1.0,Win,True,2024-09-18,2024-09,False,True,False
main,887284572,60,9,Weapon Event,,272,2024-09-19 00:45:27,sacrificial_bow,Sacrificial Bow,weapon,4,1,1.0,Win,True,2024-09-19,2024-09,False,True,False
main,887284572,60,9,Weapon Event,,273,2024-09-19 00:45:33,raven_bow,Raven Bow,weapon,3,1,,,True,2024-09-19,2024-09,False,False,True
main,887284572,60,9,Weapon Event,,274,2024-09-19 07:04:27,bloodtainted_greatsword,Bloodtainted Greatsword,weapon,3,1,,,True,2024-09-19,2024-09,False,False,True
main,887284572,60,9,Weapon Event,,275,2024-09-20 04:33:27,magic_guide,Magic Guide,weapon,3,1,,,True,2024-09-20,2024-09,False,False,True
main,887284572,60,9,Weapon Event,,276,2024-09-21 15:48:05,cool_steel,Cool Steel,weapon,3,1,,,True,2024-09-21,2024-09,False,False,True
main,887284572,60,9,Weapon Event,,277,2024-09-21 16:05:42,harbinger_of_dawn,Harbinger of Dawn,weapon,3,1,,,True,2024-09-21,2024-09,False,False,True
main,887284572,60,9,Weapon Event,,278,2024-09-22 06:54:37,cool_steel,Cool Steel,weapon,3,1,,,True,2024-09-22,2024-09,False,False,True
main,887284572,60,9,Weapon Event,,279,2024-09-23 07:38:23,debate_club,Debate Club,weapon,3,1,,,True,2024-09-23,2024-09,False,False,True
main,887284572,60,9,Weapon Event,,280,2024-09-23 07:52:53,bloodtainted_greatsword,Bloodtainted Greatsword,weapon,3,1,,,True,2024-09-23,2024-09,False,False,True
main,887284572,60,9,Weapon Event,,281,2024-09-24 06:52:28,sacrificial_bow,Sacrificial Bow,weapon,4,9,1.0,Win,True,2024-09-24,2024-09,False,True,False
main,887284572,60,9,Weapon Event,,282,2024-09-24 06:52:45,debate_club,Debate Club,weapon,3,1,,,True,2024-09-24,2024-09,False,False,True
main,887284572,60,9,Weapon Event,,283,2024-09-27 04:55:38,sharpshooters_oath,Sharpshooter's Oath,weapon,3,1,,,True,2024-09-27,2024-09,False,False,True
main,887284572,60,9,Weapon Event,,284,2024-09-27 04:55:46,cool_steel,Cool Steel,weapon,3,1,,,True,2024-09-27,2024-09,False,False,True
main,887284572,60,9,Weapon Event,,285,2024-09-27 04:56:04,bloodtainted_greatsword,Bloodtainted Greatsword,weapon,3,1,,,True,2024-09-27,2024-09,False,False,True
main,887284572,60,9,Weapon Event,,286,2024-09-27 05:16:58,sharpshooters_oath,Sharpshooter's Oath,weapon,3,1,,,True,2024-09-27,2024-09,False,False,True
main,887284572,60,9,Weapon Event,,287,2024-09-27 10:38:39,debate_club,Debate Club,weapon,3,1,,,True,2024-09-27,2024-09,False,False,True
main,887284572,60,9,Weapon Event,,288,2024-09-28 00:47:28,sharpshooters_oath,Sharpshooter's Oath,weapon,3,1,,,True,2024-09-28,2024-09,False,False,True
main,887284572,60,9,Weapon Event,,289,2024-09-28 00:47:37,sacrificial_bow,Sacrificial Bow,weapon,4,8,1.0,Win,True,2024-09-28,2024-09,False,True,False
main,887284572,60,9,Weapon Event,,290,2024-09-28 00:47:52,cool_steel,Cool Steel,weapon,3,1,,,True,2024-09-28,2024-09,False,False,True
main,887284572,60,9,Weapon Event,,291,2024-09-28 00:48:00,sharpshooters_oath,Sharpshooter's Oath,weapon,3,1,,,True,2024-09-28,2024-09,False,False,True
main,887284572,60,9,Weapon Event,,292,2024-09-28 00:48:08,thrilling_tales_of_dragon_slayers,Thrilling Tales of Dragon Slayers,weapon,3,1,,,True,2024-09-28,2024-09,False,False,True
main,887284572,60,9,Weapon Event,,293,2024-09-28 00:48:39,ferrous_shadow,Ferrous Shadow,weapon,3,1,,,True,2024-09-28,2024-09,False,False,True
main,887284572,60,9,Weapon Event,,294,2024-09-28 00:48:45,cool_steel,Cool Steel,weapon,3,1,,,True,2024-09-28,2024-09,False,False,True
main,887284572,60,9,Weapon Event,,295,2024-09-28 04:56:43,debate_club,Debate Club,weapon,3,1,,,True,2024-09-28,2024-09,False,False,True
main,887284572,60,9,Weapon Event,,296,2024-09-28 05:46:36,emerald_orb,Emerald Orb,weapon,3,1,,,True,2024-09-28,2024-09,False,False,True
main,887284572,60,9,Weapon Event,,297,2024-09-28 06:44:52,emerald_orb,Emerald Orb,weapon,3,1,,,True,2024-09-28,2024-09,False,False,True
main,887284572,60,9,Weapon Event,,298,2024-09-29 00:08:42,the_widsith,The Widsith,weapon,4,9,1.0,Win,True,2024-09-29,2024-09,False,True,False
main,887284572,60,9,Weapon Event,,299,2024-09-29 00:08:42,bloodtainted_greatsword,Bloodtainted Greatsword,weapon,3,1,,,True,2024-09-29,2024-09,False,False,True
main,887284572,60,9,Weapon Event,,300,2024-09-29 00:08:42,black_tassel,Black Tassel,weapon,3,1,,,True,2024-09-29,2024-09,False,False,True
main,887284572,60,9,Weapon Event,,301,2024-09-29 00:08:42,raven_bow,Raven Bow,weapon,3,1,,,True,2024-09-29,2024-09,False,False,True
main,887284572,60,9,Weapon Event,,302,2024-09-29 00:08:42,bloodtainted_greatsword,Bloodtainted Greatsword,weapon,3,1,,,True,2024-09-29,2024-09,False,False,True
main,887284572,60,9,Weapon Event,,303,2024-09-29 00:08:42,thrilling_tales_of_dragon_slayers,Thrilling Tales of Dragon Slayers,weapon,3,1,,,True,2024-09-29,2024-09,False,False,True
main,887284572,60,9,Weapon Event,,304,2024-09-29 00:08:42,emerald_orb,Emerald Orb,weapon,3,1,,,True,2024-09-29,2024-09,False,False,True
main,887284572,60,9,Weapon Event,,305,2024-09-29 00:08:42,bloodtainted_greatsword,Bloodtainted Greatsword,weapon,3,1,,,True,2024-09-29,2024-09,False,False,True
main,887284572,60,9,Weapon Event,,306,2024-09-29 00:08:42,sacrificial_bow,Sacrificial Bow,weapon,4,8,1.0,Win,True,2024-09-29,2024-09,False,True,False
main,887284572,60,9,Weapon Event,,307,2024-09-29 00:08:42,harbinger_of_dawn,Harbinger of Dawn,weapon,3,1,,,True,2024-09-29,2024-09,False,False,True
main,887284572,60,9,Weapon Event,,308,2024-09-29 00:08:59,raven_bow,Raven Bow,weapon,3,1,,,True,2024-09-29,2024-09,False,False,True
main,887284572,60,9,Weapon Event,,309,2024-09-29 00:09:05,sharpshooters_oath,Sharpshooter's Oath,weapon,3,1,,,True,2024-09-29,2024-09,False,False,True
main,887284572,60,9,Weapon Event,,310,2024-09-29 00:09:10,black_tassel,Black Tassel,weapon,3,1,,,True,2024-09-29,2024-09,False,False,True
main,887284572,60,9,Weapon Event,,311,2024-09-29 00:09:15,bloodtainted_greatsword,Bloodtainted Greatsword,weapon,3,1,,,True,2024-09-29,2024-09,False,False,True
main,887284572,60,9,Weapon Event,,312,2024-09-29 00:09:30,thrilling_tales_of_dragon_slayers,Thrilling Tales of Dragon Slayers,weapon,3,1,,,True,2024-09-29,2024-09,False,False,True
main,887284572,60,9,Weapon Event,,313,2024-10-01 04:44:45,thrilling_tales_of_dragon_slayers,Thrilling Tales of Dragon Slayers,weapon,3,1,,,True,2024-10-01,2024-10,False,False,True
main,887284572,60,9,Weapon Event,,314,2024-10-01 04:44:45,raven_bow,Raven Bow,weapon,3,1,,,True,2024-10-01,2024-10,False,False,True
main,887284572,60,9,Weapon Event,,315,2024-10-01 04:44:45,beidou,Beidou,character,4,9,0.0,Lose,True,2024-10-01,2024-10,False,True,False
main,887284572,60,9,Weapon Event,,316,2024-10-01 04:44:45,black_tassel,Black Tassel,weapon,3,1,,,True,2024-10-01,2024-10,False,False,True
main,887284572,60,9,Weapon Event,,317,2024-10-01 04:44:45,slingshot,Slingshot,weapon,3,1,,,True,2024-10-01,2024-10,False,False,True
main,887284572,60,9,Weapon Event,,318,2024-10-01 04:44:45,raven_bow,Raven Bow,weapon,3,1,,,True,2024-10-01,2024-10,False,False,True
main,887284572,60,9,Weapon Event,,319,2024-10-01 04:44:45,skyrider_sword,Skyrider Sword,weapon,3,1,,,True,2024-10-01,2024-10,False,False,True
main,887284572,60,9,Weapon Event,,320,2024-10-01 04:44:45,harbinger_of_dawn,Harbinger of Dawn,weapon,3,1,,,True,2024-10-01,2024-10,False,False,True
main,887284572,60,9,Weapon Event,,321,2024-10-01 04:44:45,cool_steel,Cool Steel,weapon,3,1,,,True,2024-10-01,2024-10,False,False,True
main,887284572,60,9,Weapon Event,,322,2024-10-01 04:44:45,black_tassel,Black Tassel,weapon,3,1,,,True,2024-10-01,2024-10,False,False,True
main,887284572,60,9,Weapon Event,,323,2024-10-01 04:45:01,rainslasher,Rainslasher,weapon,4,8,2.0,Guaranteed,True,2024-10-01,2024-10,False,True,False
main,887284572,60,9,Weapon Event,,324,2024-10-01 04:45:08,debate_club,Debate Club,weapon,3,1,,,True,2024-10-01,2024-10,False,False,True
main,887284572,60,9,Weapon Event,,325,2024-10-01 04:45:25,emerald_orb,Emerald Orb,weapon,3,1,,,True,2024-10-01,2024-10,False,False,True
main,887284572,60,9,Weapon Event,,326,2024-10-01 06:01:09,raven_bow,Raven Bow,weapon,3,1,,,True,2024-10-01,2024-10,False,False,True
main,887284572,60,9,Weapon Event,,327,2024-10-01 06:01:19,cool_steel,Cool Steel,weapon,3,1,,,True,2024-10-01,2024-10,False,False,True
main,887284572,60,9,Weapon Event,,328,2024-10-01 06:01:30,bloodtainted_greatsword,Bloodtainted Greatsword,weapon,3,1,,,True,2024-10-01,2024-10,False,False,True
main,887284572,60,9,Weapon Event,,329,2024-10-01 06:01:37,magic_guide,Magic Guide,weapon,3,1,,,True,2024-10-01,2024-10,False,False,True
main,887284572,60,9,Weapon Event,,330,2024-10-01 13:03:10,cool_steel,Cool Steel,weapon,3,1,,,True,2024-10-01,2024-10,False,False,True
main,887284572,60,9,Weapon Event,,331,2024-10-01 13:03:19,sucrose,Sucrose,character,4,8,0.0,Lose,True,2024-10-01,2024-10,False,True,False
main,887284572,60,9,Weapon Event,,332,2024-10-01 13:03:47,raven_bow,Raven Bow,weapon,3,1,,,True,2024-10-01,2024-10,False,False,True
main,887284572,60,9,Weapon Event,,333,2024-10-29 18:01:54,a_thousand_floating_dreams,A Thousand Floating Dreams,weapon,5,66,2.0,Guaranteed,True,2024-10-29,2024-10,True,False,False
main,887284572,60,9,Weapon Event,,334,2024-10-29 18:01:54,black_tassel,Black Tassel,weapon,3,1,,,True,2024-10-29,2024-10,False,False,True
main,887284572,60,9,Weapon Event,,335,2024-10-29 18:01:54,dragons_bane,Dragon's Bane,weapon,4,4,2.0,Guaranteed,True,2024-10-29,2024-10,False,True,False
main,887284572,60,9,Weapon Event,,336,2024-10-29 18:01:54,cool_steel,Cool Steel,weapon,3,1,,,True,2024-10-29,2024-10,False,False,True
main,887284572,60,9,Weapon Event,,337,2024-10-29 18:01:54,bloodtainted_greatsword,Bloodtainted Greatsword,weapon,3,1,,,True,2024-10-29,2024-10,False,False,True
main,887284572,60,9,Weapon Event,,338,2024-10-29 18:01:54,raven_bow,Raven Bow,weapon,3,1,,,True,2024-10-29,2024-10,False,False,True
main,887284572,60,9,Weapon Event,,339,2024-10-29 18:01:54,bloodtainted_greatsword,Bloodtainted Greatsword,weapon,3,1,,,True,2024-10-29,2024-10,False,False,True
main,887284572,60,9,Weapon Event,,340,2024-10-29 18:01:54,debate_club,Debate Club,weapon,3,1,,,True,2024-10-29,2024-10,False,False,True
main,887284572,60,9,Weapon Event,,341,2024-10-29 18:01:54,emerald_orb,Emerald Orb,weapon,3,1,,,True,2024-10-29,2024-10,False,False,True
main,887284572,60,9,Weapon Event,,342,2024-10-29 18:01:54,sharpshooters_oath,Sharpshooter's Oath,weapon,3,1,,,True,2024-10-29,2024-10,False,False,True
main,887284572,60,9,Weapon Event,,343,2024-10-29 18:02:42,chongyun,Chongyun,character,4,8,0.0,Lose,True,2024-10-29,2024-10,False,True,False
main,887284572,60,9,Weapon Event,,344,2024-10-29 18:03:05,emerald_orb,Emerald Orb,weapon,3,1,,,True,2024-10-29,2024-10,False,False,True
main,887284572,60,9,Weapon Event,,345,2024-10-29 18:03:33,raven_bow,Raven Bow,weapon,3,1,,,True,2024-10-29,2024-10,False,False,True
main,887284572,60,9,Weapon Event,,346,2024-10-29 18:03:42,ferrous_shadow,Ferrous Shadow,weapon,3,1,,,True,2024-10-29,2024-10,False,False,True
main,887284572,60,9,Weapon Event,,347,2024-10-30 13:06:23,bloodtainted_greatsword,Bloodtainted Greatsword,weapon,3,1,,,True,2024-10-30,2024-10,False,False,True
main,887284572,60,9,Weapon Event,,348,2024-10-31 05:33:45,bloodtainted_greatsword,Bloodtainted Greatsword,weapon,3,1,,,True,2024-10-31,2024-10,False,False,True
main,887284572,60,9,Weapon Event,,349,2024-10-31 18:49:37,emerald_orb,Emerald Orb,weapon,3,1,,,True,2024-10-31,2024-10,False,False,True
main,887284572,60,9,Weapon Event,,350,2024-10-31 18:49:43,cool_steel,Cool Steel,weapon,3,1,,,True,2024-10-31,2024-10,False,False,True
main,887284572,60,9,Weapon Event,,351,2024-10-31 18:49:48,eye_of_perception,Eye of Perception,weapon,4,8,2.0,Guaranteed,True,2024-10-31,2024-10,False,True,False
main,887284572,60,9,Weapon Event,,352,2024-10-31 18:49:52,cool_steel,Cool Steel,weapon,3,1,,,True,2024-10-31,2024-10,False,False,True
main,887284572,60,9,Weapon Event,,353,2024-10-31 18:49:57,magic_guide,Magic Guide,weapon,3,1,,,True,2024-10-31,2024-10,False,False,True
main,887284572,60,9,Weapon Event,,354,2024-10-31 18:50:02,magic_guide,Magic Guide,weapon,3,1,,,True,2024-10-31,2024-10,False,False,True
main,887284572,60,9,Weapon Event,,355,2024-10-31 18:50:07,harbinger_of_dawn,Harbinger of Dawn,weapon,3,1,,,True,2024-10-31,2024-10,False,False,True
main,887284572,60,9,Weapon Event,,356,2024-10-31 18:50:12,bloodtainted_greatsword,Bloodtainted Greatsword,weapon,3,1,,,True,2024-10-31,2024-10,False,False,True
main,887284572,60,9,Weapon Event,,357,2024-10-31 18:50:18,cool_steel,Cool Steel,weapon,3,1,,,True,2024-10-31,2024-10,False,False,True
main,887284572,60,9,Weapon Event,,358,2024-10-31 18:50:30,lions_roar,Lion's Roar,weapon,4,7,1.0,Win,True,2024-10-31,2024-10,False,True,False
main,887284572,60,9,Weapon Event,,359,2024-11-01 05:39:23,debate_club,Debate Club,weapon,3,1,,,True,2024-11-01,2024-11,False,False,True
main,887284572,60,9,Weapon Event,,360,2024-11-01 05:39:28,black_tassel,Black Tassel,weapon,3,1,,,True,2024-11-01,2024-11,False,False,True
main,887284572,60,9,Weapon Event,,361,2024-11-01 05:39:33,magic_guide,Magic Guide,weapon,3,1,,,True,2024-11-01,2024-11,False,False,True
main,887284572,60,9,Weapon Event,,362,2024-11-01 05:39:37,slingshot,Slingshot,weapon,3,1,,,True,2024-11-01,2024-11,False,False,True
main,887284572,60,9,Weapon Event,,363,2024-11-01 05:39:42,ferrous_shadow,Ferrous Shadow,weapon,3,1,,,True,2024-11-01,2024-11,False,False,True
main,887284572,60,9,Weapon Event,,364,2024-11-01 05:51:34,lions_roar,Lion's Roar,weapon,4,6,1.0,Win,True,2024-11-01,2024-11,False,True,False
main,887284572,60,9,Weapon Event,,365,2024-11-01 05:52:11,cool_steel,Cool Steel,weapon,3,1,,,True,2024-11-01,2024-11,False,False,True
main,887284572,60,9,Weapon Event,,366,2024-11-01 06:57:17,harbinger_of_dawn,Harbinger of Dawn,weapon,3,1,,,True,2024-11-01,2024-11,False,False,True
main,887284572,60,9,Weapon Event,,367,2024-11-01 06:57:25,sharpshooters_oath,Sharpshooter's Oath,weapon,3,1,,,True,2024-11-01,2024-11,False,False,True
main,887284572,60,9,Weapon Event,,368,2024-11-01 06:57:30,ferrous_shadow,Ferrous Shadow,weapon,3,1,,,True,2024-11-01,2024-11,False,False,True
main,887284572,60,9,Weapon Event,,369,2024-11-01 06:57:36,debate_club,Debate Club,weapon,3,1,,,True,2024-11-01,2024-11,False,False,True
main,887284572,60,9,Weapon Event,,370,2024-11-01 06:57:43,sharpshooters_oath,Sharpshooter's Oath,weapon,3,1,,,True,2024-11-01,2024-11,False,False,True
main,887284572,60,9,Weapon Event,,371,2024-11-02 00:08:52,ferrous_shadow,Ferrous Shadow,weapon,3,1,,,True,2024-11-02,2024-11,False,False,True
main,887284572,60,9,Weapon Event,,372,2024-11-02 00:09:03,fruitful_hook,Fruitful Hook,weapon,4,8,1.0,Win,True,2024-11-02,2024-11,False,True,False
main,887284572,60,9,Weapon Event,,373,2024-11-02 11:15:11,sharpshooters_oath,Sharpshooter's Oath,weapon,3,1,,,True,2024-11-02,2024-11,False,False,True
main,887284572,60,9,Weapon Event,,374,2024-11-03 06:49:47,emerald_orb,Emerald Orb,weapon,3,1,,,True,2024-11-03,2024-11,False,False,True
main,887284572,60,9,Weapon Event,,375,2024-11-03 06:49:56,debate_club,Debate Club,weapon,3,1,,,True,2024-11-03,2024-11,False,False,True
main,887284572,60,9,Weapon Event,,376,2024-11-04 07:12:42,black_tassel,Black Tassel,weapon,3,1,,,True,2024-11-04,2024-11,False,False,True
main,887284572,60,9,Weapon Event,,377,2024-11-05 18:47:40,skyrider_sword,Skyrider Sword,weapon,3,1,,,True,2024-11-05,2024-11,False,False,True
main,887284572,60,9,Weapon Event,,378,2024-11-06 05:23:37,slingshot,Slingshot,weapon,3,1,,,True,2024-11-06,2024-11,False,False,True
main,887284572,60,9,Weapon Event,,379,2024-11-06 05:23:45,magic_guide,Magic Guide,weapon,3,1,,,True,2024-11-06,2024-11,False,False,True
main,887284572,60,9,Weapon Event,,380,2024-11-07 04:26:48,magic_guide,Magic Guide,weapon,3,1,,,True,2024-11-07,2024-11,False,False,True
main,887284572,60,9,Weapon Event,,381,2024-11-08 04:48:58,lions_roar,Lion's Roar,weapon,4,9,1.0,Win,True,2024-11-08,2024-11,False,True,False
main,887284572,60,9,Weapon Event,,382,2024-11-08 20:53:03,ferrous_shadow,Ferrous Shadow,weapon,3,1,,,True,2024-11-08,2024-11,False,False,True
main,887284572,60,9,Weapon Event,,383,2024-11-08 20:53:11,emerald_orb,Emerald Orb,weapon,3,1,,,True,2024-11-08,2024-11,False,False,True
main,887284572,60,9,Weapon Event,,384,2024-11-09 05:44:02,thrilling_tales_of_dragon_slayers,Thrilling Tales of Dragon Slayers,weapon,3,1,,,True,2024-11-09,2024-11,False,False,True
main,887284572,60,9,Weapon Event,,385,2024-11-10 07:08:19,bloodtainted_greatsword,Bloodtainted Greatsword,weapon,3,1,,,True,2024-11-10,2024-11,False,False,True
main,887284572,60,9,Weapon Event,,386,2024-11-11 04:12:15,cool_steel,Cool Steel,weapon,3,1,,,True,2024-11-11,2024-11,False,False,True
main,887284572,60,9,Weapon Event,,387,2024-11-12 05:11:10,harbinger_of_dawn,Harbinger of Dawn,weapon,3,1,,,True,2024-11-12,2024-11,False,False,True
main,887284572,60,9,Weapon Event,,388,2024-11-12 18:07:59,magic_guide,Magic Guide,weapon,3,1,,,True,2024-11-12,2024-11,False,False,True
main,887284572,60,9,Weapon Event,,389,2024-11-13 06:22:28,cool_steel,Cool Steel,weapon,3,1,,,True,2024-11-13,2024-11,False,False,True
main,887284572,60,9,Weapon Event,,390,2024-11-14 06:42:03,lions_roar,Lion's Roar,weapon,4,9,1.0,Win,True,2024-11-14,2024-11,False,True,False
main,887284572,60,9,Weapon Event,,391,2024-11-14 06:42:20,debate_club,Debate Club,weapon,3,1,,,True,2024-11-14,2024-11,False,False,True
main,887284572,60,9,Weapon Event,,392,2024-11-15 04:19:41,thrilling_tales_of_dragon_slayers,Thrilling Tales of Dragon Slayers,weapon,3,1,,,True,2024-11-15,2024-11,False,False,True
main,887284572,60,9,Weapon Event,,393,2024-11-15 04:19:51,thrilling_tales_of_dragon_slayers,Thrilling Tales of Dragon Slayers,weapon,3,1,,,True,2024-11-15,2024-11,False,False,True
main,887284572,60,9,Weapon Event,,394,2024-11-16 01:59:36,thrilling_tales_of_dragon_slayers,Thrilling Tales of Dragon Slayers,weapon,3,1,,,True,2024-11-16,2024-11,False,False,True
main,887284572,60,9,Weapon Event,,395,2024-11-16 04:34:11,lions_roar,Lion's Roar,weapon,4,5,1.0,Win,True,2024-11-16,2024-11,False,True,False
main,887284572,60,9,Weapon Event,,396,2024-11-16 04:43:28,staff_of_homa,Staff of Homa,weapon,5,63,1.0,Win,True,2024-11-16,2024-11,True,False,False
main,887284572,60,9,Weapon Event,,397,2024-11-16 04:43:39,cool_steel,Cool Steel,weapon,3,1,,,True,2024-11-16,2024-11,False,False,True
main,887284572,60,9,Weapon Event,,398,2024-11-16 04:43:45,ferrous_shadow,Ferrous Shadow,weapon,3,1,,,True,2024-11-16,2024-11,False,False,True
main,887284572,60,9,Weapon Event,,399,2024-11-16 04:43:53,ferrous_shadow,Ferrous Shadow,weapon,3,1,,,True,2024-11-16,2024-11,False,False,True
main,887284572,60,9,Weapon Event,,400,2024-11-16 04:44:13,debate_club,Debate Club,weapon,3,1,,,True,2024-11-16,2024-11,False,False,True
main,887284572,60,9,Weapon Event,,401,2024-11-16 04:44:19,harbinger_of_dawn,Harbinger of Dawn,weapon,3,1,,,True,2024-11-16,2024-11,False,False,True
main,887284572,60,9,Weapon Event,,402,2024-11-16 05:19:16,black_tassel,Black Tassel,weapon,3,1,,,True,2024-11-16,2024-11,False,False,True
main,887284572,60,9,Weapon Event,302,403,2024-12-02 06:14:09,waveriding_whirl,Waveriding Whirl,weapon,4,8,1.0,Win,,2024-12-02,2024-12,False,True,False
main,887284572,60,9,Weapon Event,302,404,2025-01-21 05:52:17,harbinger_of_dawn,Harbinger of Dawn,weapon,3,1,,,,2025-01-21,2025-01,False,False,True
main,887284572,60,9,Weapon Event,302,405,2025-01-21 05:52:28,emerald_orb,Emerald Orb,weapon,3,1,,,,2025-01-21,2025-01,False,False,True
main,887284572,60,9,Weapon Event,302,406,2025-01-21 05:52:36,sharpshooters_oath,Sharpshooter's Oath,weapon,3,1,,,,2025-01-21,2025-01,False,False,True
main,887284572,60,9,Weapon Event,302,407,2025-01-21 05:52:44,harbinger_of_dawn,Harbinger of Dawn,weapon,3,1,,,,2025-01-21,2025-01,False,False,True
main,887284572,60,9,Weapon Event,302,408,2025-01-21 05:52:51,slingshot,Slingshot,weapon,3,1,,,,2025-01-21,2025-01,False,False,True
main,887284572,60,9,Weapon Event,302,409,2025-03-14 02:42:14,harbinger_of_dawn,Harbinger of Dawn,weapon,3,1,,,,2025-03-14,2025-03,False,False,True
main,887284572,60,9,Weapon Event,302,410,2025-03-14 02:42:14,skyrider_sword,Skyrider Sword,weapon,3,1,,,,2025-03-14,2025-03,False,False,True
main,887284572,60,9,Weapon Event,302,411,2025-03-14 02:42:14,black_tassel,Black Tassel,weapon,3,1,,,,2025-03-14,2025-03,False,False,True
main,887284572,60,9,Weapon Event,302,412,2025-03-14 02:42:14,dragons_bane,Dragon's Bane,weapon,4,9,1.0,Win,,2025-03-14,2025-03,False,True,False
main,887284572,60,9,Weapon Event,302,413,2025-03-14 02:42:14,skyrider_sword,Skyrider Sword,weapon,3,1,,,,2025-03-14,2025-03,False,False,True
main,887284572,60,9,Weapon Event,302,414,2025-03-14 02:42:14,sharpshooters_oath,Sharpshooter's Oath,weapon,3,1,,,,2025-03-14,2025-03,False,False,True
main,887284572,60,9,Weapon Event,302,415,2025-03-14 02:42:14,thrilling_tales_of_dragon_slayers,Thrilling Tales of Dragon Slayers,weapon,3,1,,,,2025-03-14,2025-03,False,False,True
main,887284572,60,9,Weapon Event,302,416,2025-03-14 02:42:14,sharpshooters_oath,Sharpshooter's Oath,weapon,3,1,,,,2025-03-14,2025-03,False,False,True
main,887284572,60,9,Weapon Event,302,417,2025-03-14 02:42:14,raven_bow,Raven Bow,weapon,3,1,,,,2025-03-14,2025-03,False,False,True
main,887284572,60,9,Weapon Event,302,418,2025-03-14 02:42:14,debate_club,Debate Club,weapon,3,1,,,,2025-03-14,2025-03,False,False,True
main,887284572,60,9,Weapon Event,302,419,2025-03-14 02:42:30,debate_club,Debate Club,weapon,3,1,,,,2025-03-14,2025-03,False,False,True
main,887284572,60,9,Weapon Event,302,420,2025-03-14 02:42:38,rust,Rust,weapon,4,8,1.0,Win,,2025-03-14,2025-03,False,True,False
main,887284572,60,9,Weapon Event,302,421,2025-03-14 05:47:59,bloodtainted_greatsword,Bloodtainted Greatsword,weapon,3,1,,,,2025-03-14,2025-03,False,False,True
main,887284572,60,9,Weapon Event,302,422,2025-03-14 22:27:39,magic_guide,Magic Guide,weapon,3,1,,,,2025-03-14,2025-03,False,False,True
main,887284572,60,9,Weapon Event,302,423,2025-03-14 22:27:52,black_tassel,Black Tassel,weapon,3,1,,,,2025-03-14,2025-03,False,False,True
main,887284572,60,9,Weapon Event,302,424,2025-03-15 06:00:11,thrilling_tales_of_dragon_slayers,Thrilling Tales of Dragon Slayers,weapon,3,1,,,,2025-03-15,2025-03,False,False,True
main,887284572,60,9,Weapon Event,302,425,2025-03-16 17:45:45,cool_steel,Cool Steel,weapon,3,1,,,,2025-03-16,2025-03,False,False,True
main,887284572,60,9,Weapon Event,302,426,2025-03-16 17:45:56,harbinger_of_dawn,Harbinger of Dawn,weapon,3,1,,,,2025-03-16,2025-03,False,False,True
main,887284572,60,9,Weapon Event,302,427,2025-03-16 17:46:05,cool_steel,Cool Steel,weapon,3,1,,,,2025-03-16,2025-03,False,False,True
main,887284572,60,9,Weapon Event,302,428,2025-03-16 17:47:20,sacrificial_greatsword,Sacrificial Greatsword,weapon,4,8,1.0,Win,,2025-03-16,2025-03,False,True,False
main,887284572,60,9,Weapon Event,302,429,2025-03-16 17:47:33,slingshot,Slingshot,weapon,3,1,,,,2025-03-16,2025-03,False,False,True
main,887284572,60,9,Weapon Event,302,430,2025-03-16 17:47:42,yaoyao,Yaoyao,character,4,2,0.0,Lose,,2025-03-16,2025-03,False,True,False
main,887284572,60,9,Weapon Event,302,431,2025-03-16 17:47:54,black_tassel,Black Tassel,weapon,3,1,,,,2025-03-16,2025-03,False,False,True
main,887284572,60,9,Weapon Event,302,432,2025-03-16 17:48:55,sharpshooters_oath,Sharpshooter's Oath,weapon,3,1,,,,2025-03-16,2025-03,False,False,True
main,887284572,60,9,Weapon Event,302,433,2025-03-16 17:49:01,magic_guide,Magic Guide,weapon,3,1,,,,2025-03-16,2025-03,False,False,True
main,887284572,60,9,Weapon Event,302,434,2025-03-16 17:49:07,favonius_sword,Favonius Sword,weapon,4,4,2.0,Guaranteed,,2025-03-16,2025-03,False,True,False
main,887284572,60,9,Weapon Event,302,435,2025-03-16 17:49:15,sacrificial_fragments,Sacrificial Fragments,weapon,4,1,1.0,Win,,2025-03-16,2025-03,False,True,False
main,887284572,60,9,Weapon Event,302,436,2025-03-16 17:49:24,faruzan,Faruzan,character,4,1,0.0,Lose,,2025-03-16,2025-03,False,True,False
main,887284572,60,9,Weapon Event,302,437,2025-03-16 17:51:26,skyrider_sword,Skyrider Sword,weapon,3,1,,,,2025-03-16,2025-03,False,False,True
main,887284572,60,9,Weapon Event,302,438,2025-03-16 21:42:23,magic_guide,Magic Guide,weapon,3,1,,,,2025-03-16,2025-03,False,False,True
main,887284572,60,9,Weapon Event,302,439,2025-03-18 06:12:08,sacrificial_fragments,Sacrificial Fragments,weapon,4,3,2.0,Guaranteed,,2025-03-18,2025-03,False,True,False
main,887284572,60,9,Weapon Event,302,440,2025-03-19 05:17:44,cool_steel,Cool Steel,weapon,3,1,,,,2025-03-19,2025-03,False,False,True
main,887284572,60,9,Weapon Event,302,441,2025-03-20 05:55:18,raven_bow,Raven Bow,weapon,3,1,,,,2025-03-20,2025-03,False,False,True
main,887284572,60,9,Weapon Event,302,442,2025-04-15 18:01:14,black_tassel,Black Tassel,weapon,3,1,,,,2025-04-15,2025-04,False,False,True
main,887284572,60,9,Weapon Event,302,443,2025-04-15 18:01:14,black_tassel,Black Tassel,weapon,3,1,,,,2025-04-15,2025-04,False,False,True
main,887284572,60,9,Weapon Event,302,444,2025-04-15 18:01:14,sacrificial_sword,Sacrificial Sword,weapon,4,5,1.0,Win,,2025-04-15,2025-04,False,True,False
main,887284572,60,9,Weapon Event,302,445,2025-04-15 18:01:14,cool_steel,Cool Steel,weapon,3,1,,,,2025-04-15,2025-04,False,False,True
main,887284572,60,9,Weapon Event,302,446,2025-04-15 18:01:14,black_tassel,Black Tassel,weapon,3,1,,,,2025-04-15,2025-04,False,False,True
main,887284572,60,9,Weapon Event,302,447,2025-04-15 18:01:14,magic_guide,Magic Guide,weapon,3,1,,,,2025-04-15,2025-04,False,False,True
main,887284572,60,9,Weapon Event,302,448,2025-04-15 18:01:14,skyrider_sword,Skyrider Sword,weapon,3,1,,,,2025-04-15,2025-04,False,False,True
main,887284572,60,9,Weapon Event,302,449,2025-04-15 18:01:14,raven_bow,Raven Bow,weapon,3,1,,,,2025-04-15,2025-04,False,False,True
main,887284572,60,9,Weapon Event,302,450,2025-04-15 18:01:14,cool_steel,Cool Steel,weapon,3,1,,,,2025-04-15,2025-04,False,False,True
main,887284572,60,9,Weapon Event,302,451,2025-04-15 18:01:14,slingshot,Slingshot,weapon,3,1,,,,2025-04-15,2025-04,False,False,True
main,887284572,60,9,Weapon Event,302,452,2025-04-15 18:01:40,favonius_warbow,Favonius Warbow,weapon,4,8,1.0,Win,,2025-04-15,2025-04,False,True,False
main,887284572,60,9,Weapon Event,302,453,2025-04-15 18:01:40,slingshot,Slingshot,weapon,3,1,,,,2025-04-15,2025-04,False,False,True
main,887284572,60,9,Weapon Event,302,454,2025-04-15 18:01:40,magic_guide,Magic Guide,weapon,3,1,,,,2025-04-15,2025-04,False,False,True
main,887284572,60,9,Weapon Event,302,455,2025-04-15 18:01:40,thrilling_tales_of_dragon_slayers,Thrilling Tales of Dragon Slayers,weapon,3,1,,,,2025-04-15,2025-04,False,False,True
main,887284572,60,9,Weapon Event,302,456,2025-04-15 18:01:40,sharpshooters_oath,Sharpshooter's Oath,weapon,3,1,,,,2025-04-15,2025-04,False,False,True
main,887284572,60,9,Weapon Event,302,457,2025-04-15 18:01:40,skyrider_sword,Skyrider Sword,weapon,3,1,,,,2025-04-15,2025-04,False,False,True
main,887284572,60,9,Weapon Event,302,458,2025-04-15 18:01:40,cool_steel,Cool Steel,weapon,3,1,,,,2025-04-15,2025-04,False,False,True
main,887284572,60,9,Weapon Event,302,459,2025-04-15 18:01:40,skyrider_sword,Skyrider Sword,weapon,3,1,,,,2025-04-15,2025-04,False,False,True
main,887284572,60,9,Weapon Event,302,460,2025-04-15 18:01:40,elegy_for_the_end,Elegy for the End,weapon,5,64,1.0,Win,,2025-04-15,2025-04,True,False,False
main,887284572,60,9,Weapon Event,302,461,2025-04-15 18:01:40,sacrificial_sword,Sacrificial Sword,weapon,4,9,1.0,Win,,2025-04-15,2025-04,False,True,False
main,887284572,60,9,Weapon Event,302,462,2025-04-15 18:01:58,slingshot,Slingshot,weapon,3,1,,,,2025-04-15,2025-04,False,False,True
main,887284572,60,9,Weapon Event,302,463,2025-04-15 18:01:58,harbinger_of_dawn,Harbinger of Dawn,weapon,3,1,,,,2025-04-15,2025-04,False,False,True
main,887284572,60,9,Weapon Event,302,464,2025-04-15 18:01:58,sharpshooters_oath,Sharpshooter's Oath,weapon,3,1,,,,2025-04-15,2025-04,False,False,True
main,887284572,60,9,Weapon Event,302,465,2025-04-15 18:01:58,ferrous_shadow,Ferrous Shadow,weapon,3,1,,,,2025-04-15,2025-04,False,False,True
main,887284572,60,9,Weapon Event,302,466,2025-04-15 18:01:58,skyrider_sword,Skyrider Sword,weapon,3,1,,,,2025-04-15,2025-04,False,False,True
main,887284572,60,9,Weapon Event,302,467,2025-04-15 18:01:58,sharpshooters_oath,Sharpshooter's Oath,weapon,3,1,,,,2025-04-15,2025-04,False,False,True
main,887284572,60,9,Weapon Event,302,468,2025-04-15 18:01:58,sharpshooters_oath,Sharpshooter's Oath,weapon,3,1,,,,2025-04-15,2025-04,False,False,True
main,887284572,60,9,Weapon Event,302,469,2025-04-15 18:01:58,sacrificial_sword,Sacrificial Sword,weapon,4,8,1.0,Win,,2025-04-15,2025-04,False,True,False
main,887284572,60,9,Weapon Event,302,470,2025-04-15 18:01:58,magic_guide,Magic Guide,weapon,3,1,,,,2025-04-15,2025-04,False,False,True
main,887284572,60,9,Weapon Event,302,471,2025-04-15 18:01:58,debate_club,Debate Club,weapon,3,1,,,,2025-04-15,2025-04,False,False,True
main,887284572,60,9,Weapon Event,302,472,2025-04-15 18:02:11,skyrider_sword,Skyrider Sword,weapon,3,1,,,,2025-04-15,2025-04,False,False,True
main,887284572,60,9,Weapon Event,302,473,2025-04-15 18:02:17,skyrider_sword,Skyrider Sword,weapon,3,1,,,,2025-04-15,2025-04,False,False,True
main,887284572,60,9,Weapon Event,302,474,2025-04-15 18:02:24,cool_steel,Cool Steel,weapon,3,1,,,,2025-04-15,2025-04,False,False,True
main,887284572,60,9,Weapon Event,302,475,2025-04-15 18:02:30,slingshot,Slingshot,weapon,3,1,,,,2025-04-15,2025-04,False,False,True
main,887284572,60,9,Weapon Event,302,476,2025-04-16 12:49:29,ferrous_shadow,Ferrous Shadow,weapon,3,1,,,,2025-04-16,2025-04,False,False,True
main,887284572,60,9,Weapon Event,302,477,2025-04-16 12:49:37,debate_club,Debate Club,weapon,3,1,,,,2025-04-16,2025-04,False,False,True
main,887284572,60,9,Weapon Event,302,478,2025-04-16 12:49:44,favonius_warbow,Favonius Warbow,weapon,4,9,1.0,Win,,2025-04-16,2025-04,False,True,False
main,887284572,60,9,Weapon Event,302,479,2025-04-16 12:49:51,slingshot,Slingshot,weapon,3,1,,,,2025-04-16,2025-04,False,False,True
main,887284572,60,9,Weapon Event,302,480,2025-04-16 12:49:57,skyrider_sword,Skyrider Sword,weapon,3,1,,,,2025-04-16,2025-04,False,False,True
main,887284572,60,9,Weapon Event,302,481,2025-04-16 12:50:05,cool_steel,Cool Steel,weapon,3,1,,,,2025-04-16,2025-04,False,False,True
main,887284572,60,9,Weapon Event,302,482,2025-04-18 04:16:28,debate_club,Debate Club,weapon,3,1,,,,2025-04-18,2025-04,False,False,True
main,887284572,60,9,Weapon Event,302,483,2025-04-18 04:16:36,ferrous_shadow,Ferrous Shadow,weapon,3,1,,,,2025-04-18,2025-04,False,False,True
main,887284572,60,9,Weapon Event,302,484,2025-04-19 12:05:12,harbinger_of_dawn,Harbinger of Dawn,weapon,3,1,,,,2025-04-19,2025-04,False,False,True
main,887284572,60,9,Weapon Event,302,485,2025-04-20 10:47:36,thrilling_tales_of_dragon_slayers,Thrilling Tales of Dragon Slayers,weapon,3,1,,,,2025-04-20,2025-04,False,False,True
main,887284572,60,9,Weapon Event,302,486,2025-04-21 05:02:33,favonius_codex,Favonius Codex,weapon,4,8,1.0,Win,,2025-04-21,2025-04,False,True,False
main,887284572,60,9,Weapon Event,302,487,2025-04-21 05:02:50,bloodtainted_greatsword,Bloodtainted Greatsword,weapon,3,1,,,,2025-04-21,2025-04,False,False,True
main,887284572,60,9,Weapon Event,302,488,2025-04-22 05:32:17,favonius_lance,Favonius Lance,weapon,4,2,1.0,Win,,2025-04-22,2025-04,False,True,False
main,887284572,60,9,Weapon Event,302,489,2025-04-23 04:01:20,raven_bow,Raven Bow,weapon,3,1,,,,2025-04-23,2025-04,False,False,True
main,887284572,60,9,Weapon Event,302,490,2025-04-24 04:53:59,cool_steel,Cool Steel,weapon,3,1,,,,2025-04-24,2025-04,False,False,True
main,887284572,60,9,Weapon Event,302,491,2025-04-24 04:54:05,emerald_orb,Emerald Orb,weapon,3,1,,,,2025-04-24,2025-04,False,False,True
main,887284572,60,9,Weapon Event,302,492,2025-04-24 04:54:10,skyrider_sword,Skyrider Sword,weapon,3,1,,,,2025-04-24,2025-04,False,False,True
main,887284572,60,9,Weapon Event,302,493,2025-04-24 04:54:15,raven_bow,Raven Bow,weapon,3,1,,,,2025-04-24,2025-04,False,False,True
main,887284572,60,9,Weapon Event,302,494,2025-04-24 04:55:44,emerald_orb,Emerald Orb,weapon,3,1,,,,2025-04-24,2025-04,False,False,True
main,887284572,60,9,Weapon Event,302,495,2025-04-24 04:55:52,slingshot,Slingshot,weapon,3,1,,,,2025-04-24,2025-04,False,False,True
main,887284572,60,9,Weapon Event,302,496,2025-04-25 21:03:26,cool_steel,Cool Steel,weapon,3,1,,,,2025-04-25,2025-04,False,False,True
main,887284572,60,9,Weapon Event,302,497,2025-04-25 21:03:35,favonius_codex,Favonius Codex,weapon,4,9,1.0,Win,,2025-04-25,2025-04,False,True,False
main,887284572,60,9,Weapon Event,302,498,2025-04-26 04:12:04,sharpshooters_oath,Sharpshooter's Oath,weapon,3,1,,,,2025-04-26,2025-04,False,False,True
main,887284572,60,9,Weapon Event,302,499,2025-04-26 04:12:32,black_tassel,Black Tassel,weapon,3,1,,,,2025-04-26,2025-04,False,False,True
main,887284572,60,9,Weapon Event,302,500,2025-04-28 00:53:01,skyrider_sword,Skyrider Sword,weapon,3,1,,,,2025-04-28,2025-04,False,False,True
main,887284572,60,9,Weapon Event,302,501,2025-04-29 04:26:57,thrilling_tales_of_dragon_slayers,Thrilling Tales of Dragon Slayers,weapon,3,1,,,,2025-04-29,2025-04,False,False,True
main,887284572,60,9,Weapon Event,302,502,2025-04-29 04:27:05,debate_club,Debate Club,weapon,3,1,,,,2025-04-29,2025-04,False,False,True
main,887284572,60,9,Weapon Event,302,503,2025-04-30 05:05:23,sharpshooters_oath,Sharpshooter's Oath,weapon,3,1,,,,2025-04-30,2025-04,False,False,True
main,887284572,60,9,Weapon Event,302,504,2025-04-30 20:53:22,harbinger_of_dawn,Harbinger of Dawn,weapon,3,1,,,,2025-04-30,2025-04,False,False,True
main,887284572,60,9,Weapon Event,302,505,2025-04-30 20:53:29,ororon,Ororon,character,4,8,0.0,Lose,,2025-04-30,2025-04,False,True,False
main,887284572,60,9,Weapon Event,302,506,2025-04-30 20:53:35,ferrous_shadow,Ferrous Shadow,weapon,3,1,,,,2025-04-30,2025-04,False,False,True
main,887284572,60,9,Weapon Event,302,507,2025-05-01 06:12:04,harbinger_of_dawn,Harbinger of Dawn,weapon,3,1,,,,2025-05-01,2025-05,False,False,True
main,887284572,60,9,Weapon Event,302,508,2025-05-01 06:12:09,harbinger_of_dawn,Harbinger of Dawn,weapon,3,1,,,,2025-05-01,2025-05,False,False,True
main,887284572,60,9,Weapon Event,302,509,2025-05-01 06:12:18,raven_bow,Raven Bow,weapon,3,1,,,,2025-05-01,2025-05,False,False,True
main,887284572,60,9,Weapon Event,302,510,2025-05-01 06:12:24,debate_club,Debate Club,weapon,3,1,,,,2025-05-01,2025-05,False,False,True
main,887284572,60,9,Weapon Event,302,511,2025-05-01 06:12:30,debate_club,Debate Club,weapon,3,1,,,,2025-05-01,2025-05,False,False,True
main,887284572,60,9,Weapon Event,302,512,2025-05-01 06:12:37,raven_bow,Raven Bow,weapon,3,1,,,,2025-05-01,2025-05,False,False,True
main,887284572,60,9,Weapon Event,302,513,2025-05-01 06:20:02,emerald_orb,Emerald Orb,weapon,3,1,,,,2025-05-01,2025-05,False,False,True
main,887284572,60,9,Weapon Event,302,514,2025-05-01 06:20:20,favonius_lance,Favonius Lance,weapon,4,9,2.0,Guaranteed,,2025-05-01,2025-05,False,True,False
main,887284572,60,9,Weapon Event,302,515,2025-05-02 04:22:44,raven_bow,Raven Bow,weapon,3,1,,,,2025-05-02,2025-05,False,False,True
main,887284572,60,9,Weapon Event,302,516,2025-05-02 04:22:53,bloodtainted_greatsword,Bloodtainted Greatsword,weapon,3,1,,,,2025-05-02,2025-05,False,False,True
main,887284572,60,9,Weapon Event,302,517,2025-05-02 04:23:00,harbinger_of_dawn,Harbinger of Dawn,weapon,3,1,,,,2025-05-02,2025-05,False,False,True
main,887284572,60,9,Weapon Event,302,518,2025-05-02 04:23:06,thrilling_tales_of_dragon_slayers,Thrilling Tales of Dragon Slayers,weapon,3,1,,,,2025-05-02,2025-05,False,False,True
main,887284572,60,9,Weapon Event,302,519,2025-05-02 04:23:14,magic_guide,Magic Guide,weapon,3,1,,,,2025-05-02,2025-05,False,False,True
main,887284572,60,9,Weapon Event,302,520,2025-05-02 04:23:21,cool_steel,Cool Steel,weapon,3,1,,,,2025-05-02,2025-05,False,False,True
main,887284572,60,9,Weapon Event,302,521,2025-05-11 01:54:49,thrilling_tales_of_dragon_slayers,Thrilling Tales of Dragon Slayers,weapon,3,1,,,,2025-05-11,2025-05,False,False,True
main,887284572,60,9,Weapon Event,302,522,2025-05-11 01:54:57,the_dockhands_assistant,The Dockhand's Assistant,weapon,4,8,1.0,Win,,2025-05-11,2025-05,False,True,False
main,887284572,60,9,Weapon Event,302,523,2025-05-11 04:24:15,skyrider_sword,Skyrider Sword,weapon,3,1,,,,2025-05-11,2025-05,False,False,True
main,887284572,60,9,Weapon Event,302,524,2025-05-11 06:10:56,bloodtainted_greatsword,Bloodtainted Greatsword,weapon,3,1,,,,2025-05-11,2025-05,False,False,True
main,887284572,60,9,Weapon Event,302,525,2025-05-11 06:11:05,verdict,Verdict,weapon,5,65,1.0,Win,,2025-05-11,2025-05,True,False,False
main,887284572,60,9,Weapon Event,302,526,2025-05-11 06:11:19,skyrider_sword,Skyrider Sword,weapon,3,1,,,,2025-05-11,2025-05,False,False,True
main,887284572,60,9,Weapon Event,302,527,2025-05-11 06:11:38,the_widsith,The Widsith,weapon,4,5,1.0,Win,,2025-05-11,2025-05,False,True,False
main,887284572,60,9,Weapon Event,302,528,2025-05-11 06:11:44,debate_club,Debate Club,weapon,3,1,,,,2025-05-11,2025-05,False,False,True
main,887284572,60,9,Weapon Event,302,529,2025-06-18 15:46:44,magic_guide,Magic Guide,weapon,3,1,,,,2025-06-18,2025-06,False,False,True
main,887284572,60,9,Weapon Event,302,530,2025-06-18 15:46:44,harbinger_of_dawn,Harbinger of Dawn,weapon,3,1,,,,2025-06-18,2025-06,False,False,True
main,887284572,60,9,Weapon Event,302,531,2025-06-18 15:46:44,bloodtainted_greatsword,Bloodtainted Greatsword,weapon,3,1,,,,2025-06-18,2025-06,False,False,True
main,887284572,60,9,Weapon Event,302,532,2025-06-18 15:46:44,black_tassel,Black Tassel,weapon,3,1,,,,2025-06-18,2025-06,False,False,True
main,887284572,60,9,Weapon Event,302,533,2025-06-18 15:46:44,black_tassel,Black Tassel,weapon,3,1,,,,2025-06-18,2025-06,False,False,True
main,887284572,60,9,Weapon Event,302,534,2025-06-18 15:46:44,sharpshooters_oath,Sharpshooter's Oath,weapon,3,1,,,,2025-06-18,2025-06,False,False,True
main,887284572,60,9,Weapon Event,302,535,2025-06-18 15:46:44,thoma,Thoma,character,4,8,0.0,Lose,,2025-06-18,2025-06,False,True,False
main,887284572,60,9,Weapon Event,302,536,2025-06-18 15:46:44,cool_steel,Cool Steel,weapon,3,1,,,,2025-06-18,2025-06,False,False,True
main,887284572,60,9,Weapon Event,302,537,2025-06-18 15:46:44,thrilling_tales_of_dragon_slayers,Thrilling Tales of Dragon Slayers,weapon,3,1,,,,2025-06-18,2025-06,False,False,True
main,887284572,60,9,Weapon Event,302,538,2025-06-18 15:46:44,ferrous_shadow,Ferrous Shadow,weapon,3,1,,,,2025-06-18,2025-06,False,False,True
main,887284572,60,9,Weapon Event,302,539,2025-06-18 15:46:55,raven_bow,Raven Bow,weapon,3,1,,,,2025-06-18,2025-06,False,False,True
main,887284572,60,9,Weapon Event,302,540,2025-06-18 15:47:03,magic_guide,Magic Guide,weapon,3,1,,,,2025-06-18,2025-06,False,False,True
main,887284572,60,9,Weapon Event,302,541,2025-06-18 15:47:11,black_tassel,Black Tassel,weapon,3,1,,,,2025-06-18,2025-06,False,False,True
main,887284572,60,9,Weapon Event,302,542,2025-06-18 15:47:17,black_tassel,Black Tassel,weapon,3,1,,,,2025-06-18,2025-06,False,False,True
main,887284572,60,9,Weapon Event,302,543,2025-06-18 15:55:16,skyrider_sword,Skyrider Sword,weapon,3,1,,,,2025-06-18,2025-06,False,False,True
main,887284572,60,9,Weapon Event,302,544,2025-06-18 15:55:21,xiphos_moonlight,Xiphos' Moonlight,weapon,4,9,2.0,Guaranteed,,2025-06-18,2025-06,False,True,False
main,887284572,60,9,Weapon Event,302,545,2025-06-18 17:15:59,magic_guide,Magic Guide,weapon,3,1,,,,2025-06-18,2025-06,False,False,True
main,887284572,60,9,Weapon Event,302,546,2025-06-19 04:42:50,thrilling_tales_of_dragon_slayers,Thrilling Tales of Dragon Slayers,weapon,3,1,,,,2025-06-19,2025-06,False,False,True
main,887284572,60,9,Weapon Event,302,547,2025-06-19 20:07:55,emerald_orb,Emerald Orb,weapon,3,1,,,,2025-06-19,2025-06,False,False,True
main,887284572,60,9,Weapon Event,302,548,2025-06-19 20:08:03,emerald_orb,Emerald Orb,weapon,3,1,,,,2025-06-19,2025-06,False,False,True
main,887284572,60,9,Weapon Event,302,549,2025-06-20 17:22:11,skyrider_sword,Skyrider Sword,weapon,3,1,,,,2025-06-20,2025-06,False,False,True
main,887284572,60,9,Weapon Event,302,550,2025-06-20 22:57:19,raven_bow,Raven Bow,weapon,3,1,,,,2025-06-20,2025-06,False,False,True
main,887284572,60,9,Weapon Event,302,551,2025-06-21 17:08:34,ferrous_shadow,Ferrous Shadow,weapon,3,1,,,,2025-06-21,2025-06,False,False,True
main,887284572,60,9,Weapon Event,302,552,2025-06-21 17:21:58,xiphos_moonlight,Xiphos' Moonlight,weapon,4,8,1.0,Win,,2025-06-21,2025-06,False,True,False
main,887284572,60,9,Weapon Event,302,553,2025-06-21 17:22:16,harbinger_of_dawn,Harbinger of Dawn,weapon,3,1,,,,2025-06-21,2025-06,False,False,True
main,887284572,60,9,Weapon Event,302,554,2025-06-22 06:30:56,sacrificial_bow,Sacrificial Bow,weapon,4,2,1.0,Win,,2025-06-22,2025-06,False,True,False
main,887284572,60,9,Weapon Event,302,555,2025-06-22 07:37:08,ferrous_shadow,Ferrous Shadow,weapon,3,1,,,,2025-06-22,2025-06,False,False,True
main,887284572,60,9,Weapon Event,302,556,2025-06-22 07:37:17,magic_guide,Magic Guide,weapon,3,1,,,,2025-06-22,2025-06,False,False,True
main,887284572,60,9,Weapon Event,302,557,2025-06-22 07:57:17,bloodtainted_greatsword,Bloodtainted Greatsword,weapon,3,1,,,,2025-06-22,2025-06,False,False,True
main,887284572,60,9,Weapon Event,302,558,2025-06-22 08:34:03,ferrous_shadow,Ferrous Shadow,weapon,3,1,,,,2025-06-22,2025-06,False,False,True
main,887284572,60,9,Weapon Event,302,559,2025-06-23 05:03:44,harbinger_of_dawn,Harbinger of Dawn,weapon,3,1,,,,2025-06-23,2025-06,False,False,True
main,887284572,60,9,Weapon Event,302,560,2025-06-23 05:03:51,slingshot,Slingshot,weapon,3,1,,,,2025-06-23,2025-06,False,False,True
main,887284572,60,9,Weapon Event,302,561,2025-06-23 05:03:58,black_tassel,Black Tassel,weapon,3,1,,,,2025-06-23,2025-06,False,False,True
main,887284572,60,9,Weapon Event,302,562,2025-06-23 05:04:04,raven_bow,Raven Bow,weapon,3,1,,,,2025-06-23,2025-06,False,False,True
main,887284572,60,9,Weapon Event,302,563,2025-06-23 05:17:09,sacrificial_bow,Sacrificial Bow,weapon,4,9,1.0,Win,,2025-06-23,2025-06,False,True,False
main,887284572,60,9,Weapon Event,302,564,2025-06-23 05:17:26,raven_bow,Raven Bow,weapon,3,1,,,,2025-06-23,2025-06,False,False,True
main,887284572,60,9,Weapon Event,302,565,2025-06-23 09:35:45,harbinger_of_dawn,Harbinger of Dawn,weapon,3,1,,,,2025-06-23,2025-06,False,False,True
main,887284572,60,9,Weapon Event,302,566,2025-06-24 18:26:06,magic_guide,Magic Guide,weapon,3,1,,,,2025-06-24,2025-06,False,False,True
main,887284572,60,9,Weapon Event,302,567,2025-06-25 19:39:01,emerald_orb,Emerald Orb,weapon,3,1,,,,2025-06-25,2025-06,False,False,True
main,887284572,60,9,Weapon Event,302,568,2025-06-25 19:39:09,thrilling_tales_of_dragon_slayers,Thrilling Tales of Dragon Slayers,weapon,3,1,,,,2025-06-25,2025-06,False,False,True
main,887284572,60,9,Weapon Event,302,569,2025-06-25 19:39:17,cool_steel,Cool Steel,weapon,3,1,,,,2025-06-25,2025-06,False,False,True
main,887284572,60,9,Weapon Event,302,570,2025-06-26 12:28:29,thrilling_tales_of_dragon_slayers,Thrilling Tales of Dragon Slayers,weapon,3,1,,,,2025-06-26,2025-06,False,False,True
main,887284572,60,9,Weapon Event,302,571,2025-06-26 12:29:08,bennett,Bennett,character,4,8,0.0,Lose,,2025-06-26,2025-06,False,True,False
main,887284572,60,9,Weapon Event,302,572,2025-06-26 12:29:27,cool_steel,Cool Steel,weapon,3,1,,,,2025-06-26,2025-06,False,False,True
main,887284572,60,9,Weapon Event,302,573,2025-06-26 12:29:35,ferrous_shadow,Ferrous Shadow,weapon,3,1,,,,2025-06-26,2025-06,False,False,True
main,887284572,60,9,Weapon Event,302,574,2025-06-27 05:21:23,sharpshooters_oath,Sharpshooter's Oath,weapon,3,1,,,,2025-06-27,2025-06,False,False,True
main,887284572,60,9,Weapon Event,302,575,2025-06-28 04:04:18,cool_steel,Cool Steel,weapon,3,1,,,,2025-06-28,2025-06,False,False,True
main,887284572,60,9,Weapon Event,302,576,2025-06-29 05:26:52,magic_guide,Magic Guide,weapon,3,1,,,,2025-06-29,2025-06,False,False,True
main,887284572,60,9,Weapon Event,302,577,2025-06-30 04:47:07,skyrider_sword,Skyrider Sword,weapon,3,1,,,,2025-06-30,2025-06,False,False,True
main,887284572,60,9,Weapon Event,302,578,2025-07-01 05:10:27,magic_guide,Magic Guide,weapon,3,1,,,,2025-07-01,2025-07,False,False,True
main,887284572,60,9,Weapon Event,302,579,2025-07-01 05:10:33,makhaira_aquamarine,Makhaira Aquamarine,weapon,4,8,2.0,Guaranteed,,2025-07-01,2025-07,False,True,False
main,887284572,60,9,Weapon Event,302,580,2025-07-01 05:10:40,raven_bow,Raven Bow,weapon,3,1,,,,2025-07-01,2025-07,False,False,True
main,887284572,60,9,Weapon Event,302,581,2025-07-01 05:10:45,thrilling_tales_of_dragon_slayers,Thrilling Tales of Dragon Slayers,weapon,3,1,,,,2025-07-01,2025-07,False,False,True
main,887284572,60,9,Weapon Event,302,582,2025-07-01 05:10:50,sharpshooters_oath,Sharpshooter's Oath,weapon,3,1,,,,2025-07-01,2025-07,False,False,True
main,887284572,60,9,Weapon Event,302,583,2025-07-01 05:10:56,sacrificial_bow,Sacrificial Bow,weapon,4,4,1.0,Win,,2025-07-01,2025-07,False,True,False
main,887284572,60,9,Weapon Event,302,584,2025-07-01 05:11:02,slingshot,Slingshot,weapon,3,1,,,,2025-07-01,2025-07,False,False,True
main,887284572,60,9,Weapon Event,302,585,2025-07-01 05:11:16,bloodtainted_greatsword,Bloodtainted Greatsword,weapon,3,1,,,,2025-07-01,2025-07,False,False,True
main,887284572,60,9,Weapon Event,302,586,2025-07-01 05:11:21,harbinger_of_dawn,Harbinger of Dawn,weapon,3,1,,,,2025-07-01,2025-07,False,False,True
main,887284572,60,9,Weapon Event,302,587,2025-07-01 07:07:00,debate_club,Debate Club,weapon,3,1,,,,2025-07-01,2025-07,False,False,True
main,887284572,60,9,Weapon Event,302,588,2025-07-01 07:07:09,magic_guide,Magic Guide,weapon,3,1,,,,2025-07-01,2025-07,False,False,True
main,887284572,60,9,Weapon Event,302,589,2025-07-01 07:07:16,cool_steel,Cool Steel,weapon,3,1,,,,2025-07-01,2025-07,False,False,True
main,887284572,60,9,Weapon Event,302,590,2025-07-01 07:51:45,cool_steel,Cool Steel,weapon,3,1,,,,2025-07-01,2025-07,False,False,True
main,887284572,60,9,Weapon Event,302,591,2025-07-01 07:51:54,xiangling,Xiangling,character,4,8,0.0,Lose,,2025-07-01,2025-07,False,True,False
main,887284572,60,9,Weapon Event,302,592,2025-07-01 07:52:11,skyward_spine,Skyward Spine,weapon,5,67,0.0,Lose,,2025-07-01,2025-07,True,False,False
main,887284572,60,9,Weapon Event,302,593,2025-07-01 07:53:54,ferrous_shadow,Ferrous Shadow,weapon,3,1,,,,2025-07-01,2025-07,False,False,True
main,887284572,60,9,Weapon Event,302,594,2025-07-01 07:54:01,emerald_orb,Emerald Orb,weapon,3,1,,,,2025-07-01,2025-07,False,False,True
main,887284572,60,9,Weapon Event,302,595,2025-07-02 06:02:43,emerald_orb,Emerald Orb,weapon,3,1,,,,2025-07-02,2025-07,False,False,True
main,887284572,60,9,Weapon Event,302,596,2025-07-03 05:05:00,black_tassel,Black Tassel,weapon,3,1,,,,2025-07-03,2025-07,False,False,True
main,887284572,60,9,Weapon Event,302,597,2025-07-04 04:05:50,makhaira_aquamarine,Makhaira Aquamarine,weapon,4,6,2.0,Guaranteed,,2025-07-04,2025-07,False,True,False
main,887284572,60,9,Weapon Event,302,598,2025-07-04 04:06:07,thrilling_tales_of_dragon_slayers,Thrilling Tales of Dragon Slayers,weapon,3,1,,,,2025-07-04,2025-07,False,False,True
main,887284572,60,9,Weapon Event,302,599,2025-07-05 06:03:25,ferrous_shadow,Ferrous Shadow,weapon,3,1,,,,2025-07-05,2025-07,False,False,True
main,887284572,60,9,Weapon Event,302,600,2025-07-06 05:22:32,cool_steel,Cool Steel,weapon,3,1,,,,2025-07-06,2025-07,False,False,True
main,887284572,60,9,Weapon Event,302,601,2025-07-07 08:23:04,sacrificial_greatsword,Sacrificial Greatsword,weapon,4,4,0.0,Lose,,2025-07-07,2025-07,False,True,False
main,887284572,60,9,Weapon Event,302,602,2025-07-07 08:41:43,slingshot,Slingshot,weapon,3,1,,,,2025-07-07,2025-07,False,False,True
main,887284572,60,9,Weapon Event,302,603,2025-07-07 08:41:50,emerald_orb,Emerald Orb,weapon,3,1,,,,2025-07-07,2025-07,False,False,True
main,887284572,60,9,Weapon Event,302,604,2025-07-07 08:41:56,thrilling_tales_of_dragon_slayers,Thrilling Tales of Dragon Slayers,weapon,3,1,,,,2025-07-07,2025-07,False,False,True
main,887284572,60,9,Weapon Event,302,605,2025-07-07 08:42:03,sacrificial_bow,Sacrificial Bow,weapon,4,4,2.0,Guaranteed,,2025-07-07,2025-07,False,True,False
main,887284572,60,9,Weapon Event,302,606,2025-07-07 08:42:20,debate_club,Debate Club,weapon,3,1,,,,2025-07-07,2025-07,False,False,True
main,887284572,60,9,Weapon Event,302,607,2025-07-08 06:17:18,harbinger_of_dawn,Harbinger of Dawn,weapon,3,1,,,,2025-07-08,2025-07,False,False,True
main,887284572,60,9,Weapon Event,302,608,2025-07-08 14:42:20,black_tassel,Black Tassel,weapon,3,1,,,,2025-07-08,2025-07,False,False,True
main,887284572,60,9,Weapon Event,302,609,2025-07-08 14:42:29,emerald_orb,Emerald Orb,weapon,3,1,,,,2025-07-08,2025-07,False,False,True
main,887284572,60,9,Weapon Event,302,610,2025-07-08 14:42:36,emerald_orb,Emerald Orb,weapon,3,1,,,,2025-07-08,2025-07,False,False,True
main,887284572,60,9,Weapon Event,302,611,2025-07-08 14:42:43,raven_bow,Raven Bow,weapon,3,1,,,,2025-07-08,2025-07,False,False,True
main,887284572,60,9,Weapon Event,302,612,2025-07-09 09:04:28,black_tassel,Black Tassel,weapon,3,1,,,,2025-07-09,2025-07,False,False,True
main,887284572,60,9,Weapon Event,302,613,2025-09-30 19:16:13,shikanoin_heizou,Shikanoin Heizou,character,4,8,0.0,Lose,,2025-09-30,2025-09,False,True,False
main,887284572,60,9,Weapon Event,302,614,2025-09-30 19:16:13,black_tassel,Black Tassel,weapon,3,1,,,,2025-09-30,2025-09,False,False,True
main,887284572,60,9,Weapon Event,302,615,2025-09-30 19:16:13,cool_steel,Cool Steel,weapon,3,1,,,,2025-09-30,2025-09,False,False,True
main,887284572,60,9,Weapon Event,302,616,2025-09-30 19:16:13,slingshot,Slingshot,weapon,3,1,,,,2025-09-30,2025-09,False,False,True
main,887284572,60,9,Weapon Event,302,617,2025-09-30 19:16:13,raven_bow,Raven Bow,weapon,3,1,,,,2025-09-30,2025-09,False,False,True
main,887284572,60,9,Weapon Event,302,618,2025-09-30 19:16:13,thrilling_tales_of_dragon_slayers,Thrilling Tales of Dragon Slayers,weapon,3,1,,,,2025-09-30,2025-09,False,False,True
main,887284572,60,9,Weapon Event,302,619,2025-09-30 19:16:13,magic_guide,Magic Guide,weapon,3,1,,,,2025-09-30,2025-09,False,False,True
main,887284572,60,9,Weapon Event,302,620,2025-09-30 19:16:13,skyrider_sword,Skyrider Sword,weapon,3,1,,,,2025-09-30,2025-09,False,False,True
main,887284572,60,9,Weapon Event,302,621,2025-09-30 19:16:13,lions_roar,Lion's Roar,weapon,4,8,2.0,Guaranteed,,2025-09-30,2025-09,False,True,False
main,887284572,60,9,Weapon Event,302,622,2025-09-30 19:16:13,ferrous_shadow,Ferrous Shadow,weapon,3,1,,,,2025-09-30,2025-09,False,False,True
main,887284572,60,9,Weapon Event,302,623,2025-09-30 19:16:37,black_tassel,Black Tassel,weapon,3,1,,,,2025-09-30,2025-09,False,False,True
main,887284572,60,9,Weapon Event,302,624,2025-09-30 19:16:37,magic_guide,Magic Guide,weapon,3,1,,,,2025-09-30,2025-09,False,False,True
main,887284572,60,9,Weapon Event,302,625,2025-09-30 19:16:37,sharpshooters_oath,Sharpshooter's Oath,weapon,3,1,,,,2025-09-30,2025-09,False,False,True
main,887284572,60,9,Weapon Event,302,626,2025-09-30 19:16:37,aqua_simulacra,Aqua Simulacra,weapon,5,34,2.0,Guaranteed,,2025-09-30,2025-09,True,False,False
main,887284572,60,9,Weapon Event,302,627,2025-09-30 19:16:37,harbinger_of_dawn,Harbinger of Dawn,weapon,3,1,,,,2025-09-30,2025-09,False,False,True
main,887284572,60,9,Weapon Event,302,628,2025-09-30 19:16:37,ferrous_shadow,Ferrous Shadow,weapon,3,1,,,,2025-09-30,2025-09,False,False,True
main,887284572,60,9,Weapon Event,302,629,2025-09-30 19:16:37,sacrificial_bow,Sacrificial Bow,weapon,4,8,1.0,Win,,2025-09-30,2025-09,False,True,False
main,887284572,60,9,Weapon Event,302,630,2025-09-30 19:16:37,bloodtainted_greatsword,Bloodtainted Greatsword,weapon,3,1,,,,2025-09-30,2025-09,False,False,True
main,887284572,60,9,Weapon Event,302,631,2025-09-30 19:16:37,emerald_orb,Emerald Orb,weapon,3,1,,,,2025-09-30,2025-09,False,False,True
main,887284572,60,9,Weapon Event,302,632,2025-09-30 19:16:37,thrilling_tales_of_dragon_slayers,Thrilling Tales of Dragon Slayers,weapon,3,1,,,,2025-09-30,2025-09,False,False,True
main,887284572,60,9,Weapon Event,302,633,2025-10-22 13:17:54,slingshot,Slingshot,weapon,3,1,,,,2025-10-22,2025-10,False,False,True
main,887284572,60,9,Weapon Event,302,634,2025-10-22 13:17:59,bloodtainted_greatsword,Bloodtainted Greatsword,weapon,3,1,,,,2025-10-22,2025-10,False,False,True
main,887284572,60,9,Weapon Event,302,635,2025-10-22 13:18:05,bloodtainted_greatsword,Bloodtainted Greatsword,weapon,3,1,,,,2025-10-22,2025-10,False,False,True
main,887284572,60,9,Weapon Event,302,636,2025-10-22 13:18:10,skyrider_sword,Skyrider Sword,weapon,3,1,,,,2025-10-22,2025-10,False,False,True
main,887284572,60,9,Weapon Event,302,637,2025-10-22 13:18:15,kirara,Kirara,character,4,8,0.0,Lose,,2025-10-22,2025-10,False,True,False
main,887284572,60,9,Weapon Event,302,638,2025-10-22 13:19:48,harbinger_of_dawn,Harbinger of Dawn,weapon,3,1,,,,2025-10-22,2025-10,False,False,True
main,887284572,60,9,Weapon Event,302,639,2025-10-22 13:19:55,emerald_orb,Emerald Orb,weapon,3,1,,,,2025-10-22,2025-10,False,False,True
main,887284572,60,9,Weapon Event,302,640,2025-10-22 13:20:00,raven_bow,Raven Bow,weapon,3,1,,,,2025-10-22,2025-10,False,False,True
main,887284572,60,9,Weapon Event,302,641,2025-10-22 22:03:41,thrilling_tales_of_dragon_slayers,Thrilling Tales of Dragon Slayers,weapon,3,1,,,,2025-10-22,2025-10,False,False,True
main,887284572,60,9,Weapon Event,302,642,2025-10-22 22:03:51,debate_club,Debate Club,weapon,3,1,,,,2025-10-22,2025-10,False,False,True
main,887284572,60,9,Weapon Event,302,643,2025-10-23 17:17:53,slingshot,Slingshot,weapon,3,1,,,,2025-10-23,2025-10,False,False,True
main,887284572,60,9,Weapon Event,302,644,2025-10-23 17:39:51,emerald_orb,Emerald Orb,weapon,3,1,,,,2025-10-23,2025-10,False,False,True
main,887284572,60,9,Weapon Event,302,645,2025-10-24 00:15:43,black_tassel,Black Tassel,weapon,3,1,,,,2025-10-24,2025-10,False,False,True
main,887284572,60,9,Weapon Event,302,646,2025-10-24 00:15:53,favonius_warbow,Favonius Warbow,weapon,4,9,2.0,Guaranteed,,2025-10-24,2025-10,False,True,False
main,887284572,60,9,Weapon Event,302,647,2025-10-24 00:16:03,magic_guide,Magic Guide,weapon,3,1,,,,2025-10-24,2025-10,False,False,True
main,887284572,60,9,Weapon Event,302,648,2025-10-24 00:16:10,harbinger_of_dawn,Harbinger of Dawn,weapon,3,1,,,,2025-10-24,2025-10,False,False,True
main,887284572,60,9,Weapon Event,302,649,2025-10-24 00:16:17,harbinger_of_dawn,Harbinger of Dawn,weapon,3,1,,,,2025-10-24,2025-10,False,False,True
main,887284572,60,9,Weapon Event,302,650,2025-10-25 19:00:21,magic_guide,Magic Guide,weapon,3,1,,,,2025-10-25,2025-10,False,False,True
main,887284572,60,9,Weapon Event,302,651,2025-10-25 19:00:31,bloodtainted_greatsword,Bloodtainted Greatsword,weapon,3,1,,,,2025-10-25,2025-10,False,False,True
main,887284572,60,9,Weapon Event,302,652,2025-10-26 18:50:53,thrilling_tales_of_dragon_slayers,Thrilling Tales of Dragon Slayers,weapon,3,1,,,,2025-10-26,2025-10,False,False,True
main,887284572,60,9,Weapon Event,302,653,2025-10-27 08:37:47,bloodtainted_greatsword,Bloodtainted Greatsword,weapon,3,1,,,,2025-10-27,2025-10,False,False,True
main,887284572,60,9,Weapon Event,302,654,2025-10-27 08:38:31,sacrificers_staff,Sacrificer's Staff,weapon,4,8,1.0,Win,,2025-10-27,2025-10,False,True,False
main,887284572,60,9,Weapon Event,302,655,2025-10-27 08:38:41,harbinger_of_dawn,Harbinger of Dawn,weapon,3,1,,,,2025-10-27,2025-10,False,False,True
main,887284572,60,9,Weapon Event,302,656,2025-10-27 08:39:01,raven_bow,Raven Bow,weapon,3,1,,,,2025-10-27,2025-10,False,False,True
main,887284572,60,9,Weapon Event,302,657,2025-10-28 05:04:50,skyrider_sword,Skyrider Sword,weapon,3,1,,,,2025-10-28,2025-10,False,False,True
main,887284572,60,9,Weapon Event,302,658,2025-10-28 05:04:59,black_tassel,Black Tassel,weapon,3,1,,,,2025-10-28,2025-10,False,False,True
main,887284572,60,9,Weapon Event,302,659,2025-10-28 05:05:05,magic_guide,Magic Guide,weapon,3,1,,,,2025-10-28,2025-10,False,False,True
main,887284572,60,9,Weapon Event,302,660,2025-10-29 07:26:44,sharpshooters_oath,Sharpshooter's Oath,weapon,3,1,,,,2025-10-29,2025-10,False,False,True
main,887284572,60,9,Weapon Event,302,661,2025-10-30 10:42:46,bloodtainted_greatsword,Bloodtainted Greatsword,weapon,3,1,,,,2025-10-30,2025-10,False,False,True
main,887284572,60,9,Weapon Event,302,662,2025-10-31 09:53:42,magic_guide,Magic Guide,weapon,3,1,,,,2025-10-31,2025-10,False,False,True
main,887284572,60,9,Weapon Event,302,663,2025-10-31 09:53:51,dawning_frost,Dawning Frost,weapon,4,9,1.0,Win,,2025-10-31,2025-10,False,True,False
main,887284572,60,9,Weapon Event,302,664,2025-10-31 09:54:00,slingshot,Slingshot,weapon,3,1,,,,2025-10-31,2025-10,False,False,True
main,887284572,60,9,Weapon Event,302,665,2025-10-31 09:54:07,bloodtainted_greatsword,Bloodtainted Greatsword,weapon,3,1,,,,2025-10-31,2025-10,False,False,True
main,887284572,60,9,Weapon Event,302,666,2025-11-01 09:39:25,raven_bow,Raven Bow,weapon,3,1,,,,2025-11-01,2025-11,False,False,True
main,887284572,60,9,Weapon Event,302,667,2025-11-01 09:39:32,emerald_orb,Emerald Orb,weapon,3,1,,,,2025-11-01,2025-11,False,False,True
main,887284572,60,9,Weapon Event,302,668,2025-11-01 09:39:38,raven_bow,Raven Bow,weapon,3,1,,,,2025-11-01,2025-11,False,False,True
main,887284572,60,9,Weapon Event,302,669,2025-11-01 09:39:48,debate_club,Debate Club,weapon,3,1,,,,2025-11-01,2025-11,False,False,True
main,887284572,60,9,Weapon Event,302,670,2025-11-01 09:39:54,debate_club,Debate Club,weapon,3,1,,,,2025-11-01,2025-11,False,False,True
main,887284572,60,9,Weapon Event,302,671,2025-11-01 10:09:46,shikanoin_heizou,Shikanoin Heizou,character,4,8,0.0,Lose,,2025-11-01,2025-11,False,True,False
main,887284572,60,9,Weapon Event,302,672,2025-11-01 12:40:13,thrilling_tales_of_dragon_slayers,Thrilling Tales of Dragon Slayers,weapon,3,1,,,,2025-11-01,2025-11,False,False,True
main,887284572,60,9,Weapon Event,302,673,2025-11-01 12:40:20,harbinger_of_dawn,Harbinger of Dawn,weapon,3,1,,,,2025-11-01,2025-11,False,False,True
main,887284572,60,9,Weapon Event,302,674,2025-11-01 12:40:26,black_tassel,Black Tassel,weapon,3,1,,,,2025-11-01,2025-11,False,False,True
main,887284572,60,9,Weapon Event,302,675,2025-11-01 12:40:32,emerald_orb,Emerald Orb,weapon,3,1,,,,2025-11-01,2025-11,False,False,True
main,887284572,60,9,Weapon Event,302,676,2025-11-01 12:40:39,dawning_frost,Dawning Frost,weapon,4,5,2.0,Guaranteed,,2025-11-01,2025-11,False,True,False
main,887284572,60,9,Weapon Event,302,677,2025-11-01 12:40:48,rainslasher,Rainslasher,weapon,4,1,0.0,Lose,,2025-11-01,2025-11,False,True,False
main,887284572,60,9,Weapon Event,302,678,2025-11-01 12:41:04,raven_bow,Raven Bow,weapon,3,1,,,,2025-11-01,2025-11,False,False,True
main,887284572,60,9,Weapon Event,302,679,2025-11-01 12:41:09,sharpshooters_oath,Sharpshooter's Oath,weapon,3,1,,,,2025-11-01,2025-11,False,False,True
main,887284572,60,9,Weapon Event,302,680,2025-11-03 15:02:32,cool_steel,Cool Steel,weapon,3,1,,,,2025-11-03,2025-11,False,False,True
main,887284572,60,9,Weapon Event,302,681,2025-11-03 15:02:41,cool_steel,Cool Steel,weapon,3,1,,,,2025-11-03,2025-11,False,False,True
main,887284572,60,9,Weapon Event,302,682,2025-11-03 15:02:47,cool_steel,Cool Steel,weapon,3,1,,,,2025-11-03,2025-11,False,False,True
main,887284572,60,9,Weapon Event,302,683,2025-11-03 15:02:55,cool_steel,Cool Steel,weapon,3,1,,,,2025-11-03,2025-11,False,False,True
main,887284572,60,9,Weapon Event,302,684,2025-11-03 15:03:01,bloodtainted_greatsword,Bloodtainted Greatsword,weapon,3,1,,,,2025-11-03,2025-11,False,False,True
main,887284572,60,9,Weapon Event,302,685,2025-11-04 08:32:51,thrilling_tales_of_dragon_slayers,Thrilling Tales of Dragon Slayers,weapon,3,1,,,,2025-11-04,2025-11,False,False,True
main,887284572,60,9,Weapon Event,302,686,2025-11-05 06:53:25,sacrificers_staff,Sacrificer's Staff,weapon,4,9,2.0,Guaranteed,,2025-11-05,2025-11,False,True,False
main,887284572,60,9,Weapon Event,302,687,2025-11-06 09:26:03,debate_club,Debate Club,weapon,3,1,,,,2025-11-06,2025-11,False,False,True
main,887284572,60,9,Weapon Event,302,688,2025-11-06 09:26:15,xiangling,Xiangling,character,4,2,0.0,Lose,,2025-11-06,2025-11,False,True,False
main,887284572,60,9,Weapon Event,302,689,2025-11-06 09:26:32,the_bell,The Bell,weapon,4,1,2.0,Guaranteed,,2025-11-06,2025-11,False,True,False
main,887284572,60,9,Weapon Event,302,690,2025-11-07 04:16:31,thrilling_tales_of_dragon_slayers,Thrilling Tales of Dragon Slayers,weapon,3,1,,,,2025-11-07,2025-11,False,False,True
main,887284572,60,9,Weapon Event,302,691,2025-11-08 04:25:55,aquila_favonia,Aquila Favonia,weapon,5,65,0.0,Lose,,2025-11-08,2025-11,True,False,False
main,887284572,60,9,Weapon Event,302,692,2025-11-09 23:04:28,thrilling_tales_of_dragon_slayers,Thrilling Tales of Dragon Slayers,weapon,3,1,,,,2025-11-09,2025-11,False,False,True
main,887284572,60,9,Weapon Event,302,693,2025-11-09 23:04:37,debate_club,Debate Club,weapon,3,1,,,,2025-11-09,2025-11,False,False,True
main,887284572,60,9,Weapon Event,302,694,2025-11-09 23:04:44,raven_bow,Raven Bow,weapon,3,1,,,,2025-11-09,2025-11,False,False,True
main,887284572,60,9,Weapon Event,302,695,2025-11-09 23:04:50,sharpshooters_oath,Sharpshooter's Oath,weapon,3,1,,,,2025-11-09,2025-11,False,False,True
main,887284572,60,9,Weapon Event,302,696,2025-11-09 23:05:00,emerald_orb,Emerald Orb,weapon,3,1,,,,2025-11-09,2025-11,False,False,True
main,887284572,60,9,Weapon Event,302,697,2025-11-10 04:32:26,noelle,Noelle,character,4,8,0.0,Lose,,2025-11-10,2025-11,False,True,False
main,887284572,60,9,Weapon Event,302,698,2025-11-10 04:32:35,raven_bow,Raven Bow,weapon,3,1,,,,2025-11-10,2025-11,False,False,True
main,887284572,60,9,Weapon Event,302,699,2025-11-10 04:32:44,black_tassel,Black Tassel,weapon,3,1,,,,2025-11-10,2025-11,False,False,True
main,887284572,60,9,Weapon Event,302,700,2025-11-10 04:32:52,slingshot,Slingshot,weapon,3,1,,,,2025-11-10,2025-11,False,False,True
main,887284572,60,9,Weapon Event,302,701,2025-11-10 04:33:01,skyrider_sword,Skyrider Sword,weapon,3,1,,,,2025-11-10,2025-11,False,False,True
main,887284572,60,9,Weapon Event,302,702,2025-11-10 04:33:26,skyrider_sword,Skyrider Sword,weapon,3,1,,,,2025-11-10,2025-11,False,False,True
main,887284572,60,9,Weapon Event,302,703,2025-11-10 04:33:34,ferrous_shadow,Ferrous Shadow,weapon,3,1,,,,2025-11-10,2025-11,False,False,True
main,887284572,60,9,Weapon Event,302,704,2025-11-10 04:33:46,bloodtainted_greatsword,Bloodtainted Greatsword,weapon,3,1,,,,2025-11-10,2025-11,False,False,True
main,887284572,60,9,Weapon Event,302,705,2025-11-10 04:33:57,dawning_frost,Dawning Frost,weapon,4,8,2.0,Guaranteed,,2025-11-10,2025-11,False,True,False
main,887284572,60,9,Weapon Event,302,706,2025-11-10 04:34:20,black_tassel,Black Tassel,weapon,3,1,,,,2025-11-10,2025-11,False,False,True
main,887284572,60,9,Weapon Event,302,707,2026-03-03 05:36:25,harbinger_of_dawn,Harbinger of Dawn,weapon,3,1,,,,2026-03-03,2026-03,False,False,True
main,887284572,60,9,Weapon Event,302,708,2026-03-03 05:36:25,black_tassel,Black Tassel,weapon,3,1,,,,2026-03-03,2026-03,False,False,True
main,887284572,60,9,Weapon Event,302,709,2026-03-03 05:36:25,sharpshooters_oath,Sharpshooter's Oath,weapon,3,1,,,,2026-03-03,2026-03,False,False,True
main,887284572,60,9,Weapon Event,302,710,2026-03-03 05:36:25,sharpshooters_oath,Sharpshooter's Oath,weapon,3,1,,,,2026-03-03,2026-03,False,False,True
main,887284572,60,9,Weapon Event,302,711,2026-03-03 05:36:25,raven_bow,Raven Bow,weapon,3,1,,,,2026-03-03,2026-03,False,False,True
main,887284572,60,9,Weapon Event,302,712,2026-03-03 05:36:25,sharpshooters_oath,Sharpshooter's Oath,weapon,3,1,,,,2026-03-03,2026-03,False,False,True
main,887284572,60,9,Weapon Event,302,713,2026-03-03 05:36:25,sacrificial_fragments,Sacrificial Fragments,weapon,4,8,1.0,Win,,2026-03-03,2026-03,False,True,False
main,887284572,60,9,Weapon Event,302,714,2026-03-03 05:36:25,thrilling_tales_of_dragon_slayers,Thrilling Tales of Dragon Slayers,weapon,3,1,,,,2026-03-03,2026-03,False,False,True
main,887284572,60,9,Weapon Event,302,715,2026-03-03 05:36:25,raven_bow,Raven Bow,weapon,3,1,,,,2026-03-03,2026-03,False,False,True
main,887284572,60,9,Weapon Event,302,716,2026-03-03 05:36:25,slingshot,Slingshot,weapon,3,1,,,,2026-03-03,2026-03,False,False,True
main,887284572,60,9,Weapon Event,302,717,2026-03-17 18:14:01,ferrous_shadow,Ferrous Shadow,weapon,3,1,,,,2026-03-17,2026-03,False,False,True
main,887284572,60,9,Weapon Event,302,718,2026-03-17 18:14:01,raven_bow,Raven Bow,weapon,3,1,,,,2026-03-17,2026-03,False,False,True
main,887284572,60,9,Weapon Event,302,719,2026-03-17 18:14:01,raven_bow,Raven Bow,weapon,3,1,,,,2026-03-17,2026-03,False,False,True
main,887284572,60,9,Weapon Event,302,720,2026-03-17 18:14:01,ferrous_shadow,Ferrous Shadow,weapon,3,1,,,,2026-03-17,2026-03,False,False,True
main,887284572,60,9,Weapon Event,302,721,2026-03-17 18:14:01,favonius_lance,Favonius Lance,weapon,4,8,1.0,Win,,2026-03-17,2026-03,False,True,False
main,887284572,60,9,Weapon Event,302,722,2026-03-17 18:14:01,debate_club,Debate Club,weapon,3,1,,,,2026-03-17,2026-03,False,False,True
main,887284572,60,9,Weapon Event,302,723,2026-03-17 18:14:01,cool_steel,Cool Steel,weapon,3,1,,,,2026-03-17,2026-03,False,False,True
main,887284572,60,9,Weapon Event,302,724,2026-03-17 18:14:01,sharpshooters_oath,Sharpshooter's Oath,weapon,3,1,,,,2026-03-17,2026-03,False,False,True
main,887284572,60,9,Weapon Event,302,725,2026-03-17 18:14:01,thrilling_tales_of_dragon_slayers,Thrilling Tales of Dragon Slayers,weapon,3,1,,,,2026-03-17,2026-03,False,False,True
main,887284572,60,9,Weapon Event,302,726,2026-03-17 18:14:01,emerald_orb,Emerald Orb,weapon,3,1,,,,2026-03-17,2026-03,False,False,True
main,887284572,60,9,Weapon Event,302,727,2026-03-17 18:14:11,skyrider_sword,Skyrider Sword,weapon,3,1,,,,2026-03-17,2026-03,False,False,True
main,887284572,60,9,Weapon Event,302,728,2026-03-17 18:14:11,thrilling_tales_of_dragon_slayers,Thrilling Tales of Dragon Slayers,weapon,3,1,,,,2026-03-17,2026-03,False,False,True
main,887284572,60,9,Weapon Event,302,729,2026-03-17 18:14:11,favonius_codex,Favonius Codex,weapon,4,8,1.0,Win,,2026-03-17,2026-03,False,True,False
main,887284572,60,9,Weapon Event,302,730,2026-03-17 18:14:11,debate_club,Debate Club,weapon,3,1,,,,2026-03-17,2026-03,False,False,True
main,887284572,60,9,Weapon Event,302,731,2026-03-17 18:14:11,ferrous_shadow,Ferrous Shadow,weapon,3,1,,,,2026-03-17,2026-03,False,False,True
main,887284572,60,9,Weapon Event,302,732,2026-03-17 18:14:11,skyrider_sword,Skyrider Sword,weapon,3,1,,,,2026-03-17,2026-03,False,False,True
main,887284572,60,9,Weapon Event,302,733,2026-03-17 18:14:11,bloodtainted_greatsword,Bloodtainted Greatsword,weapon,3,1,,,,2026-03-17,2026-03,False,False,True
main,887284572,60,9,Weapon Event,302,734,2026-03-17 18:14:11,bloodtainted_greatsword,Bloodtainted Greatsword,weapon,3,1,,,,2026-03-17,2026-03,False,False,True
main,887284572,60,9,Weapon Event,302,735,2026-03-17 18:14:11,slingshot,Slingshot,weapon,3,1,,,,2026-03-17,2026-03,False,False,True
main,887284572,60,9,Weapon Event,302,736,2026-03-17 18:14:11,sharpshooters_oath,Sharpshooter's Oath,weapon,3,1,,,,2026-03-17,2026-03,False,False,True
main,887284572,60,9,Weapon Event,302,737,2026-03-17 18:14:23,noelle,Noelle,character,4,8,0.0,Lose,,2026-03-17,2026-03,False,True,False
main,887284572,60,9,Weapon Event,302,738,2026-03-17 18:14:23,slingshot,Slingshot,weapon,3,1,,,,2026-03-17,2026-03,False,False,True
main,887284572,60,9,Weapon Event,302,739,2026-03-17 18:14:23,black_tassel,Black Tassel,weapon,3,1,,,,2026-03-17,2026-03,False,False,True
main,887284572,60,9,Weapon Event,302,740,2026-03-17 18:14:23,harbinger_of_dawn,Harbinger of Dawn,weapon,3,1,,,,2026-03-17,2026-03,False,False,True
main,887284572,60,9,Weapon Event,302,741,2026-03-17 18:14:23,emerald_orb,Emerald Orb,weapon,3,1,,,,2026-03-17,2026-03,False,False,True
main,887284572,60,9,Weapon Event,302,742,2026-03-17 18:14:23,magic_guide,Magic Guide,weapon,3,1,,,,2026-03-17,2026-03,False,False,True
main,887284572,60,9,Weapon Event,302,743,2026-03-17 18:14:23,cool_steel,Cool Steel,weapon,3,1,,,,2026-03-17,2026-03,False,False,True
main,887284572,60,9,Weapon Event,302,744,2026-03-17 18:14:23,bloodtainted_greatsword,Bloodtainted Greatsword,weapon,3,1,,,,2026-03-17,2026-03,False,False,True
main,887284572,60,9,Weapon Event,302,745,2026-03-17 18:14:23,favonius_lance,Favonius Lance,weapon,4,8,2.0,Guaranteed,,2026-03-17,2026-03,False,True,False
main,887284572,60,9,Weapon Event,302,746,2026-03-17 18:14:23,ferrous_shadow,Ferrous Shadow,weapon,3,1,,,,2026-03-17,2026-03,False,False,True
main,887284572,60,9,Weapon Event,302,747,2026-03-17 18:14:33,slingshot,Slingshot,weapon,3,1,,,,2026-03-17,2026-03,False,False,True
main,887284572,60,9,Weapon Event,302,748,2026-03-17 18:14:33,black_tassel,Black Tassel,weapon,3,1,,,,2026-03-17,2026-03,False,False,True
main,887284572,60,9,Weapon Event,302,749,2026-03-17 18:14:33,cool_steel,Cool Steel,weapon,3,1,,,,2026-03-17,2026-03,False,False,True
main,887284572,60,9,Weapon Event,302,750,2026-03-17 18:14:33,debate_club,Debate Club,weapon,3,1,,,,2026-03-17,2026-03,False,False,True
main,887284572,60,9,Weapon Event,302,751,2026-03-17 18:14:33,harbinger_of_dawn,Harbinger of Dawn,weapon,3,1,,,,2026-03-17,2026-03,False,False,True
main,887284572,60,9,Weapon Event,302,752,2026-03-17 18:14:33,black_tassel,Black Tassel,weapon,3,1,,,,2026-03-17,2026-03,False,False,True
main,887284572,60,9,Weapon Event,302,753,2026-03-17 18:14:33,favonius_codex,Favonius Codex,weapon,4,8,1.0,Win,,2026-03-17,2026-03,False,True,False
main,887284572,60,9,Weapon Event,302,754,2026-03-17 18:14:33,bloodtainted_greatsword,Bloodtainted Greatsword,weapon,3,1,,,,2026-03-17,2026-03,False,False,True
main,887284572,60,9,Weapon Event,302,755,2026-03-17 18:14:33,cool_steel,Cool Steel,weapon,3,1,,,,2026-03-17,2026-03,False,False,True
main,887284572,60,9,Weapon Event,302,756,2026-03-17 18:14:33,black_tassel,Black Tassel,weapon,3,1,,,,2026-03-17,2026-03,False,False,True
main,887284572,60,9,Weapon Event,302,757,2026-03-17 18:14:43,black_tassel,Black Tassel,weapon,3,1,,,,2026-03-17,2026-03,False,False,True
main,887284572,60,9,Weapon Event,302,758,2026-03-17 18:14:43,ferrous_shadow,Ferrous Shadow,weapon,3,1,,,,2026-03-17,2026-03,False,False,True
main,887284572,60,9,Weapon Event,302,759,2026-03-17 18:14:43,skyrider_sword,Skyrider Sword,weapon,3,1,,,,2026-03-17,2026-03,False,False,True
main,887284572,60,9,Weapon Event,302,760,2026-03-17 18:14:43,azurelight,Azurelight,weapon,5,69,2.0,Guaranteed,,2026-03-17,2026-03,True,False,False
main,887284572,60,9,Weapon Event,302,761,2026-03-17 18:14:43,rust,Rust,weapon,4,8,1.0,Win,,2026-03-17,2026-03,False,True,False
main,887284572,60,9,Weapon Event,302,762,2026-03-17 18:14:43,thrilling_tales_of_dragon_slayers,Thrilling Tales of Dragon Slayers,weapon,3,1,,,,2026-03-17,2026-03,False,False,True
main,887284572,60,9,Weapon Event,302,763,2026-03-17 18:14:43,thrilling_tales_of_dragon_slayers,Thrilling Tales of Dragon Slayers,weapon,3,1,,,,2026-03-17,2026-03,False,False,True
main,887284572,60,9,Weapon Event,302,764,2026-03-17 18:14:43,emerald_orb,Emerald Orb,weapon,3,1,,,,2026-03-17,2026-03,False,False,True
main,887284572,60,9,Weapon Event,302,765,2026-03-17 18:14:43,the_flute,The Flute,weapon,4,4,1.0,Win,,2026-03-17,2026-03,False,True,False
main,887284572,60,9,Weapon Event,302,766,2026-03-17 18:14:43,ferrous_shadow,Ferrous Shadow,weapon,3,1,,,,2026-03-17,2026-03,False,False,True
main,887284572,60,9,Weapon Event,302,767,2026-03-17 19:16:05,harbinger_of_dawn,Harbinger of Dawn,weapon,3,1,,,,2026-03-17,2026-03,False,False,True
main,887284572,60,9,Weapon Event,302,768,2026-03-17 19:16:12,emerald_orb,Emerald Orb,weapon,3,1,,,,2026-03-17,2026-03,False,False,True
main,887284572,60,9,Weapon Event,302,769,2026-03-17 19:16:16,debate_club,Debate Club,weapon,3,1,,,,2026-03-17,2026-03,False,False,True
main,887284572,60,9,Weapon Event,302,770,2026-03-17 19:16:21,raven_bow,Raven Bow,weapon,3,1,,,,2026-03-17,2026-03,False,False,True
main,887284572,60,9,Weapon Event,302,771,2026-03-17 19:16:26,sharpshooters_oath,Sharpshooter's Oath,weapon,3,1,,,,2026-03-17,2026-03,False,False,True
main,887284572,60,9,Weapon Event,302,772,2026-03-18 04:09:39,thrilling_tales_of_dragon_slayers,Thrilling Tales of Dragon Slayers,weapon,3,1,,,,2026-03-18,2026-03,False,False,True
main,887284572,60,9,Weapon Event,302,773,2026-03-18 04:09:47,favonius_lance,Favonius Lance,weapon,4,8,1.0,Win,,2026-03-18,2026-03,False,True,False
main,887284572,60,9,Weapon Event,302,774,2026-03-18 13:51:05,bloodtainted_greatsword,Bloodtainted Greatsword,weapon,3,1,,,,2026-03-18,2026-03,False,False,True
main,887284572,60,9,Weapon Event,302,775,2026-03-18 13:51:13,barbara,Barbara,character,4,2,0.0,Lose,,2026-03-18,2026-03,False,True,False
main,887284572,60,9,Weapon Event,302,776,2026-03-18 13:51:30,black_tassel,Black Tassel,weapon,3,1,,,,2026-03-18,2026-03,False,False,True
main,887284572,60,9,Weapon Event,302,777,2026-03-19 04:54:07,thrilling_tales_of_dragon_slayers,Thrilling Tales of Dragon Slayers,weapon,3,1,,,,2026-03-19,2026-03,False,False,True
main,887284572,60,9,Weapon Event,302,778,2026-03-19 06:09:49,debate_club,Debate Club,weapon,3,1,,,,2026-03-19,2026-03,False,False,True
main,887284572,60,9,Weapon Event,302,779,2026-03-20 04:33:19,thrilling_tales_of_dragon_slayers,Thrilling Tales of Dragon Slayers,weapon,3,1,,,,2026-03-20,2026-03,False,False,True
main,887284572,60,9,Weapon Event,302,780,2026-03-22 22:17:34,raven_bow,Raven Bow,weapon,3,1,,,,2026-03-22,2026-03,False,False,True
main,887284572,60,9,Weapon Event,302,781,2026-03-22 22:17:42,cool_steel,Cool Steel,weapon,3,1,,,,2026-03-22,2026-03,False,False,True
main,887284572,60,9,Weapon Event,302,782,2026-03-24 04:03:16,raven_bow,Raven Bow,weapon,3,1,,,,2026-03-24,2026-03,False,False,True
main,887284572,60,9,Weapon Event,302,783,2026-03-24 04:03:24,favonius_codex,Favonius Codex,weapon,4,8,2.0,Guaranteed,,2026-03-24,2026-03,False,True,False
main,887284572,60,9,Weapon Event,302,784,2026-03-25 04:49:52,ferrous_shadow,Ferrous Shadow,weapon,3,1,,,,2026-03-25,2026-03,False,False,True
main,887284572,60,9,Weapon Event,302,785,2026-03-25 04:50:00,emerald_orb,Emerald Orb,weapon,3,1,,,,2026-03-25,2026-03,False,False,True
main,887284572,60,9,Weapon Event,302,786,2026-03-25 04:50:07,debate_club,Debate Club,weapon,3,1,,,,2026-03-25,2026-03,False,False,True
main,887284572,60,9,Weapon Event,302,787,2026-03-26 05:19:18,bloodtainted_greatsword,Bloodtainted Greatsword,weapon,3,1,,,,2026-03-26,2026-03,False,False,True
main,887284572,60,9,Weapon Event,302,788,2026-03-28 01:35:16,cool_steel,Cool Steel,weapon,3,1,,,,2026-03-28,2026-03,False,False,True
main,887284572,60,9,Weapon Event,302,789,2026-03-28 01:35:24,black_tassel,Black Tassel,weapon,3,1,,,,2026-03-28,2026-03,False,False,True
main,887284572,60,9,Weapon Event,302,790,2026-03-28 01:35:31,slingshot,Slingshot,weapon,3,1,,,,2026-03-28,2026-03,False,False,True
main,887284572,60,9,Weapon Event,302,791,2026-03-28 01:35:38,rust,Rust,weapon,4,8,1.0,Win,,2026-03-28,2026-03,False,True,False
main,887284572,60,9,Weapon Event,302,792,2026-03-28 01:35:55,skyrider_sword,Skyrider Sword,weapon,3,1,,,,2026-03-28,2026-03,False,False,True
main,887284572,60,9,Weapon Event,302,793,2026-03-28 04:51:00,symphonist_of_scents,Symphonist of Scents,weapon,5,33,1.0,Win,,2026-03-28,2026-03,True,False,False
main,887284572,60,9,Weapon Event,302,794,2026-04-28 18:52:00,sharpshooters_oath,Sharpshooter's Oath,weapon,3,1,,,,2026-04-28,2026-04,False,False,True
main,887284572,60,9,Weapon Event,302,795,2026-04-28 18:52:05,skyrider_sword,Skyrider Sword,weapon,3,1,,,,2026-04-28,2026-04,False,False,True
main,887284572,60,9,Weapon Event,302,796,2026-04-28 18:52:10,raven_bow,Raven Bow,weapon,3,1,,,,2026-04-28,2026-04,False,False,True
main,887284572,60,9,Weapon Event,302,797,2026-04-28 18:52:13,slingshot,Slingshot,weapon,3,1,,,,2026-04-28,2026-04,False,False,True
main,887284572,60,9,Weapon Event,302,798,2026-04-28 18:52:18,slingshot,Slingshot,weapon,3,1,,,,2026-04-28,2026-04,False,False,True
main,887284572,60,9,Weapon Event,302,799,2026-04-28 19:22:22,dawning_frost,Dawning Frost,weapon,4,8,1.0,Win,,2026-04-28,2026-04,False,True,False
main,887284572,60,9,Weapon Event,302,800,2026-04-28 19:22:39,raven_bow,Raven Bow,weapon,3,1,,,,2026-04-28,2026-04,False,False,True
main,887284572,60,9,Weapon Event,302,801,2026-04-28 19:38:13,slingshot,Slingshot,weapon,3,1,,,,2026-04-28,2026-04,False,False,True
main,887284572,60,9,Weapon Event,302,802,2026-04-29 05:35:34,harbinger_of_dawn,Harbinger of Dawn,weapon,3,1,,,,2026-04-29,2026-04,False,False,True
main,887284572,60,9,Weapon Event,302,803,2026-04-29 05:52:02,skyrider_sword,Skyrider Sword,weapon,3,1,,,,2026-04-29,2026-04,False,False,True
main,887284572,60,9,Weapon Event,302,804,2026-04-30 04:15:02,ferrous_shadow,Ferrous Shadow,weapon,3,1,,,,2026-04-30,2026-04,False,False,True
main,887284572,60,9,Weapon Event,302,805,2026-05-01 02:54:57,bloodtainted_greatsword,Bloodtainted Greatsword,weapon,3,1,,,,2026-05-01,2026-05,False,False,True
main,887284572,60,9,Weapon Event,302,806,2026-05-01 02:55:12,bloodtainted_greatsword,Bloodtainted Greatsword,weapon,3,1,,,,2026-05-01,2026-05,False,False,True
main,887284572,60,9,Weapon Event,302,807,2026-05-01 04:54:06,raven_bow,Raven Bow,weapon,3,1,,,,2026-05-01,2026-05,False,False,True
main,887284572,60,9,Weapon Event,302,808,2026-05-01 04:54:11,dawning_frost,Dawning Frost,weapon,4,9,1.0,Win,,2026-05-01,2026-05,False,True,False
main,887284572,60,9,Weapon Event,302,809,2026-05-01 04:54:18,harbinger_of_dawn,Harbinger of Dawn,weapon,3,1,,,,2026-05-01,2026-05,False,False,True
main,887284572,60,9,Weapon Event,302,810,2026-05-01 04:54:27,debate_club,Debate Club,weapon,3,1,,,,2026-05-01,2026-05,False,False,True
main,887284572,60,9,Weapon Event,302,811,2026-05-01 04:54:33,ferrous_shadow,Ferrous Shadow,weapon,3,1,,,,2026-05-01,2026-05,False,False,True
main,887284572,60,9,Weapon Event,302,812,2026-05-01 04:54:39,black_tassel,Black Tassel,weapon,3,1,,,,2026-05-01,2026-05,False,False,True
main,887284572,60,9,Weapon Event,302,813,2026-05-01 04:54:53,skyrider_sword,Skyrider Sword,weapon,3,1,,,,2026-05-01,2026-05,False,False,True
main,887284572,60,9,Weapon Event,302,814,2026-05-01 04:54:59,harbinger_of_dawn,Harbinger of Dawn,weapon,3,1,,,,2026-05-01,2026-05,False,False,True
main,887284572,60,9,Weapon Event,302,815,2026-05-01 05:31:02,slingshot,Slingshot,weapon,3,1,,,,2026-05-01,2026-05,False,False,True
main,887284572,60,9,Weapon Event,302,816,2026-05-01 09:41:09,black_tassel,Black Tassel,weapon,3,1,,,,2026-05-01,2026-05,False,False,True
main,887284572,60,9,Weapon Event,302,817,2026-05-02 03:58:04,dawning_frost,Dawning Frost,weapon,4,9,1.0,Win,,2026-05-02,2026-05,False,True,False
main,887284572,60,9,Weapon Event,302,818,2026-05-02 03:58:13,skyrider_sword,Skyrider Sword,weapon,3,1,,,,2026-05-02,2026-05,False,False,True
main,887284572,60,9,Weapon Event,302,819,2026-05-02 03:58:21,sharpshooters_oath,Sharpshooter's Oath,weapon,3,1,,,,2026-05-02,2026-05,False,False,True
main,887284572,60,9,Weapon Event,302,820,2026-05-02 03:58:28,bloodtainted_greatsword,Bloodtainted Greatsword,weapon,3,1,,,,2026-05-02,2026-05,False,False,True
main,887284572,60,9,Weapon Event,302,821,2026-05-02 03:58:36,sharpshooters_oath,Sharpshooter's Oath,weapon,3,1,,,,2026-05-02,2026-05,False,False,True
main,887284572,60,9,Weapon Event,302,822,2026-05-02 03:58:43,raven_bow,Raven Bow,weapon,3,1,,,,2026-05-02,2026-05,False,False,True
main,887284572,60,9,Weapon Event,302,823,2026-05-02 04:00:51,harbinger_of_dawn,Harbinger of Dawn,weapon,3,1,,,,2026-05-02,2026-05,False,False,True
main,887284572,60,9,Weapon Event,302,824,2026-05-03 04:57:31,debate_club,Debate Club,weapon,3,1,,,,2026-05-03,2026-05,False,False,True
main,887284572,60,9,Weapon Event,302,825,2026-05-04 04:51:54,rainslasher,Rainslasher,weapon,4,8,1.0,Win,,2026-05-04,2026-05,False,True,False
main,887284572,60,9,Weapon Event,302,826,2026-05-05 06:26:38,black_tassel,Black Tassel,weapon,3,1,,,,2026-05-05,2026-05,False,False,True
main,887284572,60,9,Weapon Event,302,827,2026-05-06 05:46:14,slingshot,Slingshot,weapon,3,1,,,,2026-05-06,2026-05,False,False,True
main,887284572,60,9,Weapon Event,302,828,2026-05-07 05:31:49,slingshot,Slingshot,weapon,3,1,,,,2026-05-07,2026-05,False,False,True
main,887284572,60,9,Weapon Event,302,829,2026-05-08 05:12:32,slingshot,Slingshot,weapon,3,1,,,,2026-05-08,2026-05,False,False,True
main,887284572,60,9,Weapon Event,302,830,2026-05-08 20:58:34,thrilling_tales_of_dragon_slayers,Thrilling Tales of Dragon Slayers,weapon,3,1,,,,2026-05-08,2026-05,False,False,True
main,887284572,60,9,Weapon Event,302,831,2026-05-08 20:58:43,harbinger_of_dawn,Harbinger of Dawn,weapon,3,1,,,,2026-05-08,2026-05,False,False,True
main,887284572,60,9,Weapon Event,302,832,2026-05-09 06:38:12,ferrous_shadow,Ferrous Shadow,weapon,3,1,,,,2026-05-09,2026-05,False,False,True
main,887284572,60,9,Weapon Event,302,833,2026-05-10 00:41:17,dawning_frost,Dawning Frost,weapon,4,8,1.0,Win,,2026-05-10,2026-05,False,True,False
main,887284572,60,9,Weapon Event,302,834,2026-05-10 00:41:29,harbinger_of_dawn,Harbinger of Dawn,weapon,3,1,,,,2026-05-10,2026-05,False,False,True
main,887284572,60,9,Weapon Event,302,835,2026-05-10 00:41:44,cool_steel,Cool Steel,weapon,3,1,,,,2026-05-10,2026-05,False,False,True
main,887284572,60,9,Weapon Event,302,836,2026-05-10 06:53:09,ferrous_shadow,Ferrous Shadow,weapon,3,1,,,,2026-05-10,2026-05,False,False,True
main,887284572,60,9,Weapon Event,302,837,2026-05-11 07:28:13,emerald_orb,Emerald Orb,weapon,3,1,,,,2026-05-11,2026-05,False,False,True
main,887284572,60,9,Weapon Event,302,838,2026-05-12 04:18:26,debate_club,Debate Club,weapon,3,1,,,,2026-05-12,2026-05,False,False,True
main,887284572,60,9,Weapon Event,302,839,2026-05-12 04:19:16,cool_steel,Cool Steel,weapon,3,1,,,,2026-05-12,2026-05,False,False,True
main,887284572,60,9,Weapon Event,302,840,2026-05-13 04:18:31,magic_guide,Magic Guide,weapon,3,1,,,,2026-05-13,2026-05,False,False,True
main,887284572,60,9,Weapon Event,302,841,2026-05-14 04:31:11,dawning_frost,Dawning Frost,weapon,4,8,1.0,Win,,2026-05-14,2026-05,False,True,False
main,887284572,60,9,Weapon Event,302,842,2026-05-15 05:03:14,bloodtainted_greatsword,Bloodtainted Greatsword,weapon,3,1,,,,2026-05-15,2026-05,False,False,True
main,887284572,60,9,Weapon Event,302,843,2026-05-16 04:56:19,harbinger_of_dawn,Harbinger of Dawn,weapon,3,1,,,,2026-05-16,2026-05,False,False,True
main,887284572,60,9,Weapon Event,302,844,2026-05-16 04:56:29,magic_guide,Magic Guide,weapon,3,1,,,,2026-05-16,2026-05,False,False,True
main,887284572,60,9,Weapon Event,302,845,2026-05-16 04:56:37,ferrous_shadow,Ferrous Shadow,weapon,3,1,,,,2026-05-16,2026-05,False,False,True
main,887284572,60,9,Weapon Event,302,846,2026-05-16 04:56:47,raven_bow,Raven Bow,weapon,3,1,,,,2026-05-16,2026-05,False,False,True
main,887284572,60,9,Weapon Event,302,847,2026-05-17 04:02:58,harbinger_of_dawn,Harbinger of Dawn,weapon,3,1,,,,2026-05-17,2026-05,False,False,True
main,887284572,60,9,Weapon Event,302,848,2026-05-17 22:03:28,sharpshooters_oath,Sharpshooter's Oath,weapon,3,1,,,,2026-05-17,2026-05,False,False,True
main,887284572,60,9,Weapon Event,302,849,2026-05-17 22:03:38,skyrider_sword,Skyrider Sword,weapon,3,1,,,,2026-05-17,2026-05,False,False,True
main,887284572,60,9,Weapon Event,302,850,2026-05-18 05:08:28,rainslasher,Rainslasher,weapon,4,9,1.0,Win,,2026-05-18,2026-05,False,True,False
main,887284572,60,9,Weapon Event,302,851,2026-05-18 05:08:44,bloodtainted_greatsword,Bloodtainted Greatsword,weapon,3,1,,,,2026-05-18,2026-05,False,False,True
main,887284572,60,9,Weapon Event,302,852,2026-05-19 13:11:29,slingshot,Slingshot,weapon,3,1,,,,2026-05-19,2026-05,False,False,True
main,887284572,60,9,Weapon Event,302,853,2026-05-27 04:54:03,skyrider_sword,Skyrider Sword,weapon,3,1,,,,2026-05-27,2026-05,False,False,True
main,887284572,60,9,Weapon Event,302,854,2026-05-27 04:54:11,raven_bow,Raven Bow,weapon,3,1,,,,2026-05-27,2026-05,False,False,True
main,887284572,60,9,Weapon Event,302,855,2026-05-27 14:10:58,harbinger_of_dawn,Harbinger of Dawn,weapon,3,1,,,,2026-05-27,2026-05,False,False,True
main,887284572,60,9,Weapon Event,302,856,2026-05-27 14:11:11,magic_guide,Magic Guide,weapon,3,1,,,,2026-05-27,2026-05,False,False,True
main,887284572,60,9,Weapon Event,302,857,2026-05-27 14:11:19,the_widsith,The Widsith,weapon,4,7,1.0,Win,,2026-05-27,2026-05,False,True,False
main,887284572,60,9,Weapon Event,302,858,2026-05-27 14:24:40,angelos_heptades,Angelos' Heptades,weapon,5,65,1.0,Win,,2026-05-27,2026-05,True,False,False
main,887284572,60,9,Weapon Event,302,859,2026-05-27 14:24:53,cool_steel,Cool Steel,weapon,3,1,,,,2026-05-27,2026-05,False,False,True
main,887284572,60,9,Weapon Event,302,860,2026-05-27 14:24:59,debate_club,Debate Club,weapon,3,1,,,,2026-05-27,2026-05,False,False,True
main,887284572,60,9,Weapon Event,302,861,2026-05-27 14:28:00,harbinger_of_dawn,Harbinger of Dawn,weapon,3,1,,,,2026-05-27,2026-05,False,False,True
main,887284572,60,9,Weapon Event,302,862,2026-05-27 14:28:06,cool_steel,Cool Steel,weapon,3,1,,,,2026-05-27,2026-05,False,False,True
main,887284572,60,9,Weapon Event,302,863,2026-05-28 05:24:05,thrilling_tales_of_dragon_slayers,Thrilling Tales of Dragon Slayers,weapon,3,1,,,,2026-05-28,2026-05,False,False,True
main,887284572,60,9,Weapon Event,302,864,2026-05-29 06:24:06,bloodtainted_greatsword,Bloodtainted Greatsword,weapon,3,1,,,,2026-05-29,2026-05,False,False,True
main,887284572,60,9,Weapon Event,302,865,2026-05-31 05:34:28,emerald_orb,Emerald Orb,weapon,3,1,,,,2026-05-31,2026-05,False,False,True
main,887284572,60,9,Weapon Event,302,866,2026-06-01 05:13:17,iansan,Iansan,character,4,9,0.0,Lose,,2026-06-01,2026-06,False,True,False
main,887284572,60,9,Weapon Event,302,867,2026-06-01 05:13:29,black_tassel,Black Tassel,weapon,3,1,,,,2026-06-01,2026-06,False,False,True
main,887284572,60,9,Weapon Event,302,868,2026-06-01 05:13:34,sharpshooters_oath,Sharpshooter's Oath,weapon,3,1,,,,2026-06-01,2026-06,False,False,True
main,887284572,60,9,Weapon Event,302,869,2026-06-01 05:13:40,moonweavers_dawn,Moonweaver's Dawn,weapon,4,3,2.0,Guaranteed,,2026-06-01,2026-06,False,True,False
main,887284572,60,9,Weapon Event,302,870,2026-06-01 05:13:48,athame_artis,Athame Artis,weapon,5,12,1.0,Win,,2026-06-01,2026-06,True,False,False
main,887284572,60,9,Weapon Event,302,871,2026-06-10 05:22:41,cool_steel,Cool Steel,weapon,3,1,,,,2026-06-10,2026-06,False,False,True
main,887284572,60,9,Weapon Event,302,872,2026-06-11 05:25:59,bloodtainted_greatsword,Bloodtainted Greatsword,weapon,3,1,,,,2026-06-11,2026-06,False,False,True
main,887284572,60,9,Weapon Event,302,873,2026-06-11 05:55:00,harbinger_of_dawn,Harbinger of Dawn,weapon,3,1,,,,2026-06-11,2026-06,False,False,True
main,887284572,60,9,Weapon Event,302,874,2026-06-11 05:55:08,debate_club,Debate Club,weapon,3,1,,,,2026-06-11,2026-06,False,False,True
main,887284572,60,9,Weapon Event,302,875,2026-06-12 06:08:33,magic_guide,Magic Guide,weapon,3,1,,,,2026-06-12,2026-06,False,False,True
main,887284572,60,9,Weapon Event,302,876,2026-06-12 06:08:40,ferrous_shadow,Ferrous Shadow,weapon,3,1,,,,2026-06-12,2026-06,False,False,True
main,887284572,60,9,Weapon Event,302,877,2026-06-13 07:17:24,favonius_lance,Favonius Lance,weapon,4,8,1.0,Win,,2026-06-13,2026-06,False,True,False
main,887284572,60,9,Weapon Event,302,878,2026-06-13 07:18:23,ferrous_shadow,Ferrous Shadow,weapon,3,1,,,,2026-06-13,2026-06,False,False,True
main,887284572,60,9,Weapon Event,302,879,2026-06-13 12:10:17,ferrous_shadow,Ferrous Shadow,weapon,3,1,,,,2026-06-13,2026-06,False,False,True
main,887284572,60,9,Weapon Event,302,880,2026-06-13 12:10:26,bloodtainted_greatsword,Bloodtainted Greatsword,weapon,3,1,,,,2026-06-13,2026-06,False,False,True
main,887284572,60,9,Weapon Event,302,881,2026-06-14 06:31:46,ferrous_shadow,Ferrous Shadow,weapon,3,1,,,,2026-06-14,2026-06,False,False,True
main,887284572,60,9,Weapon Event,302,882,2026-06-15 07:16:13,thrilling_tales_of_dragon_slayers,Thrilling Tales of Dragon Slayers,weapon,3,1,,,,2026-06-15,2026-06,False,False,True
main,887284572,60,9,Weapon Event,302,883,2026-06-16 06:25:35,debate_club,Debate Club,weapon,3,1,,,,2026-06-16,2026-06,False,False,True
main,887284572,60,9,Weapon Event,302,884,2026-06-16 06:25:43,thrilling_tales_of_dragon_slayers,Thrilling Tales of Dragon Slayers,weapon,3,1,,,,2026-06-16,2026-06,False,False,True
main,887284572,60,9,Weapon Event,302,885,2026-06-16 06:28:35,rainslasher,Rainslasher,weapon,4,8,1.0,Win,,2026-06-16,2026-06,False,True,False
main,887284572,60,9,Weapon Event,302,886,2026-06-16 06:50:04,harbinger_of_dawn,Harbinger of Dawn,weapon,3,1,,,,2026-06-16,2026-06,False,False,True
main,887284572,60,9,Weapon Event,302,887,2026-06-16 06:50:12,emerald_orb,Emerald Orb,weapon,3,1,,,,2026-06-16,2026-06,False,False,True
main,887284572,60,9,Weapon Event,302,888,2026-06-16 06:50:18,skyrider_sword,Skyrider Sword,weapon,3,1,,,,2026-06-16,2026-06,False,False,True
main,887284572,60,9,Weapon Event,302,889,2026-06-16 06:50:24,skyrider_sword,Skyrider Sword,weapon,3,1,,,,2026-06-16,2026-06,False,False,True
main,887284572,60,9,Weapon Event,302,890,2026-06-16 06:50:30,harbinger_of_dawn,Harbinger of Dawn,weapon,3,1,,,,2026-06-16,2026-06,False,False,True
main,887284572,60,9,Weapon Event,302,891,2026-06-17 13:50:25,raven_bow,Raven Bow,weapon,3,1,,,,2026-06-17,2026-06,False,False,True
main,887284572,60,9,Weapon Event,302,892,2026-06-18 04:39:51,slingshot,Slingshot,weapon,3,1,,,,2026-06-18,2026-06,False,False,True
main,887284572,60,9,Weapon Event,302,893,2026-06-18 20:58:21,bloodtainted_greatsword,Bloodtainted Greatsword,weapon,3,1,,,,2026-06-18,2026-06,False,False,True
main,887284572,60,9,Weapon Event,302,894,2026-06-18 20:58:30,wine_and_song,Wine and Song,weapon,4,9,1.0,Win,,2026-06-18,2026-06,False,True,False
main,887284572,60,9,Weapon Event,302,895,2026-06-19 08:50:02,emerald_orb,Emerald Orb,weapon,3,1,,,,2026-06-19,2026-06,False,False,True
main,887284572,60,9,Weapon Event,302,896,2026-06-20 07:30:00,raven_bow,Raven Bow,weapon,3,1,,,,2026-06-20,2026-06,False,False,True
main,887284572,60,9,Weapon Event,302,897,2026-06-20 11:15:47,harbinger_of_dawn,Harbinger of Dawn,weapon,3,1,,,,2026-06-20,2026-06,False,False,True
main,887284572,60,9,Weapon Event,302,898,2026-06-20 11:15:56,slingshot,Slingshot,weapon,3,1,,,,2026-06-20,2026-06,False,False,True
main,887284572,60,9,Weapon Event,302,899,2026-06-20 11:16:05,debate_club,Debate Club,weapon,3,1,,,,2026-06-20,2026-06,False,False,True
main,887284572,60,9,Weapon Event,302,900,2026-06-21 12:35:28,debate_club,Debate Club,weapon,3,1,,,,2026-06-21,2026-06,False,False,True
main,887284572,60,9,Weapon Event,302,901,2026-06-22 05:27:30,skyrider_sword,Skyrider Sword,weapon,3,1,,,,2026-06-22,2026-06,False,False,True
main,887284572,60,9,Weapon Event,302,902,2026-06-22 05:27:39,bennett,Bennett,character,4,8,0.0,Lose,,2026-06-22,2026-06,False,True,False
main,887284572,60,9,Weapon Event,302,903,2026-06-22 05:27:57,the_alley_flash,The Alley Flash,weapon,4,1,2.0,Guaranteed,,2026-06-22,2026-06,False,True,False
main,887284572,60,9,Weapon Event,302,904,2026-06-22 05:28:17,debate_club,Debate Club,weapon,3,1,,,,2026-06-22,2026-06,False,False,True
main,887284572,60,9,Weapon Event,302,905,2026-06-23 04:01:43,thrilling_tales_of_dragon_slayers,Thrilling Tales of Dragon Slayers,weapon,3,1,,,,2026-06-23,2026-06,False,False,True
main,887284572,60,9,Weapon Event,302,906,2026-06-24 04:16:07,sharpshooters_oath,Sharpshooter's Oath,weapon,3,1,,,,2026-06-24,2026-06,False,False,True
main,887284572,60,9,Weapon Event,302,907,2026-06-25 04:50:45,thrilling_tales_of_dragon_slayers,Thrilling Tales of Dragon Slayers,weapon,3,1,,,,2026-06-25,2026-06,False,False,True
main,887284572,60,9,Weapon Event,302,908,2026-06-26 04:12:56,raven_bow,Raven Bow,weapon,3,1,,,,2026-06-26,2026-06,False,False,True
main,887284572,60,9,Weapon Event,302,909,2026-06-26 07:27:43,skyrider_sword,Skyrider Sword,weapon,3,1,,,,2026-06-26,2026-06,False,False,True
main,887284572,60,9,Weapon Event,302,910,2026-06-26 07:27:52,emerald_orb,Emerald Orb,weapon,3,1,,,,2026-06-26,2026-06,False,False,True
main,887284572,60,9,Weapon Event,302,911,2026-06-27 04:49:24,rust,Rust,weapon,4,8,0.0,Lose,,2026-06-27,2026-06,False,True,False
main,887284572,60,9,Weapon Event,302,912,2026-06-28 04:50:49,debate_club,Debate Club,weapon,3,1,,,,2026-06-28,2026-06,False,False,True
main,887284572,60,9,Weapon Event,302,913,2026-06-30 04:17:05,cool_steel,Cool Steel,weapon,3,1,,,,2026-06-30,2026-06,False,False,True
main,887284572,60,9,Weapon Event,302,914,2026-07-04 14:14:43,skyrider_sword,Skyrider Sword,weapon,3,1,,,,2026-07-04,2026-07,False,False,True
main,887284572,60,9,Weapon Event,302,915,2026-07-05 02:12:24,emerald_orb,Emerald Orb,weapon,3,1,,,,2026-07-05,2026-07,False,False,True
main,887284572,60,9,Weapon Event,302,916,2026-07-06 23:42:15,ferrous_shadow,Ferrous Shadow,weapon,3,1,,,,2026-07-06,2026-07,False,False,True
main,887284572,60,9,Weapon Event,302,917,2026-07-06 23:42:22,dragons_bane,Dragon's Bane,weapon,4,6,2.0,Guaranteed,,2026-07-06,2026-07,False,True,False
main,887284572,60,9,Weapon Event,302,918,2026-07-06 23:42:32,raven_bow,Raven Bow,weapon,3,1,,,,2026-07-06,2026-07,False,False,True
main,887284572,60,9,Weapon Event,302,919,2026-07-06 23:42:37,sharpshooters_oath,Sharpshooter's Oath,weapon,3,1,,,,2026-07-06,2026-07,False,False,True
main,887284572,60,9,Weapon Event,302,920,2026-07-06 23:42:43,thrilling_tales_of_dragon_slayers,Thrilling Tales of Dragon Slayers,weapon,3,1,,,,2026-07-06,2026-07,False,False,True
main,887284572,60,9,Weapon Event,302,921,2026-07-06 23:42:49,cool_steel,Cool Steel,weapon,3,1,,,,2026-07-06,2026-07,False,False,True
main,887284572,60,9,Weapon Event,302,922,2026-07-06 23:42:55,slingshot,Slingshot,weapon,3,1,,,,2026-07-06,2026-07,False,False,True
main,887284572,60,9,Weapon Event,302,923,2026-07-06 23:43:10,slingshot,Slingshot,weapon,3,1,,,,2026-07-06,2026-07,False,False,True
main,887284572,60,9,Weapon Event,302,924,2026-07-07 01:07:09,slingshot,Slingshot,weapon,3,1,,,,2026-07-07,2026-07,False,False,True
main,887284572,60,9,Weapon Event,302,925,2026-07-07 02:48:03,sacrificial_fragments,Sacrificial Fragments,weapon,4,8,1.0,Win,,2026-07-07,2026-07,False,True,False
main,887284572,60,9,Weapon Event,302,926,2026-07-07 02:48:25,ferrous_shadow,Ferrous Shadow,weapon,3,1,,,,2026-07-07,2026-07,False,False,True
main,887284572,60,9,Weapon Event,302,927,2026-07-07 04:04:53,slingshot,Slingshot,weapon,3,1,,,,2026-07-07,2026-07,False,False,True
main,887284572,60,9,Weapon Event,302,928,2026-07-08 05:21:32,favonius_sword,Favonius Sword,weapon,4,3,1.0,Win,,2026-07-08,2026-07,False,True,False
main,887284572,60,9,Weapon Event,302,929,2026-07-08 11:33:55,emerald_orb,Emerald Orb,weapon,3,1,,,,2026-07-08,2026-07,False,False,True
main,887284572,60,9,Weapon Event,302,930,2026-07-08 11:34:02,ferrous_shadow,Ferrous Shadow,weapon,3,1,,,,2026-07-08,2026-07,False,False,True
main,887284572,60,9,Weapon Event,302,931,2026-07-10 05:16:08,thrilling_tales_of_dragon_slayers,Thrilling Tales of Dragon Slayers,weapon,3,1,,,,2026-07-10,2026-07,False,False,True
main,887284572,60,9,Weapon Event,302,932,2026-07-10 05:16:16,ferrous_shadow,Ferrous Shadow,weapon,3,1,,,,2026-07-10,2026-07,False,False,True
main,887284572,60,9,Weapon Event,302,933,2026-07-10 05:16:21,raven_bow,Raven Bow,weapon,3,1,,,,2026-07-10,2026-07,False,False,True
main,887284572,60,9,Weapon Event,302,934,2026-07-10 05:16:28,skyrider_sword,Skyrider Sword,weapon,3,1,,,,2026-07-10,2026-07,False,False,True
main,887284572,60,9,Weapon Event,302,935,2026-07-10 05:16:34,black_tassel,Black Tassel,weapon,3,1,,,,2026-07-10,2026-07,False,False,True
main,887284572,60,9,Weapon Event,302,936,2026-07-10 05:16:40,xinyan,Xinyan,character,4,8,0.0,Lose,,2026-07-10,2026-07,False,True,False
main,887284572,60,9,Weapon Event,302,937,2026-07-10 05:16:49,skyward_harp,Skyward Harp,weapon,5,67,0.0,Lose,,2026-07-10,2026-07,True,False,False
main,887284572,60,9,Weapon Event,302,938,2026-07-10 05:41:15,favonius_sword,Favonius Sword,weapon,4,2,2.0,Guaranteed,,2026-07-10,2026-07,False,True,False
main,887284572,60,9,Weapon Event,302,939,2026-07-10 05:41:21,cool_steel,Cool Steel,weapon,3,1,,,,2026-07-10,2026-07,False,False,True
main,887284572,60,9,Weapon Event,302,940,2026-07-10 05:41:34,bloodtainted_greatsword,Bloodtainted Greatsword,weapon,3,1,,,,2026-07-10,2026-07,False,False,True
main,887284572,60,9,Weapon Event,302,941,2026-07-10 12:58:23,emerald_orb,Emerald Orb,weapon,3,1,,,,2026-07-10,2026-07,False,False,True
main,887284572,60,9,Weapon Event,302,942,2026-07-10 12:58:31,cool_steel,Cool Steel,weapon,3,1,,,,2026-07-10,2026-07,False,False,True
main,887284572,60,9,Weapon Event,302,943,2026-07-10 13:56:06,ferrous_shadow,Ferrous Shadow,weapon,3,1,,,,2026-07-10,2026-07,False,False,True
main,887284572,60,9,Weapon Event,302,944,2026-07-10 13:56:14,bloodtainted_greatsword,Bloodtainted Greatsword,weapon,3,1,,,,2026-07-10,2026-07,False,False,True
main,887284572,60,9,Weapon Event,302,945,2026-07-10 13:56:20,sacrificial_fragments,Sacrificial Fragments,weapon,4,7,1.0,Win,,2026-07-10,2026-07,False,True,False
main,887284572,60,9,Weapon Event,302,946,2026-07-10 13:56:26,sharpshooters_oath,Sharpshooter's Oath,weapon,3,1,,,,2026-07-10,2026-07,False,False,True
main,887284572,60,9,Weapon Event,302,947,2026-07-10 14:34:56,black_tassel,Black Tassel,weapon,3,1,,,,2026-07-10,2026-07,False,False,True
main,887284572,60,9,Weapon Event,302,948,2026-07-13 19:52:35,ferrous_shadow,Ferrous Shadow,weapon,3,1,,,,2026-07-13,2026-07,False,False,True
main,887284572,60,9,Weapon Event,302,949,2026-07-13 19:52:43,black_tassel,Black Tassel,weapon,3,1,,,,2026-07-13,2026-07,False,False,True
main,887284572,60,9,Weapon Event,302,950,2026-07-13 19:52:49,bloodtainted_greatsword,Bloodtainted Greatsword,weapon,3,1,,,,2026-07-13,2026-07,False,False,True
main,887284572,60,9,Weapon Event,302,951,2026-07-14 07:27:16,harbinger_of_dawn,Harbinger of Dawn,weapon,3,1,,,,2026-07-14,2026-07,False,False,True
main,887284572,60,9,Weapon Event,302,952,2026-07-15 05:47:06,bloodtainted_greatsword,Bloodtainted Greatsword,weapon,3,1,,,,2026-07-15,2026-07,False,False,True
main,887284572,60,9,Weapon Event,302,953,2026-07-16 10:04:56,black_tassel,Black Tassel,weapon,3,1,,,,2026-07-16,2026-07,False,False,True
main,887284572,60,9,Weapon Event,302,954,2026-07-16 10:05:02,dragons_bane,Dragon's Bane,weapon,4,9,1.0,Win,,2026-07-16,2026-07,False,True,False
main,887284572,60,9,Weapon Event,302,955,2026-07-16 10:05:09,harbinger_of_dawn,Harbinger of Dawn,weapon,3,1,,,,2026-07-16,2026-07,False,False,True
main,887284572,60,9,Weapon Event,302,956,2026-07-16 10:05:13,raven_bow,Raven Bow,weapon,3,1,,,,2026-07-16,2026-07,False,False,True
main,887284572,60,9,Weapon Event,302,957,2026-07-16 10:05:18,magic_guide,Magic Guide,weapon,3,1,,,,2026-07-16,2026-07,False,False,True
main,887284572,60,9,Weapon Event,302,958,2026-07-16 10:27:23,slingshot,Slingshot,weapon,3,1,,,,2026-07-16,2026-07,False,False,True
main,887284572,60,9,Weapon Event,302,959,2026-07-16 10:27:28,skyrider_sword,Skyrider Sword,weapon,3,1,,,,2026-07-16,2026-07,False,False,True
main,887284572,60,9,Weapon Event,302,960,2026-07-19 05:35:56,cool_steel,Cool Steel,weapon,3,1,,,,2026-07-19,2026-07,False,False,True
main,887284572,60,9,Weapon Event,302,961,2026-07-19 05:36:00,harbinger_of_dawn,Harbinger of Dawn,weapon,3,1,,,,2026-07-19,2026-07,False,False,True
main,887284572,60,9,Weapon Event,302,962,2026-07-19 05:36:06,aino,Aino,character,4,8,0.0,Lose,,2026-07-19,2026-07,False,True,False
main,887284572,60,9,Weapon Event,302,963,2026-07-19 05:36:24,magic_guide,Magic Guide,weapon,3,1,,,,2026-07-19,2026-07,False,False,True
main,887284572,60,9,Weapon Event,302,964,2026-07-20 05:26:40,cool_steel,Cool Steel,weapon,3,1,,,,2026-07-20,2026-07,False,False,True
main,887284572,60,9,Weapon Event,302,965,2026-07-21 05:47:30,bloodtainted_greatsword,Bloodtainted Greatsword,weapon,3,1,,,,2026-07-21,2026-07,False,False,True
main,887284572,60,9,Weapon Event,302,966,2026-07-22 08:32:52,raven_bow,Raven Bow,weapon,3,1,,,,2026-07-22,2026-07,False,False,True
main,887284572,60,9,Weapon Event,302,967,2026-07-22 08:32:59,black_tassel,Black Tassel,weapon,3,1,,,,2026-07-22,2026-07,False,False,True
main,887284572,60,9,Weapon Event,302,968,2026-07-22 08:33:06,favonius_warbow,Favonius Warbow,weapon,4,6,2.0,Guaranteed,,2026-07-22,2026-07,False,True,False
main,887284572,60,9,Weapon Event,302,969,2026-07-22 08:33:14,slingshot,Slingshot,weapon,3,1,,,,2026-07-22,2026-07,False,False,True
main,887284572,60,9,Weapon Event,302,970,2026-07-24 09:16:13,cool_steel,Cool Steel,weapon,3,1,,,,2026-07-24,2026-07,False,False,True
main,887284572,60,9,Weapon Event,302,971,2026-07-24 09:16:21,bloodtainted_greatsword,Bloodtainted Greatsword,weapon,3,1,,,,2026-07-24,2026-07,False,False,True
main,887284572,60,9,Weapon Event,302,972,2026-07-25 06:25:34,ferrous_shadow,Ferrous Shadow,weapon,3,1,,,,2026-07-25,2026-07,False,False,True
main,887284572,60,9,Weapon Event,302,973,2026-07-26 07:06:32,skyrider_sword,Skyrider Sword,weapon,3,1,,,,2026-07-26,2026-07,False,False,True
main,887284572,60,9,Weapon Event,302,974,2026-07-28 21:44:36,black_tassel,Black Tassel,weapon,3,1,,,,2026-07-28,2026-07,False,False,True
main,887284572,60,9,Weapon Event,302,975,2026-07-29 05:40:40,magic_guide,Magic Guide,weapon,3,1,,,,2026-07-29,2026-07,False,False,True
main,887284572,60,9,Weapon Event,302,976,2026-07-29 05:40:48,the_stringless,The Stringless,weapon,4,8,0.0,Lose,,2026-07-29,2026-07,False,True,False
main,887284572,60,9,Weapon Event,302,977,2026-07-29 05:40:55,sharpshooters_oath,Sharpshooter's Oath,weapon,3,1,,,,2026-07-29,2026-07,False,False,True
main,887284572,60,9,Weapon Event,302,978,2026-07-29 05:41:02,harbinger_of_dawn,Harbinger of Dawn,weapon,3,1,,,,2026-07-29,2026-07,False,False,True
main,887284572,60,9,Weapon Event,302,979,2026-10-01 01:14:49,harbinger_of_dawn,Harbinger of Dawn,weapon,3,1,,,,2026-10-01,2026-10,False,False,True
main,887284572,60,9,Weapon Event,302,980,2026-10-01 01:14:57,sharpshooters_oath,Sharpshooter's Oath,weapon,3,1,,,,2026-10-01,2026-10,False,False,True
main,887284572,60,9,Weapon Event,302,981,2026-10-01 01:15:07,skyrider_sword,Skyrider Sword,weapon,3,1,,,,2026-10-01,2026-10,False,False,True
main,887284572,60,9,Weapon Event,302,982,2026-10-01 06:56:57,bloodtainted_greatsword,Bloodtainted Greatsword,weapon,3,1,,,,2026-10-01,2026-10,False,False,True
main,887284572,60,9,Weapon Event,302,983,2026-10-01 13:34:18,cool_steel,Cool Steel,weapon,3,1,,,,2026-10-01,2026-10,False,False,True
